Player,Pos,Age,Tm,G,MP,FG,FGA,FG%,3P,3PA,3P%,2P,2PA,2P%,eFG%,FT,FTA,FT%,ORB,DRB,TRB,AST,STL,BLK,TOV,PF,PTS,PER,TS%,3PAr,FTr,ORB%,DRB%,TRB%,AST%,STL%,BLK%,TOV%,USG%,OWS,DWS,WS,WS/48,OBPM,DBPM,BPM,VORP,First,Share,Status,Season
Kareem Abdul-Jabbar,C,33,LAL,80,2976,836,1457,0.574,0,1,0.0,836,1456,0.574,0.574,423,552,0.766,197,624,821,272,59,228,249,244,2095,25.5,0.616,0.001,0.379,7.6,21.5,15.0,13.6,0.9,4.0,12.8,26.3,9.6,4.6,14.3,0.23,4.7,1.4,6.1,6.1,8,0.414,Candidate,1981
Tom Abernethy,SF,26,IND,39,298,25,59,0.424,0,1,0.0,25,58,0.431,0.424,13,22,0.591,20,28,48,19,7,3,8,34,63,8.0,0.459,0.017,0.373,7.1,10.6,8.8,8.0,1.1,0.6,10.4,10.3,0.2,0.2,0.4,0.062,-2.2,-0.4,-2.6,0.0,0,0.0,OOR,1981
Alvan Adams,C,26,PHO,75,2054,458,870,0.526,0,0,0.0,458,870,0.526,0.526,199,259,0.768,157,389,546,344,106,69,226,226,1115,20.3,0.567,0.0,0.298,8.6,20.5,14.7,24.5,2.4,1.9,18.7,23.0,3.3,4.5,7.7,0.18,2.5,2.6,5.1,3.7,0,0.0,OOR,1981
Darrell Allums,PF,22,DAL,22,276,23,67,0.343,0,1,0.0,23,66,0.348,0.343,13,22,0.591,19,46,65,25,5,8,23,51,59,5.3,0.385,0.015,0.328,7.6,19.7,13.4,12.5,0.9,1.7,23.1,15.1,-0.5,0.2,-0.3,-0.054,-5.5,-0.1,-5.6,-0.3,0,0.0,OOR,1981
Tiny Archibald,PG,32,BOS,80,2820,382,766,0.499,0,9,0.0,382,757,0.505,0.499,342,419,0.816,36,140,176,618,75,18,265,201,1106,14.3,0.582,0.012,0.547,1.5,5.4,3.6,28.5,1.3,0.4,21.8,17.5,4.6,2.3,6.9,0.118,0.9,-1.0,-0.1,1.4,0,0.046,Candidate,1981
Dennis Awtrey,C,32,SEA,47,607,44,93,0.473,0,0,0.0,44,93,0.473,0.473,14,20,0.7,33,75,108,54,12,8,33,85,102,6.7,0.501,0.0,0.215,6.1,13.3,9.8,11.5,0.9,0.7,24.5,9.0,0.0,0.6,0.6,0.047,-3.2,0.7,-2.5,-0.1,0,0.0,OOR,1981
James Bailey,PF,23,SEA,82,2539,444,889,0.499,1,2,0.5,443,887,0.499,0.5,256,361,0.709,192,415,607,98,74,143,219,332,1145,14.5,0.546,0.002,0.406,8.5,17.6,13.1,5.8,1.4,3.1,17.3,20.3,1.4,3.6,4.9,0.094,-1.7,0.6,-1.1,0.6,0,0.0,OOR,1981
Greg Ballard,SF,26,WSB,82,2610,549,1186,0.463,7,32,0.219,542,1154,0.47,0.466,166,196,0.847,167,413,580,195,118,39,117,194,1271,16.7,0.5,0.027,0.165,6.7,16.8,11.7,10.9,2.1,0.8,8.4,21.4,2.8,4.1,6.9,0.127,0.8,1.4,2.2,2.8,0,0.0,OOR,1981
Mike Bantom,SF,29,IND,76,2375,431,882,0.489,0,6,0.0,431,876,0.492,0.489,199,281,0.708,150,277,427,240,80,85,197,284,1061,14.5,0.528,0.007,0.319,6.7,13.1,9.8,14.4,1.6,2.0,16.4,20.3,1.8,2.5,4.4,0.088,-0.2,0.1,-0.1,1.2,0,0.0,OOR,1981
Billy Ray Bates,SG,24,POR,77,1560,439,902,0.487,14,54,0.259,425,848,0.501,0.494,170,199,0.854,71,86,157,196,82,6,149,120,1062,19.3,0.537,0.06,0.221,4.9,6.0,5.5,19.0,2.4,0.2,13.1,28.9,2.4,1.2,3.6,0.111,2.3,-0.9,1.3,1.3,0,0.0,OOR,1981
Mel Bennett,PF,26,UTA,28,313,26,60,0.433,0,2,0.0,26,58,0.448,0.433,53,81,0.654,33,60,93,15,3,11,31,56,105,10.7,0.549,0.033,1.35,12.2,21.7,17.0,6.3,0.5,2.0,24.5,17.4,0.1,0.2,0.3,0.045,-3.7,-1.2,-5.0,-0.3,0,0.0,OOR,1981
Kent Benson,C,26,DET,59,1956,364,770,0.473,0,4,0.0,364,766,0.475,0.473,196,254,0.772,124,276,400,172,72,67,190,184,924,15.1,0.524,0.005,0.33,7.0,17.4,11.9,13.9,1.7,2.0,17.7,22.2,0.6,2.5,3.1,0.075,-0.3,0.4,0.1,1.0,0,0.0,OOR,1981
Henry Bibby,PG,31,SDC,73,1112,118,306,0.386,32,95,0.337,86,211,0.408,0.438,67,98,0.684,25,49,74,200,47,2,76,85,335,10.6,0.48,0.31,0.32,2.5,5.4,3.9,23.2,2.0,0.1,17.9,15.6,0.5,0.5,1.0,0.043,-1.0,-0.9,-1.9,0.0,0,0.0,OOR,1981
Larry Bird,PF,24,BOS,82,3239,719,1503,0.478,20,74,0.27,699,1429,0.489,0.485,283,328,0.863,191,704,895,451,161,63,289,239,1741,19.9,0.528,0.049,0.218,7.0,23.8,15.7,20.4,2.4,1.1,14.9,24.3,4.7,6.1,10.8,0.16,2.5,1.8,4.3,5.2,20,0.613,Candidate,1981
Otis Birdsong,SG,25,KCK,71,2593,710,1306,0.544,10,35,0.286,700,1271,0.551,0.547,317,455,0.697,119,139,258,233,93,18,173,172,1747,20.3,0.58,0.027,0.348,5.1,5.9,5.5,14.3,1.7,0.4,10.3,26.8,6.2,2.0,8.2,0.152,3.3,-0.8,2.4,2.9,0,0.01,Candidate,1981
Norman Black,SG,23,DET,3,28,3,10,0.3,0,0,0.0,3,10,0.3,0.3,2,8,0.25,0,2,2,2,1,0,1,2,8,1.9,0.296,0.0,0.8,0.0,8.8,4.2,10.0,1.7,0.0,6.9,21.0,-0.1,0.0,-0.1,-0.133,-4.7,-0.3,-5.0,-0.1,0,0.0,OOR,1981
Ron Boone,SG,34,UTA,52,1146,160,371,0.431,11,39,0.282,149,332,0.449,0.446,75,94,0.798,17,67,84,161,33,8,111,126,406,9.0,0.492,0.105,0.253,1.7,6.6,4.2,19.9,1.4,0.4,21.2,19.7,-0.8,0.2,-0.6,-0.025,-3.2,-2.1,-5.2,-0.9,0,0.0,OOR,1981
Winford Boynes,SG,23,DAL,44,757,121,313,0.387,0,0,0.0,121,313,0.387,0.387,45,55,0.818,24,51,75,37,23,16,69,79,287,6.1,0.426,0.0,0.176,3.5,8.0,5.6,7.5,1.5,1.2,17.0,22.4,-1.6,0.2,-1.4,-0.091,-5.3,-2.0,-7.3,-1.0,0,0.0,OOR,1981
Dudley Bradley,SG,23,IND,82,1867,265,559,0.474,2,16,0.125,263,543,0.484,0.476,125,178,0.702,70,123,193,188,186,37,122,236,657,13.7,0.515,0.029,0.318,4.0,7.4,5.6,13.6,4.7,1.1,16.1,16.3,1.0,2.9,3.9,0.1,-1.8,3.4,1.6,1.7,0,0.0,OOR,1981
Mike Bratz,PG,25,CLE,80,2595,319,817,0.39,57,169,0.337,262,648,0.404,0.425,107,132,0.811,66,132,198,452,136,17,162,194,802,11.5,0.458,0.207,0.162,2.7,5.9,4.2,22.4,2.5,0.4,15.6,16.1,0.7,1.4,2.1,0.038,-1.2,0.0,-1.2,0.5,0,0.0,OOR,1981
Jim Brewer,PF,29,LAL,78,1107,101,197,0.513,0,2,0.0,101,195,0.518,0.513,15,40,0.375,127,154,281,55,43,58,48,158,217,10.6,0.506,0.01,0.203,13.2,14.2,13.8,5.8,1.8,2.8,18.3,9.5,0.7,1.5,2.2,0.097,-1.6,1.1,-0.5,0.4,0,0.0,OOR,1981
Ron Brewer,SG,25,SAS,75,1452,275,631,0.436,1,7,0.143,274,624,0.439,0.437,91,114,0.798,34,52,86,148,61,34,92,95,642,12.0,0.471,0.011,0.181,2.6,3.8,3.2,14.0,2.0,1.3,11.9,21.1,0.4,1.0,1.4,0.046,-1.4,-0.8,-2.2,-0.1,0,0.0,OOR,1981
Junior Bridgeman,SF,27,MIL,77,2215,537,1102,0.487,3,21,0.143,534,1081,0.494,0.489,213,241,0.884,78,211,289,234,88,28,150,182,1290,17.1,0.534,0.019,0.219,4.0,10.2,7.2,15.1,1.8,0.7,11.0,24.0,3.9,2.8,6.7,0.146,1.3,-0.2,1.1,1.7,0,0.0,OOR,1981
Allan Bristow,SF,29,UTA,82,2001,271,611,0.444,5,18,0.278,266,593,0.449,0.448,166,198,0.838,103,327,430,383,63,3,171,190,713,14.9,0.511,0.029,0.324,6.0,18.5,12.3,27.0,1.5,0.1,19.7,18.7,1.4,1.3,2.7,0.065,0.3,-0.5,-0.2,0.9,0,0.0,OOR,1981
Dave Britton,PG,22,WSB,2,9,2,3,0.667,0,0,0.0,2,3,0.667,0.667,0,0,0.0,0,2,2,3,1,0,2,2,4,18.0,0.667,0.0,0.0,0.0,23.5,11.7,49.4,5.2,0.0,40.0,22.3,0.0,0.0,0.0,0.093,-4.4,0.4,-4.0,0.0,0,0.0,OOR,1981
Michael Brooks,SF,22,SDC,82,2479,488,1018,0.479,0,6,0.0,488,1012,0.482,0.479,226,320,0.706,210,232,442,208,99,31,163,234,1202,15.8,0.519,0.006,0.314,9.4,11.4,10.4,12.3,1.9,0.7,12.3,21.7,3.2,1.7,4.9,0.095,0.9,-0.9,0.0,1.2,0,0.0,OOR,1981
Fred Brown,SG,32,SEA,78,1986,505,1035,0.488,23,64,0.359,482,971,0.496,0.499,173,208,0.832,53,122,175,233,88,13,131,141,1206,18.3,0.535,0.062,0.201,3.0,6.6,4.8,19.9,2.1,0.4,10.4,25.8,3.5,1.8,5.2,0.127,2.1,-0.1,2.0,2.0,0,0.0,OOR,1981
Lewis Brown,C,25,WSB,2,5,0,3,0.0,0,0,0.0,0,3,0.0,0.0,2,5,0.4,1,1,2,0,0,0,1,2,2,-18.6,0.192,0.0,1.667,20.9,21.2,21.0,0.0,0.0,0.0,16.1,49.8,-0.1,0.0,-0.1,-0.667,-5.3,-0.4,-5.7,0.0,0,0.0,OOR,1981
Rickey Brown,C,22,GSW,45,580,83,162,0.512,0,0,0.0,83,162,0.512,0.512,16,21,0.762,52,114,166,21,9,14,31,103,182,10.9,0.531,0.0,0.13,9.8,22.1,15.9,4.8,0.7,1.4,15.3,13.8,0.5,0.4,0.9,0.075,-2.2,-0.6,-2.9,-0.1,0,0.0,OOR,1981
Joe Bryant,PF,26,SDC,82,2359,379,791,0.479,2,15,0.133,377,776,0.486,0.48,193,244,0.791,146,294,440,189,72,34,176,264,953,12.8,0.53,0.019,0.308,6.9,15.2,10.9,11.1,1.5,0.8,16.4,18.6,1.7,1.7,3.4,0.069,-1.1,-0.6,-1.7,0.2,0,0.0,OOR,1981
Quinn Buckner,PG,26,MIL,82,2384,471,956,0.493,1,6,0.167,470,950,0.495,0.493,149,203,0.734,88,210,298,384,197,3,236,271,1092,15.1,0.522,0.006,0.212,4.2,9.5,6.9,21.6,3.8,0.1,18.4,21.1,1.4,4.0,5.4,0.108,-0.9,1.7,0.8,1.7,0,0.001,Candidate,1981
Tom Burleson,C,28,ATL,31,363,41,99,0.414,0,0,0.0,41,99,0.414,0.414,20,41,0.488,44,50,94,12,8,19,24,73,102,8.5,0.436,0.0,0.414,13.7,16.0,14.9,4.6,1.1,3.1,17.0,16.1,-0.2,0.3,0.2,0.021,-4.4,-0.6,-4.9,-0.3,0,0.0,OOR,1981
Don Buse,SG,30,IND,58,1095,114,287,0.397,19,58,0.328,95,229,0.415,0.43,50,65,0.769,19,65,84,140,74,8,38,61,297,11.7,0.471,0.202,0.226,1.8,6.7,4.2,16.4,3.2,0.4,10.7,12.9,0.9,1.2,2.0,0.089,-1.2,1.7,0.5,0.7,0,0.0,OOR,1981
Marty Byrnes,SF,24,DAL,72,1360,216,451,0.479,9,20,0.45,207,431,0.48,0.489,120,157,0.764,74,103,177,113,29,17,61,126,561,13.6,0.539,0.044,0.348,6.0,8.9,7.4,12.8,1.0,0.7,10.5,17.9,2.1,0.2,2.3,0.081,0.6,-1.2,-0.6,0.5,0,0.0,OOR,1981
Mack Calvin,PG,33,CLE,21,128,13,39,0.333,1,5,0.2,12,34,0.353,0.346,25,35,0.714,2,10,12,28,5,0,17,13,52,11.0,0.478,0.128,0.897,1.6,9.1,5.2,27.4,1.9,0.0,23.8,22.4,-0.1,0.1,0.0,-0.01,-3.2,-1.0,-4.1,-0.1,0,0.0,OOR,1981
Austin Carr,SG,32,WSB,47,657,87,234,0.372,0,7,0.0,87,227,0.383,0.372,34,54,0.63,22,39,61,58,15,2,41,53,208,6.2,0.403,0.03,0.231,3.5,6.4,4.9,11.7,1.1,0.2,13.7,18.4,-0.9,0.5,-0.4,-0.029,-4.3,-0.4,-4.7,-0.6,0,0.0,OOR,1981
Kenny Carr,PF,25,CLE,81,2615,469,918,0.511,0,4,0.0,469,914,0.513,0.511,292,409,0.714,260,575,835,192,76,42,231,296,1230,17.0,0.56,0.004,0.446,10.5,25.6,17.6,10.2,1.4,0.9,17.4,20.4,3.3,2.6,5.8,0.107,0.4,-0.4,0.0,1.3,0,0.0,OOR,1981
M.L. Carr,SF,30,BOS,41,655,97,216,0.449,1,14,0.071,96,202,0.475,0.451,53,67,0.791,26,57,83,56,30,18,47,74,248,11.6,0.505,0.065,0.31,4.7,9.5,7.2,11.3,2.2,1.5,16.1,18.2,0.2,0.9,1.1,0.082,-1.6,1.2,-0.4,0.3,0,0.0,OOR,1981
Joe Barry Carroll,C,22,GSW,82,2919,616,1254,0.491,0,2,0.0,616,1252,0.492,0.491,315,440,0.716,274,485,759,117,50,121,243,313,1547,16.4,0.534,0.002,0.351,10.3,18.7,14.4,5.8,0.8,2.3,14.4,23.0,3.7,2.0,5.7,0.094,0.0,-1.3,-1.3,0.5,0,0.0,OOR,1981
Butch Carter,SF,22,LAL,54,672,114,247,0.462,3,10,0.3,111,237,0.468,0.468,70,95,0.737,34,31,65,52,23,1,50,99,301,10.7,0.521,0.04,0.385,5.8,4.7,5.2,9.9,1.6,0.1,14.8,20.2,0.5,0.5,0.9,0.067,-2.8,-1.3,-4.1,-0.4,0,0.0,OOR,1981
Reggie Carter,SG,23,NYK,60,536,59,179,0.33,0,3,0.0,59,176,0.335,0.33,51,69,0.739,30,39,69,76,22,2,38,68,169,8.8,0.404,0.017,0.385,6.2,8.6,7.4,18.3,2.0,0.2,15.4,18.7,-0.4,0.5,0.1,0.01,-3.3,-0.3,-3.7,-0.2,0,0.0,OOR,1981
Bill Cartwright,C,23,NYK,82,2925,619,1118,0.554,0,1,0.0,619,1117,0.554,0.554,408,518,0.788,161,452,613,111,48,83,200,259,1646,18.4,0.611,0.001,0.463,6.1,18.3,12.0,5.6,0.8,1.6,12.9,21.5,6.9,3.1,10.0,0.164,1.6,-0.5,1.1,2.3,0,0.0,OOR,1981
Harvey Catchings,PF,29,MIL,77,1635,134,300,0.447,0,0,0.0,134,300,0.447,0.447,59,92,0.641,154,319,473,99,33,184,105,284,327,10.4,0.48,0.0,0.307,10.7,21.0,16.0,7.0,0.9,6.3,23.6,10.7,0.0,3.2,3.1,0.092,-3.0,2.9,-0.1,0.8,0,0.0,OOR,1981
Maurice Cheeks,PG,24,PHI,81,2415,310,581,0.534,3,8,0.375,307,573,0.536,0.536,140,178,0.787,67,178,245,560,193,39,174,231,763,16.4,0.579,0.014,0.306,3.3,7.5,5.5,29.5,3.7,0.9,20.9,13.9,4.0,4.5,8.5,0.169,0.9,3.1,4.0,3.7,0,0.0,OOR,1981
Phil Chenier,SG,30,GSW,9,82,11,33,0.333,1,3,0.333,10,30,0.333,0.348,6,6,1.0,1,7,8,7,0,0,4,10,29,5.6,0.407,0.091,0.182,1.3,9.6,5.4,11.1,0.0,0.0,10.1,19.2,0.0,0.0,0.0,-0.016,-4.1,-1.1,-5.2,-0.1,0,0.0,OOR,1981
Jim Chones,PF,31,LAL,82,2562,378,751,0.503,0,4,0.0,378,747,0.506,0.503,126,193,0.653,180,477,657,153,39,96,159,324,882,11.8,0.528,0.005,0.257,8.1,19.1,13.9,7.4,0.7,2.0,16.0,15.6,1.5,3.2,4.7,0.088,-2.0,-0.1,-2.1,-0.1,0,0.0,OOR,1981
Art Collins,SG,26,ATL,29,395,35,99,0.354,0,2,0.0,35,97,0.361,0.354,24,36,0.667,19,22,41,25,11,1,32,35,94,4.3,0.409,0.02,0.364,5.4,6.5,6.0,8.6,1.3,0.2,21.8,15.4,-0.6,0.2,-0.4,-0.054,-4.4,-1.4,-5.8,-0.4,0,0.0,OOR,1981
Don Collins,SF,22,ATL,81,1845,360,811,0.444,0,6,0.0,360,805,0.447,0.444,211,272,0.776,129,139,268,190,104,25,174,259,931,14.5,0.5,0.007,0.335,7.8,8.5,8.1,15.7,2.7,0.8,15.8,24.6,0.6,2.0,2.6,0.068,-0.9,0.5,-0.5,0.7,0,0.0,OOR,1981
Doug Collins,SG,29,PHI,12,329,62,126,0.492,0,0,0.0,62,126,0.492,0.492,24,29,0.828,6,23,29,42,7,4,22,23,148,13.1,0.533,0.0,0.23,2.1,7.1,4.8,17.6,1.0,0.7,13.7,19.7,0.3,0.4,0.7,0.105,-0.6,-0.3,-0.9,0.1,0,0.0,OOR,1981
Darwin Cook,SG,22,NJN,81,1980,383,819,0.468,6,25,0.24,377,794,0.475,0.471,132,180,0.733,96,140,236,297,141,36,176,197,904,15.0,0.503,0.031,0.22,5.3,8.2,6.7,21.9,3.2,1.0,16.4,21.4,0.6,2.1,2.7,0.065,-0.2,1.1,0.9,1.4,0,0.0,OOR,1981
Jeff Cook,SF,24,PHO,79,2192,286,616,0.464,0,5,0.0,286,611,0.468,0.464,100,155,0.645,170,297,467,201,82,54,146,236,672,11.2,0.491,0.008,0.252,8.7,14.7,11.7,11.8,1.7,1.4,17.6,14.8,0.6,3.8,4.5,0.098,-1.5,1.2,-0.3,1.0,0,0.0,OOR,1981
Michael Cooper,SG,24,LAL,81,2625,321,654,0.491,4,19,0.211,317,635,0.499,0.494,117,149,0.785,121,215,336,332,133,78,164,249,763,12.2,0.53,0.029,0.228,5.3,8.4,6.9,15.2,2.4,1.6,18.6,13.5,2.0,3.0,5.0,0.092,-0.6,1.5,0.9,1.9,0,0.004,Candidate,1981
Wayne Cooper,C,24,UTA,71,1420,213,471,0.452,1,3,0.333,212,468,0.453,0.453,62,90,0.689,166,274,440,52,18,51,77,219,489,12.2,0.479,0.006,0.191,13.6,21.9,17.8,5.3,0.6,2.1,13.1,17.8,0.5,1.0,1.5,0.051,-2.5,-2.0,-4.5,-0.9,0,0.0,OOR,1981
Dave Corzine,C,24,SAS,82,1960,366,747,0.49,0,3,0.0,366,744,0.492,0.49,125,175,0.714,228,408,636,117,42,99,131,212,857,16.5,0.52,0.004,0.234,13.2,21.7,17.7,8.4,1.0,2.7,13.7,19.3,2.6,2.5,5.1,0.125,0.3,-0.7,-0.4,0.8,0,0.0,OOR,1981
Charlie Criss,PG,32,ATL,66,1708,220,485,0.454,1,21,0.048,219,464,0.472,0.455,185,214,0.864,26,74,100,283,61,3,134,87,626,13.0,0.54,0.043,0.441,1.7,5.0,3.4,23.8,1.7,0.1,18.8,17.3,1.8,0.7,2.5,0.07,0.1,-1.2,-1.2,0.4,0,0.0,OOR,1981
Geoff Crompton,C,25,POR,6,33,4,8,0.5,0,0,0.0,4,8,0.5,0.5,1,5,0.2,7,11,18,2,0,2,5,4,9,11.0,0.441,0.0,0.625,23.0,36.4,29.7,7.4,0.0,3.3,32.9,18.3,-0.1,0.1,0.0,-0.029,-4.1,-0.4,-4.4,0.0,0,0.0,OOR,1981
Pat Cummings,C,24,MIL,74,1084,248,460,0.539,0,2,0.0,248,458,0.541,0.539,99,140,0.707,97,195,292,62,31,19,114,192,595,15.2,0.57,0.004,0.304,10.2,19.4,14.9,8.0,1.3,1.0,17.9,23.0,1.0,1.7,2.7,0.121,-1.4,-0.6,-2.0,0.0,0,0.0,OOR,1981
Earl Cureton,C,23,PHI,52,528,93,205,0.454,0,1,0.0,93,204,0.456,0.454,33,64,0.516,51,104,155,25,20,23,29,68,219,13.8,0.47,0.005,0.312,11.4,20.0,16.0,6.4,1.8,2.4,11.1,20.0,0.1,1.1,1.2,0.109,-1.9,0.4,-1.5,0.1,0,0.0,OOR,1981
Bob Dandridge,SF,33,WSB,23,545,101,237,0.426,0,1,0.0,101,236,0.428,0.426,28,39,0.718,19,64,83,60,16,9,33,54,230,11.6,0.452,0.004,0.165,3.6,12.4,8.0,15.5,1.4,0.9,11.5,21.2,-0.2,0.7,0.5,0.044,-2.2,0.8,-1.4,0.1,0,0.0,OOR,1981
Adrian Dantley,SF,25,UTA,80,3417,909,1627,0.559,2,7,0.286,907,1620,0.56,0.559,632,784,0.806,192,317,509,322,109,18,282,245,2452,24.3,0.622,0.004,0.482,6.5,10.5,8.5,16.3,1.6,0.3,12.5,28.4,12.3,1.3,13.6,0.191,5.7,-1.4,4.3,5.4,1,0.022,Candidate,1981
Brad Davis,PG,25,DAL,56,1686,230,410,0.561,3,17,0.176,227,393,0.578,0.565,163,204,0.799,29,122,151,385,52,11,123,156,626,16.4,0.626,0.041,0.498,1.9,8.5,5.1,33.9,1.5,0.4,19.8,15.4,3.8,0.4,4.2,0.119,1.4,-0.9,0.5,1.1,0,0.0,OOR,1981
Johnny Davis,PG,25,IND,76,2536,426,917,0.465,4,33,0.121,422,884,0.477,0.467,238,299,0.796,56,114,170,480,95,14,167,179,1094,15.2,0.522,0.036,0.326,2.3,5.0,3.7,26.4,1.8,0.3,13.7,19.2,4.1,1.6,5.7,0.107,0.7,-1.0,-0.3,1.1,0,0.0,OOR,1981
Monti Davis,PF,22,PHI,2,10,1,5,0.2,0,0,0.0,1,5,0.2,0.2,1,5,0.2,2,2,4,0,0,1,0,0,3,4.5,0.208,0.0,1.0,21.9,22.0,22.5,0.0,0.0,5.7,0.0,30.0,-0.1,0.0,-0.1,-0.311,-4.7,-0.4,-5.1,0.0,0,0.0,OOR,1981
Ron Davis,SF,26,SDC,64,817,139,314,0.443,2,8,0.25,137,306,0.448,0.446,94,158,0.595,47,72,119,47,36,11,61,98,374,11.8,0.488,0.025,0.503,6.4,10.7,8.5,8.1,2.1,0.8,13.7,22.2,0.0,0.6,0.6,0.035,-2.2,-1.0,-3.2,-0.3,0,0.0,OOR,1981
Walter Davis,SG,26,PHO,78,2182,593,1101,0.539,7,17,0.412,586,1084,0.541,0.542,209,250,0.836,63,137,200,302,97,12,222,192,1402,18.4,0.579,0.015,0.227,3.2,6.8,5.1,21.8,2.0,0.3,15.5,25.6,4.0,3.2,7.1,0.157,1.8,0.1,1.9,2.1,0,0.004,Candidate,1981
Darryl Dawkins,C,24,PHI,76,2088,423,697,0.607,0,0,0.0,423,697,0.607,0.607,219,304,0.72,106,439,545,109,38,112,220,316,1065,15.9,0.641,0.0,0.436,6.0,21.4,14.2,7.3,0.8,3.0,20.9,20.3,2.2,4.1,6.3,0.145,-1.3,1.3,0.1,1.1,0,0.0,OOR,1981
Larry Demic,PF,23,NYK,76,964,128,254,0.504,0,2,0.0,128,252,0.508,0.504,58,92,0.63,114,129,243,28,12,13,58,153,314,10.4,0.533,0.008,0.362,13.0,15.8,14.4,3.9,0.6,0.8,16.5,14.8,0.8,0.8,1.6,0.081,-2.5,-1.5,-4.0,-0.5,0,0.0,OOR,1981
Coby Dietrick,C,32,CHI,82,1243,146,320,0.456,2,6,0.333,144,314,0.459,0.459,77,111,0.694,79,186,265,118,48,53,88,176,371,11.8,0.503,0.019,0.347,7.6,16.4,12.1,12.6,1.8,2.4,19.3,15.0,0.5,1.5,2.1,0.08,-1.3,1.5,0.2,0.7,0,0.0,OOR,1981
James Donaldson,C,23,SEA,68,980,129,238,0.542,0,0,0.0,129,238,0.542,0.542,101,170,0.594,107,202,309,42,8,74,68,79,359,15.9,0.574,0.0,0.714,12.3,22.2,17.3,6.0,0.4,4.1,17.9,15.8,1.1,1.4,2.5,0.124,0.2,0.5,0.8,0.7,0,0.0,OOR,1981
Jacky Dorsey,SF,26,SEA,29,253,20,70,0.286,0,0,0.0,20,70,0.286,0.286,13,25,0.52,23,65,88,9,9,1,14,47,53,5.4,0.327,0.0,0.357,10.2,27.6,19.1,4.6,1.7,0.2,14.7,15.3,-0.5,0.4,-0.1,-0.01,-5.8,-0.7,-6.5,-0.3,0,0.0,OOR,1981
Leon Douglas,C,26,KCK,79,1356,185,323,0.573,0,3,0.0,185,320,0.578,0.573,102,186,0.548,150,234,384,69,25,38,90,251,472,12.5,0.583,0.009,0.576,12.4,19.1,15.7,6.7,0.9,1.6,18.2,15.1,1.6,1.6,3.2,0.112,-2.1,-0.3,-2.5,-0.2,0,0.0,OOR,1981
John Drew,SF,26,ATL,67,2075,500,1096,0.456,0,7,0.0,500,1089,0.459,0.456,454,577,0.787,145,238,383,79,98,15,194,264,1454,19.2,0.539,0.006,0.526,7.9,13.3,10.6,6.5,2.3,0.4,12.6,30.9,3.5,1.9,5.4,0.124,1.0,-1.3,-0.3,0.9,0,0.0,OOR,1981
Larry Drew,PG,22,DET,76,1581,197,484,0.407,4,17,0.235,193,467,0.413,0.411,106,133,0.797,24,96,120,249,88,7,166,125,504,9.3,0.464,0.035,0.275,1.7,7.5,4.4,22.7,2.6,0.3,23.4,18.1,-1.6,1.6,0.0,-0.001,-3.5,-0.2,-3.7,-0.7,0,0.0,OOR,1981
Ralph Drollinger,C,26,DAL,6,67,7,14,0.5,0,0,0.0,7,14,0.5,0.5,1,4,0.25,5,14,19,14,1,2,13,16,15,5.3,0.476,0.0,0.286,8.2,24.7,16.1,29.6,0.7,1.7,45.2,17.9,-0.2,0.1,-0.2,-0.117,-5.0,0.8,-4.1,-0.1,0,0.0,OOR,1981
Terry Duerod,SG-SF,24,BOS,50,451,104,234,0.444,8,16,0.5,96,218,0.44,0.462,31,41,0.756,17,27,44,36,17,4,35,27,247,13.8,0.49,0.068,0.175,4.2,7.0,5.5,13.3,1.8,0.5,12.2,26.4,0.0,0.2,0.2,0.018,-0.9,-1.3,-2.1,0.0,0,0.0,OOR,1981
Mike Dunleavy,SG,26,HOU,74,1609,310,632,0.491,1,16,0.063,309,616,0.502,0.491,156,186,0.839,28,90,118,268,64,2,137,165,777,15.0,0.544,0.025,0.294,1.9,6.3,4.1,23.5,1.9,0.1,16.1,21.5,2.1,0.9,3.0,0.091,-0.1,-0.8,-0.9,0.5,0,0.0,OOR,1981
T.R. Dunn,SG,25,DEN,82,1427,146,354,0.412,0,2,0.0,146,352,0.415,0.412,79,121,0.653,133,168,301,81,66,29,56,141,371,10.2,0.456,0.006,0.342,9.3,12.3,10.8,6.7,2.0,1.0,12.1,12.1,0.7,0.8,1.6,0.052,-0.9,-0.1,-1.0,0.3,0,0.0,OOR,1981
John Duren,PG,22,UTA,40,458,33,101,0.327,0,1,0.0,33,100,0.33,0.327,5,9,0.556,8,27,35,54,18,2,37,54,71,2.6,0.338,0.01,0.089,2.0,6.7,4.4,15.3,1.9,0.3,26.1,13.3,-1.1,0.2,-0.9,-0.099,-6.6,-0.9,-7.5,-0.6,0,0.0,OOR,1981
James Edwards,C,25,IND,81,2375,511,1004,0.509,0,3,0.0,511,1001,0.51,0.509,244,347,0.703,191,380,571,212,32,128,164,304,1266,18.2,0.547,0.003,0.346,8.5,18.0,13.1,13.3,0.6,3.1,12.4,22.3,4.4,2.6,7.0,0.141,1.2,0.1,1.3,2.0,0,0.0,OOR,1981
Bob Elliott,C,25,NJN,73,1320,214,419,0.511,1,2,0.5,213,417,0.511,0.512,121,202,0.599,104,157,261,129,34,16,119,175,550,12.3,0.541,0.005,0.482,8.7,13.7,11.2,13.7,1.2,0.7,19.0,18.8,0.6,0.9,1.6,0.057,-1.2,-0.8,-1.9,0.0,0,0.0,OOR,1981
Len Elmore,C,28,MIL,72,925,76,212,0.358,0,0,0.0,76,212,0.358,0.358,54,75,0.72,68,140,208,69,37,52,44,178,206,8.6,0.42,0.0,0.354,8.4,16.3,12.4,8.7,1.9,3.2,15.2,12.2,0.0,1.6,1.6,0.083,-3.5,2.1,-1.4,0.1,0,0.0,OOR,1981
Alex English,SF,27,DEN,81,3093,768,1555,0.494,3,5,0.6,765,1550,0.494,0.495,390,459,0.85,273,373,646,290,106,100,241,255,1929,19.7,0.549,0.003,0.295,8.8,12.6,10.7,13.4,1.5,1.6,12.1,24.0,6.7,1.6,8.3,0.129,3.1,-1.0,2.2,3.2,0,0.0,OOR,1981
Julius Erving,SF,30,PHI,82,2874,794,1524,0.521,4,18,0.222,790,1506,0.525,0.522,422,536,0.787,244,413,657,364,173,147,266,233,2014,25.1,0.572,0.012,0.352,10.0,14.6,12.5,19.8,2.8,2.8,13.1,28.4,7.8,6.1,13.8,0.231,5.2,2.3,7.5,6.9,28,0.658,MVP,1981
Mike Evans,PG,25,MIL,71,911,134,291,0.46,2,14,0.143,132,277,0.477,0.464,50,64,0.781,22,65,87,167,34,4,72,114,320,11.1,0.501,0.048,0.22,2.7,7.7,5.3,23.1,1.7,0.2,18.4,16.8,0.6,1.0,1.6,0.082,-1.7,-0.1,-1.8,0.0,0,0.0,OOR,1981
Eric Fernsten,C,27,BOS,45,279,38,79,0.481,0,0,0.0,38,79,0.481,0.481,20,30,0.667,29,33,62,10,6,7,20,29,96,11.0,0.521,0.0,0.38,12.4,12.9,12.7,4.7,1.0,1.4,17.8,16.4,0.1,0.3,0.5,0.079,-1.9,-0.6,-2.4,0.0,0,0.0,OOR,1981
Chris Ford,SG,32,BOS,82,2723,314,707,0.444,36,109,0.33,278,598,0.465,0.47,64,87,0.736,72,91,163,295,100,23,127,212,728,8.8,0.488,0.154,0.123,3.1,3.7,3.4,13.7,1.7,0.5,14.6,13.0,1.3,2.4,3.7,0.066,-1.5,0.6,-0.9,0.7,0,0.0,OOR,1981
Don Ford,SF,28,CLE,64,996,100,224,0.446,0,3,0.0,100,221,0.452,0.446,22,24,0.917,74,90,164,84,15,12,49,100,222,8.2,0.473,0.013,0.107,7.8,10.5,9.1,10.6,0.7,0.7,17.3,11.4,0.3,0.3,0.6,0.028,-2.0,-0.8,-2.8,-0.2,0,0.0,OOR,1981
Phil Ford,PG,24,KCK,66,2287,424,887,0.478,11,36,0.306,413,851,0.485,0.484,294,354,0.831,26,102,128,580,99,6,241,190,1153,17.3,0.553,0.041,0.399,1.3,4.9,3.1,35.5,2.1,0.1,18.8,23.3,3.4,1.9,5.2,0.11,1.8,-1.3,0.5,1.4,1,0.022,Candidate,1981
World B. Free,SG,27,GSW,65,2370,516,1157,0.446,5,31,0.161,511,1126,0.454,0.448,528,649,0.814,48,111,159,361,85,11,195,183,1565,19.5,0.542,0.027,0.561,2.2,5.3,3.7,22.3,1.7,0.3,11.9,27.4,6.8,0.6,7.4,0.15,2.9,-1.4,1.5,2.1,0,0.0,OOR,1981
Tony Fuller,SG,22,DET,15,248,24,66,0.364,0,1,0.0,24,65,0.369,0.364,12,16,0.75,13,29,42,28,10,1,23,25,60,6.9,0.411,0.015,0.242,5.8,14.4,9.8,15.6,1.9,0.2,23.9,15.7,-0.4,0.3,-0.1,-0.021,-4.0,0.0,-4.0,-0.2,0,0.0,OOR,1981
Mike Gale,PG,30,POR,77,1112,157,309,0.508,2,7,0.286,155,302,0.513,0.511,55,68,0.809,16,83,99,169,94,7,77,117,371,13.7,0.547,0.023,0.22,1.6,8.0,4.8,19.6,3.9,0.3,18.5,14.8,1.0,1.4,2.4,0.105,-1.5,2.3,0.8,0.8,0,0.0,OOR,1981
Calvin Garrett,SF,24,HOU,70,1638,188,415,0.453,1,3,0.333,187,412,0.454,0.454,50,62,0.806,85,179,264,132,50,10,90,167,427,8.8,0.483,0.007,0.149,5.7,12.3,9.0,10.2,1.5,0.3,16.9,13.2,0.2,1.2,1.4,0.04,-2.2,-0.2,-2.3,-0.1,0,0.0,OOR,1981
Gus Gerard,SF,27,KCK,27,252,41,111,0.369,0,4,0.0,41,107,0.383,0.369,27,40,0.675,30,37,67,15,10,9,15,41,109,12.5,0.424,0.036,0.36,13.4,15.7,14.6,8.1,1.9,2.0,10.4,23.1,0.0,0.3,0.3,0.058,-3.2,-0.5,-3.7,-0.1,0,0.0,OOR,1981
George Gervin,SG,28,SAS,82,2765,850,1729,0.492,9,35,0.257,841,1694,0.496,0.494,512,620,0.826,126,293,419,260,94,56,251,212,2221,22.9,0.555,0.02,0.359,5.2,11.1,8.2,15.8,1.6,1.1,11.1,32.3,8.1,2.4,10.5,0.182,4.2,-1.2,2.9,3.5,1,0.12,Candidate,1981
Artis Gilmore,C,31,CHI,82,2832,547,816,0.67,0,0,0.0,547,816,0.67,0.67,375,532,0.705,220,608,828,172,47,198,236,295,1469,21.7,0.699,0.0,0.652,9.2,23.5,16.7,8.9,0.8,4.0,18.4,18.5,8.4,3.9,12.3,0.208,3.1,1.2,4.3,4.5,0,0.006,Candidate,1981
Mike Glenn,PG,25,NYK,82,1506,285,511,0.558,4,11,0.364,281,500,0.562,0.562,98,110,0.891,27,61,88,108,72,5,62,126,672,15.0,0.601,0.022,0.215,2.0,4.8,3.3,10.3,2.3,0.2,10.0,16.8,3.1,1.3,4.4,0.139,0.1,0.8,0.9,1.1,0,0.0,OOR,1981
Mike Gminski,C,21,NJN,56,1579,291,688,0.423,0,1,0.0,291,687,0.424,0.423,155,202,0.767,137,282,419,72,54,100,128,127,737,14.5,0.474,0.001,0.294,9.6,20.6,15.0,6.6,1.6,3.6,14.1,22.7,-0.5,2.0,1.5,0.045,-1.6,-0.3,-1.8,0.1,0,0.0,OOR,1981
Glen Gondrezick,PF,25,DEN,73,1077,155,329,0.471,0,2,0.0,155,327,0.474,0.471,112,137,0.818,136,171,307,83,91,20,69,185,422,16.3,0.542,0.006,0.416,12.6,16.6,14.5,9.6,3.7,0.9,15.1,15.8,1.8,1.3,3.1,0.136,0.3,1.4,1.7,1.0,0,0.0,OOR,1981
Rickey Green,PG,26,UTA,47,1307,176,366,0.481,0,1,0.0,176,365,0.482,0.481,70,97,0.722,30,86,116,235,75,1,83,123,422,13.6,0.516,0.003,0.265,2.7,7.5,5.1,25.3,2.8,0.0,16.9,16.2,1.0,0.7,1.8,0.065,-1.2,0.0,-1.2,0.3,0,0.0,OOR,1981
Dave Greenwood,PF,23,CHI,82,2710,481,989,0.486,0,2,0.0,481,987,0.487,0.486,217,290,0.748,243,481,724,218,77,124,192,282,1179,16.6,0.528,0.002,0.293,10.7,19.4,15.2,11.6,1.4,2.6,14.7,19.7,3.8,3.4,7.1,0.126,0.8,0.4,1.2,2.2,0,0.0,OOR,1981
Kevin Grevey,SG,27,WSB,75,2616,500,1103,0.453,45,136,0.331,455,967,0.471,0.474,244,290,0.841,67,152,219,300,68,17,144,161,1289,14.5,0.524,0.123,0.263,2.7,6.2,4.4,16.2,1.2,0.4,10.5,21.1,3.4,2.4,5.8,0.107,0.5,0.1,0.6,1.7,0,0.0,OOR,1981
Paul Griffin,PF,27,SAS,82,1930,166,325,0.511,0,0,0.0,166,325,0.511,0.511,170,253,0.672,184,321,505,249,77,38,132,207,502,13.8,0.575,0.0,0.778,10.8,17.4,14.2,15.8,1.9,1.1,23.2,11.7,2.6,2.3,4.9,0.122,0.8,1.0,1.8,1.8,0,0.0,OOR,1981
Darrell Griffith,SG,22,UTA,81,2867,716,1544,0.464,10,52,0.192,706,1492,0.473,0.467,229,320,0.716,79,209,288,194,106,40,231,219,1671,14.7,0.496,0.034,0.207,3.2,8.3,5.8,11.4,1.8,0.8,12.1,28.8,-0.8,1.1,0.4,0.006,-1.0,-2.2,-3.2,-0.9,0,0.0,OOR,1981
Bob Gross,SF,27,POR,82,1934,253,479,0.528,0,9,0.0,253,470,0.538,0.528,135,159,0.849,126,202,328,251,90,67,151,238,641,14.0,0.584,0.019,0.332,7.1,11.4,9.2,16.0,2.2,1.9,21.6,14.3,2.3,2.1,4.4,0.11,0.3,1.3,1.7,1.8,0,0.0,OOR,1981
Ernie Grunfeld,SF,25,KCK,79,1584,260,486,0.535,0,0,0.0,260,486,0.535,0.535,75,101,0.743,31,175,206,205,60,15,88,155,595,13.7,0.561,0.0,0.208,2.2,12.2,7.2,17.6,1.8,0.5,14.2,16.2,1.8,1.7,3.5,0.106,-0.7,0.8,0.1,0.8,0,0.0,OOR,1981
Roy Hamilton,PG,23,POR,1,5,1,3,0.333,0,0,0.0,1,3,0.333,0.333,1,2,0.5,2,1,3,0,0,0,1,1,3,10.4,0.387,0.0,0.667,43.4,21.8,32.6,0.0,0.0,0.0,20.5,38.7,0.0,0.0,0.0,-0.127,-4.6,-0.2,-4.8,0.0,0,0.0,OOR,1981
Bill Hanzlik,SF,23,SEA,74,1259,138,289,0.478,1,5,0.2,137,284,0.482,0.479,119,150,0.793,67,86,153,111,58,20,84,168,396,11.0,0.558,0.017,0.519,6.0,7.3,6.7,12.0,2.2,0.9,19.1,14.2,1.1,1.3,2.4,0.091,-1.9,1.1,-0.7,0.4,0,0.0,OOR,1981
Alan Hardy,SG,23,LAL,22,111,22,59,0.373,0,0,0.0,22,59,0.373,0.373,7,10,0.7,8,11,19,3,1,9,11,13,51,7.5,0.402,0.0,0.169,8.3,10.1,9.3,3.6,0.4,4.3,14.8,26.9,-0.3,0.1,-0.2,-0.072,-5.1,-1.2,-6.3,-0.2,0,0.0,OOR,1981
James Hardy,PF,24,UTA,23,509,52,111,0.468,0,0,0.0,52,111,0.468,0.468,11,20,0.55,39,94,133,36,21,20,23,58,115,11.9,0.48,0.0,0.18,8.9,20.9,15.0,9.5,2.0,2.3,16.1,12.1,0.1,0.5,0.7,0.064,-1.3,0.9,-0.4,0.2,0,0.0,OOR,1981
Mike Harper,PF,23,POR,55,461,56,136,0.412,0,3,0.0,56,133,0.421,0.412,37,85,0.435,28,65,93,17,23,20,32,73,149,8.4,0.43,0.022,0.625,6.6,15.4,11.0,4.5,2.3,2.4,15.6,17.7,-0.6,0.6,0.1,0.006,-4.8,0.4,-4.4,-0.3,0,0.0,OOR,1981
Joe Hassett,SG,25,GSW,41,714,143,340,0.421,53,156,0.34,90,184,0.489,0.499,17,21,0.81,24,44,68,74,13,2,22,65,356,14.2,0.51,0.459,0.062,3.7,7.0,5.3,15.3,0.9,0.2,5.9,21.1,1.4,0.0,1.4,0.097,2.1,-1.6,0.5,0.4,0,0.0,OOR,1981
Steve Hawes,C,30,ATL,74,2309,333,637,0.523,1,4,0.25,332,633,0.524,0.524,222,278,0.799,165,396,561,168,73,32,161,289,889,14.7,0.585,0.006,0.436,8.1,19.9,13.9,10.7,1.5,0.8,17.5,16.5,3.4,2.3,5.7,0.119,0.2,0.2,0.4,1.4,0,0.0,OOR,1981
Elvin Hayes,PF,35,WSB,81,2931,584,1296,0.451,0,10,0.0,584,1286,0.454,0.451,271,439,0.617,235,554,789,98,68,171,189,300,1439,14.9,0.483,0.008,0.339,8.4,20.0,14.1,4.8,1.1,3.2,11.3,23.0,0.1,4.9,5.1,0.083,-1.6,0.6,-1.1,0.7,0,0.0,OOR,1981
Gar Heard,PF,32,SDC,78,1631,149,396,0.376,0,7,0.0,149,389,0.383,0.376,79,101,0.782,120,228,348,122,104,72,81,196,377,10.9,0.428,0.018,0.255,8.2,17.1,12.4,9.5,3.1,2.6,15.5,13.0,-0.2,2.2,2.0,0.059,-2.1,2.0,-0.2,0.8,0,0.0,OOR,1981
Gerald Henderson,PG,25,BOS,82,1608,261,579,0.451,1,16,0.063,260,563,0.462,0.452,113,157,0.72,43,89,132,213,79,12,160,177,636,10.4,0.491,0.028,0.271,3.2,6.1,4.7,17.8,2.3,0.4,19.8,20.5,-0.6,1.8,1.3,0.037,-2.8,0.2,-2.6,-0.2,0,0.0,OOR,1981
Tom Henderson,SG,29,HOU,66,1411,137,332,0.413,0,3,0.0,137,329,0.416,0.413,78,95,0.821,30,74,104,307,53,4,93,111,352,10.9,0.471,0.009,0.286,2.4,5.9,4.1,27.0,1.8,0.2,19.9,13.4,0.8,0.8,1.5,0.052,-1.3,-0.6,-1.8,0.1,0,0.0,OOR,1981
Keith Herron,SG,24,DET,80,2270,432,954,0.453,2,11,0.182,430,943,0.456,0.454,228,267,0.854,98,113,211,148,91,26,153,154,1094,13.4,0.511,0.012,0.28,4.7,6.1,5.4,10.4,1.9,0.7,12.5,21.8,1.6,1.9,3.5,0.074,-0.6,-0.6,-1.3,0.4,0,0.0,OOR,1981
Kenny Higgs,PG,26,DEN,72,1689,209,474,0.441,4,34,0.118,205,440,0.466,0.445,140,172,0.814,24,121,145,408,101,6,166,243,562,11.9,0.511,0.072,0.363,1.4,7.5,4.4,29.3,2.6,0.2,23.2,15.7,0.7,0.9,1.5,0.043,-1.9,-0.5,-2.4,-0.2,0,0.0,OOR,1981
Johnny High,PG,23,PHO,81,1750,246,576,0.427,2,24,0.083,244,552,0.442,0.429,183,264,0.693,89,139,228,202,129,26,188,251,677,10.8,0.489,0.042,0.458,5.7,8.6,7.2,15.0,3.4,0.8,21.4,19.6,-0.8,3.3,2.5,0.069,-3.4,1.9,-1.5,0.2,0,0.0,OOR,1981
Armond Hill,PG,27,SEA,75,1738,117,335,0.349,0,7,0.0,117,328,0.357,0.349,141,172,0.82,41,118,159,292,66,11,127,207,375,8.0,0.457,0.021,0.513,2.7,7.5,5.1,21.8,1.8,0.4,23.6,12.7,-0.3,1.3,1.0,0.028,-3.4,0.2,-3.2,-0.5,0,0.0,OOR,1981
Brad Holland,SG,24,LAL,41,295,47,111,0.423,1,3,0.333,46,108,0.426,0.428,35,49,0.714,9,20,29,23,21,1,31,44,130,9.8,0.49,0.027,0.441,3.5,6.9,5.3,9.8,3.3,0.2,19.0,22.3,-0.2,0.4,0.1,0.024,-4.8,0.2,-4.6,-0.2,0,0.0,OOR,1981
Lionel Hollins,PG,27,PHI,82,2154,327,696,0.47,2,15,0.133,325,681,0.477,0.471,125,171,0.731,47,144,191,352,104,18,207,205,781,11.0,0.506,0.022,0.246,2.6,6.8,4.8,21.4,2.2,0.5,21.2,18.3,-0.3,3.1,2.9,0.064,-2.2,0.6,-1.6,0.2,0,0.0,OOR,1981
Cedrick Hordges,PF,24,DEN,68,1599,221,480,0.46,0,3,0.0,221,477,0.463,0.46,130,186,0.699,120,338,458,104,33,19,120,226,572,10.7,0.509,0.006,0.388,7.5,22.1,14.6,8.0,0.9,0.6,17.6,15.8,0.5,1.0,1.5,0.044,-2.3,-1.0,-3.3,-0.5,0,0.0,OOR,1981
Phil Hubbard,PF,24,DET,80,2289,433,880,0.492,1,3,0.333,432,877,0.493,0.493,294,426,0.69,236,350,586,150,80,20,229,317,1161,15.4,0.544,0.003,0.484,11.3,18.9,14.9,10.4,1.7,0.5,17.7,22.9,1.8,2.7,4.5,0.094,-0.7,-0.7,-1.4,0.3,0,0.0,OOR,1981
Kim Hughes,C,28,CLE,53,490,27,70,0.386,0,0,0.0,27,70,0.386,0.386,1,2,0.5,48,79,127,35,28,35,44,106,55,6.3,0.388,0.0,0.029,10.1,18.0,13.9,8.3,2.6,3.9,38.3,9.2,-0.7,0.6,-0.1,-0.007,-5.4,2.2,-3.2,-0.1,0,0.0,OOR,1981
Geoff Huston,PG,23,DAL,81,2434,461,942,0.489,1,5,0.2,460,937,0.491,0.49,150,212,0.708,45,93,138,394,58,7,179,148,1073,13.4,0.518,0.005,0.225,2.0,4.5,3.2,25.1,1.2,0.2,14.7,20.7,1.7,0.0,1.7,0.034,0.0,-2.2,-2.2,-0.1,0,0.0,OOR,1981
Dan Issel,C,32,DEN,80,2641,614,1220,0.503,2,12,0.167,612,1208,0.507,0.504,519,684,0.759,229,447,676,158,83,53,130,249,1749,21.7,0.575,0.01,0.561,8.6,17.7,13.1,8.4,1.4,1.0,7.9,23.2,8.9,1.6,10.5,0.19,3.7,-1.1,2.7,3.1,0,0.0,OOR,1981
Tony Jackson,PG,23,LAL,2,14,1,3,0.333,0,0,0.0,1,3,0.333,0.333,0,0,0.0,0,2,2,2,2,0,0,1,2,12.9,0.333,0.0,0.0,0.0,14.6,7.7,16.2,6.7,0.0,0.0,8.6,0.0,0.0,0.0,0.124,-4.3,0.6,-3.6,0.0,0,0.0,OOR,1981
Abdul Jeelani,SF,26,DAL,66,1108,187,440,0.425,0,1,0.0,187,439,0.426,0.425,179,220,0.814,83,147,230,65,44,31,87,123,553,15.5,0.515,0.002,0.5,8.2,15.7,11.8,9.2,1.9,1.6,13.9,23.5,0.8,0.8,1.6,0.07,-0.5,-0.7,-1.2,0.2,0,0.0,OOR,1981
Clemon Johnson,C,24,IND,81,1643,235,466,0.504,0,1,0.0,235,465,0.505,0.504,112,189,0.593,173,295,468,144,44,119,121,185,582,15.6,0.53,0.002,0.406,11.1,20.2,15.5,11.8,1.3,4.1,18.1,16.3,1.4,2.3,3.7,0.108,-0.2,1.2,1.0,1.3,0,0.0,OOR,1981
Dennis Johnson,PG,26,PHO,79,2615,532,1220,0.436,11,51,0.216,521,1169,0.446,0.441,411,501,0.82,160,203,363,291,136,61,208,244,1486,17.0,0.516,0.042,0.411,6.9,8.4,7.7,15.8,2.4,1.3,12.6,24.6,4.0,4.4,8.4,0.154,1.0,0.8,1.8,2.5,0,0.072,Candidate,1981
Eddie Johnson,SG,25,ATL,75,2693,573,1136,0.504,6,20,0.3,567,1116,0.508,0.507,279,356,0.784,60,119,179,407,126,11,197,188,1431,17.9,0.554,0.018,0.313,2.5,5.1,3.8,24.7,2.3,0.2,13.2,22.9,5.3,1.5,6.9,0.122,2.1,-0.5,1.6,2.4,0,0.0,OOR,1981
George Johnson,C,32,SAS,82,1935,164,347,0.473,0,0,0.0,164,347,0.473,0.473,80,109,0.734,215,387,602,92,47,278,110,273,408,13.5,0.517,0.0,0.314,12.6,20.9,16.9,5.8,1.1,7.7,21.8,10.4,1.1,3.4,4.5,0.112,-1.4,3.0,1.6,1.8,0,0.004,Candidate,1981
George Johnson,PF,24,IND,43,930,182,394,0.462,0,5,0.0,182,389,0.468,0.462,93,122,0.762,99,179,278,86,47,23,85,120,457,17.4,0.51,0.013,0.31,11.3,21.6,16.3,13.4,2.4,1.4,16.0,22.9,0.7,1.4,2.2,0.112,0.1,0.3,0.4,0.6,0,0.004,Candidate,1981
John Johnson,SF,33,SEA,80,2324,373,866,0.431,0,1,0.0,373,865,0.431,0.431,173,214,0.808,135,227,362,312,57,25,230,202,919,11.3,0.479,0.001,0.247,6.5,10.5,8.6,19.6,1.2,0.6,19.3,20.9,-0.8,2.0,1.2,0.025,-1.4,-0.9,-2.4,-0.2,0,0.0,OOR,1981
Lee Johnson,PF,23,HOU,12,90,7,25,0.28,0,0,0.0,7,25,0.28,0.28,3,5,0.6,6,16,22,1,0,5,7,18,17,0.8,0.313,0.0,0.2,7.4,20.2,13.7,1.4,0.0,3.1,20.5,15.4,-0.3,0.1,-0.2,-0.095,-5.8,-0.6,-6.4,-0.2,0,0.0,OOR,1981
Magic Johnson,SG,21,LAL,37,1371,312,587,0.532,3,17,0.176,309,570,0.542,0.534,171,225,0.76,101,219,320,317,127,27,143,100,798,25.7,0.582,0.029,0.383,8.5,16.4,12.7,31.8,4.3,1.0,17.2,24.3,3.8,2.6,6.4,0.225,5.6,3.3,8.8,3.8,0,0.026,Candidate,1981
Marques Johnson,SF,24,MIL,76,2542,636,1153,0.552,0,9,0.0,636,1144,0.556,0.552,269,381,0.706,225,293,518,346,115,41,190,196,1541,22.0,0.583,0.008,0.33,10.1,12.4,11.3,19.7,2.1,0.9,12.6,23.3,7.6,3.6,11.2,0.211,5.1,0.5,5.6,4.9,1,0.106,Candidate,1981
Mickey Johnson,PF,28,MIL,82,2118,379,846,0.448,3,18,0.167,376,828,0.454,0.45,262,332,0.789,183,362,545,286,94,71,230,256,1023,16.3,0.516,0.021,0.392,9.8,18.4,14.2,17.7,2.1,1.9,18.8,22.6,1.6,3.7,5.3,0.121,0.3,1.1,1.4,1.8,0,0.0,OOR,1981
Ollie Johnson,SF,31,PHI,40,372,87,158,0.551,1,6,0.167,86,152,0.566,0.554,27,31,0.871,8,47,55,30,20,2,25,45,202,16.7,0.588,0.038,0.196,2.5,12.9,8.1,11.8,2.5,0.3,12.7,21.3,0.6,0.7,1.3,0.161,-0.4,1.4,1.0,0.3,0,0.0,OOR,1981
Reggie Johnson,PF,23,SAS,79,1716,340,682,0.499,0,1,0.0,340,681,0.499,0.499,128,193,0.663,132,226,358,78,45,48,130,283,808,12.9,0.527,0.001,0.283,8.8,13.7,11.4,6.5,1.2,1.5,14.5,20.7,1.4,1.6,3.0,0.085,-2.1,-1.1,-3.2,-0.5,0,0.0,OOR,1981
Vinnie Johnson,PG,24,SEA,81,2311,419,785,0.534,1,5,0.2,418,780,0.536,0.534,214,270,0.793,193,173,366,341,78,20,216,198,1053,16.8,0.583,0.006,0.344,9.4,8.0,8.7,22.2,1.6,0.5,19.3,19.7,4.0,1.9,5.9,0.122,2.1,-0.3,1.9,2.3,0,0.0,OOR,1981
Bobby Jones,PF,29,PHI,81,2046,407,755,0.539,0,3,0.0,407,752,0.541,0.539,282,347,0.813,142,293,435,226,95,74,149,226,1096,20.1,0.604,0.004,0.46,8.2,14.6,11.6,15.4,2.2,2.0,14.1,20.8,5.4,3.9,9.2,0.217,2.7,2.0,4.7,3.5,0,0.004,Candidate,1981
Caldwell Jones,C,30,PHI,81,2639,218,485,0.449,0,0,0.0,218,485,0.449,0.449,148,193,0.767,200,613,813,122,53,134,168,271,584,10.1,0.512,0.0,0.398,8.9,23.6,16.8,5.5,0.9,2.8,22.8,11.3,0.1,5.4,5.5,0.1,-2.1,1.5,-0.6,0.9,0,0.001,Candidate,1981
Dwight Jones,PF,28,CHI,81,1574,245,507,0.483,0,0,0.0,245,507,0.483,0.483,125,161,0.776,127,274,401,99,40,36,126,200,615,13.1,0.532,0.0,0.318,9.6,19.0,14.5,8.8,1.2,1.3,17.9,18.2,1.2,1.7,2.9,0.089,-1.2,-0.4,-1.5,0.2,0,0.0,OOR,1981
Edgar Jones,PF,24,NJN,60,950,189,357,0.529,0,4,0.0,189,353,0.535,0.529,146,218,0.67,92,171,263,43,36,81,101,185,524,17.6,0.578,0.011,0.611,10.7,20.8,15.6,6.7,1.7,4.8,18.2,23.0,0.9,1.4,2.3,0.116,-1.5,1.2,-0.3,0.4,0,0.0,OOR,1981
Major Jones,PF,27,HOU,68,1003,117,252,0.464,0,1,0.0,117,251,0.466,0.464,64,101,0.634,96,138,234,41,18,23,57,112,298,10.3,0.503,0.004,0.401,10.6,15.5,13.0,5.2,0.9,1.3,16.1,14.3,0.5,0.8,1.2,0.06,-1.9,-1.0,-2.9,-0.2,0,0.0,OOR,1981
Eddie Jordan,PG,26,LAL,74,1226,150,352,0.426,6,22,0.273,144,330,0.436,0.435,87,127,0.685,30,68,98,241,98,8,143,165,393,10.4,0.482,0.063,0.361,2.8,5.8,4.4,24.1,3.7,0.3,26.0,18.0,-0.9,1.5,0.6,0.024,-3.4,0.8,-2.6,-0.1,0,0.0,OOR,1981
Walter Jordan,SF,24,CLE,30,207,29,75,0.387,0,0,0.0,29,75,0.387,0.387,10,17,0.588,23,19,42,11,11,5,17,35,68,8.5,0.412,0.0,0.227,11.7,10.7,11.2,7.0,2.5,1.4,17.1,19.3,-0.3,0.2,-0.1,-0.021,-4.2,-0.3,-4.6,-0.2,0,0.0,OOR,1981
Jeff Judkins,SF,24,UTA,62,666,92,216,0.426,9,28,0.321,83,188,0.441,0.447,45,51,0.882,29,64,93,59,16,2,30,84,238,11.1,0.499,0.13,0.236,5.1,10.9,8.0,12.5,1.2,0.2,11.2,17.4,0.5,0.2,0.7,0.052,-1.6,-1.5,-3.1,-0.2,0,0.0,OOR,1981
Clarence Kea,PF,21,DAL,16,199,37,81,0.457,0,1,0.0,37,80,0.463,0.457,43,62,0.694,28,39,67,5,6,1,16,44,117,17.3,0.54,0.012,0.765,15.4,23.1,19.1,4.0,1.5,0.3,12.9,26.1,0.3,0.2,0.5,0.12,-1.7,-1.7,-3.4,-0.1,0,0.0,OOR,1981
Rich Kelley,C,27,PHO,81,1686,196,387,0.506,0,2,0.0,196,385,0.509,0.506,175,231,0.758,131,310,441,282,79,63,209,210,567,14.4,0.58,0.005,0.597,8.7,19.9,14.4,21.1,2.1,2.1,30.0,16.1,0.7,3.6,4.3,0.121,-0.5,2.9,2.3,1.9,0,0.0,OOR,1981
Greg Kelser,SF,23,DET,25,654,120,285,0.421,0,2,0.0,120,283,0.424,0.421,68,106,0.642,53,67,120,45,34,29,78,89,308,11.8,0.464,0.007,0.372,8.9,12.6,10.7,10.8,2.5,2.6,19.0,25.3,-0.9,0.9,0.0,-0.002,-3.1,0.2,-3.0,-0.2,0,0.0,OOR,1981
Larry Kenon,SF,28,CHI,77,2161,454,946,0.48,0,0,0.0,454,946,0.48,0.48,180,245,0.735,179,219,398,120,75,18,161,160,1088,15.2,0.516,0.0,0.259,9.9,11.1,10.5,8.4,1.7,0.5,13.3,22.9,2.4,1.8,4.1,0.092,0.4,-1.6,-1.1,0.5,0,0.0,OOR,1981
Chad Kinch,SG,22,CLE,41,353,52,141,0.369,0,0,0.0,52,141,0.369,0.369,14,18,0.778,7,26,33,45,11,6,30,33,118,7.0,0.396,0.0,0.128,2.1,8.6,5.2,17.5,1.5,1.0,16.8,20.6,-0.7,0.1,-0.5,-0.071,-4.0,-0.8,-4.8,-0.3,0,0.0,OOR,1981
Bernard King,SF,24,GSW,81,2914,731,1244,0.588,2,6,0.333,729,1238,0.589,0.588,307,437,0.703,178,373,551,287,72,34,265,304,1771,19.9,0.617,0.005,0.351,6.7,14.4,10.5,15.1,1.2,0.7,15.6,23.2,7.7,1.4,9.1,0.15,3.5,-0.7,2.8,3.6,0,0.017,Candidate,1981
Reggie King,PF,23,KCK,81,2743,472,867,0.544,0,0,0.0,472,867,0.544,0.544,264,386,0.684,235,551,786,122,102,41,164,227,1208,16.9,0.583,0.0,0.445,9.6,22.2,15.9,6.1,1.8,0.9,13.7,18.1,4.4,3.9,8.3,0.145,0.8,-0.2,0.6,1.8,0,0.0,OOR,1981
Billy Knight,SG,28,IND,82,2385,546,1025,0.533,3,19,0.158,543,1006,0.54,0.534,341,410,0.832,191,219,410,157,84,12,177,155,1436,19.9,0.596,0.019,0.4,8.5,10.3,9.4,10.0,1.7,0.3,12.8,23.2,6.5,1.9,8.4,0.17,3.4,-1.2,2.2,2.5,0,0.0,OOR,1981
Joel Kramer,PF,25,PHO,82,1065,136,258,0.527,0,1,0.0,136,257,0.529,0.527,63,91,0.692,77,155,232,88,35,17,67,132,335,11.8,0.562,0.004,0.353,8.1,15.8,12.0,10.6,1.5,0.9,18.4,13.4,1.0,1.8,2.9,0.129,-1.3,1.2,-0.1,0.5,0,0.0,OOR,1981
Wayne Kreklow,SG,24,BOS,25,100,11,47,0.234,1,4,0.25,10,43,0.233,0.245,7,10,0.7,2,10,12,9,2,1,10,20,30,-1.9,0.292,0.085,0.213,2.4,10.9,6.8,11.3,1.0,0.6,16.3,25.0,-0.5,0.1,-0.3,-0.167,-7.4,-1.3,-8.8,-0.3,0,0.0,OOR,1981
Kevin Kunnert,C,29,POR,55,842,101,216,0.468,0,0,0.0,101,216,0.468,0.468,42,54,0.778,98,189,287,67,17,32,50,143,244,12.7,0.509,0.0,0.25,12.6,24.5,18.5,9.7,0.9,2.1,17.3,13.6,0.8,1.1,1.9,0.106,-1.6,0.2,-1.4,0.1,0,0.0,OOR,1981
Mitch Kupchak,PF,26,WSB,82,1934,392,747,0.525,0,1,0.0,392,746,0.525,0.525,240,340,0.706,198,371,569,62,36,26,161,195,1024,16.6,0.571,0.001,0.455,10.7,20.3,15.5,4.6,0.9,0.7,15.2,22.0,2.5,2.7,5.2,0.13,0.1,-0.4,-0.3,0.8,0,0.0,OOR,1981
Sam Lacey,C,32,KCK,82,2228,237,536,0.442,1,5,0.2,236,531,0.444,0.443,92,117,0.786,131,453,584,399,95,120,182,302,567,13.5,0.483,0.009,0.218,6.6,22.5,14.6,22.5,2.0,3.1,23.7,14.3,0.2,3.8,4.0,0.086,-0.9,3.5,2.6,2.6,0,0.0,OOR,1981
Tom LaGarde,C,25,DAL,82,2670,417,888,0.47,0,0,0.0,417,888,0.47,0.47,288,444,0.649,177,488,665,237,35,45,206,293,1122,13.5,0.518,0.0,0.5,7.3,21.6,14.2,13.6,0.6,1.0,16.0,20.2,1.3,1.4,2.7,0.048,-0.9,-0.9,-1.9,0.1,0,0.0,OOR,1981
Bill Laimbeer,C,23,CLE,81,2460,337,670,0.503,0,0,0.0,337,670,0.503,0.503,117,153,0.765,266,427,693,216,56,78,132,332,791,14.2,0.536,0.0,0.228,11.4,20.2,15.6,11.5,1.1,1.8,15.2,14.2,3.4,2.0,5.4,0.104,-0.3,0.3,0.0,1.3,0,0.0,OOR,1981
John Lambert,PF,28,KCK,46,483,68,165,0.412,0,2,0.0,68,163,0.417,0.412,18,23,0.783,28,65,93,27,12,5,19,76,154,8.4,0.44,0.012,0.139,6.5,14.9,10.7,7.7,1.2,0.6,9.8,16.6,-0.1,0.5,0.4,0.039,-4.2,-0.6,-4.8,-0.3,0,0.0,OOR,1981
Mark Landsberger,PF,25,LAL,69,1086,164,327,0.502,0,1,0.0,164,326,0.503,0.502,62,116,0.534,152,225,377,27,19,6,65,135,390,12.5,0.516,0.003,0.355,16.1,21.2,18.8,3.1,0.8,0.3,14.7,16.4,0.9,1.3,2.2,0.099,-1.5,-2.5,-4.0,-0.5,0,0.0,OOR,1981
Bob Lanier,C,32,MIL,67,1753,376,716,0.525,1,1,1.0,375,715,0.524,0.526,208,277,0.751,128,285,413,179,73,81,139,184,961,19.7,0.573,0.001,0.387,8.3,17.5,13.0,14.0,1.9,2.6,14.2,21.8,3.7,3.0,6.8,0.185,2.5,1.4,3.9,2.6,0,0.006,Candidate,1981
Edmund Lawrence,C,28,DET,3,19,5,8,0.625,0,0,0.0,5,8,0.625,0.625,2,4,0.5,2,2,4,1,1,0,1,6,12,19.4,0.615,0.0,0.5,11.6,13.0,12.2,9.5,2.5,0.0,9.3,22.9,0.1,0.0,0.1,0.201,-3.8,0.1,-3.7,0.0,0,0.0,OOR,1981
Allen Leavell,PG,23,HOU,79,1686,258,548,0.471,2,17,0.118,256,531,0.482,0.473,124,149,0.832,30,104,134,384,97,15,189,160,642,13.9,0.523,0.031,0.272,2.0,6.9,4.4,30.4,2.7,0.5,23.5,19.3,0.5,1.4,1.9,0.055,-0.5,-0.2,-0.7,0.6,0,0.0,OOR,1981
Ron Lee,PG,28,DET,82,1829,113,323,0.35,2,13,0.154,111,310,0.358,0.353,113,156,0.724,65,155,220,362,166,29,173,260,341,9.9,0.435,0.04,0.483,3.9,10.5,7.0,26.1,4.3,0.9,30.6,12.5,-1.5,2.9,1.4,0.037,-3.8,3.0,-0.8,0.6,0,0.0,OOR,1981
Ronnie Lester,PG,22,CHI,8,83,10,24,0.417,0,0,0.0,10,24,0.417,0.417,10,11,0.909,3,3,6,7,2,0,9,5,30,8.2,0.52,0.0,0.458,4.3,3.9,4.1,11.2,1.1,0.0,23.8,18.6,0.0,0.0,0.0,0.008,-3.2,-0.9,-4.1,-0.1,0,0.0,OOR,1981
Scott Lloyd,C,28,DAL,72,2186,245,547,0.448,0,2,0.0,245,545,0.45,0.448,147,205,0.717,161,293,454,159,34,25,145,269,637,9.3,0.5,0.004,0.375,8.1,15.8,11.8,10.4,0.8,0.7,18.5,15.0,0.2,0.7,1.0,0.021,-2.6,-1.1,-3.7,-0.9,0,0.0,OOR,1981
John Long,SG,24,DET,59,1750,441,957,0.461,2,11,0.182,439,946,0.464,0.462,160,184,0.87,95,102,197,106,95,22,151,164,1044,15.6,0.503,0.011,0.192,6.0,7.2,6.5,10.7,2.6,0.7,12.7,27.5,0.6,1.8,2.4,0.065,-0.3,-0.5,-0.7,0.6,0,0.0,OOR,1981
John Lucas,PG,27,GSW,66,1919,222,506,0.439,4,24,0.167,218,482,0.452,0.443,107,145,0.738,34,120,154,464,83,2,185,140,555,11.6,0.487,0.047,0.287,1.9,7.0,4.5,30.7,2.1,0.1,24.5,15.6,0.6,0.7,1.3,0.032,-0.6,-1.1,-1.7,0.2,0,0.0,OOR,1981
Maurice Lucas,PF,28,NJN,68,2162,404,835,0.484,0,2,0.0,404,833,0.485,0.484,191,254,0.752,153,422,575,173,57,59,176,260,999,14.6,0.528,0.002,0.304,7.8,22.5,15.0,11.6,1.2,1.5,15.7,20.5,1.2,2.3,3.5,0.078,-0.8,-0.1,-0.9,0.6,0,0.0,OOR,1981
Ollie Mack,SG,23,DAL,65,1682,279,606,0.46,0,9,0.0,279,597,0.467,0.46,80,125,0.64,92,138,230,163,56,7,70,117,638,12.8,0.483,0.015,0.206,6.0,9.7,7.8,15.1,1.6,0.2,9.6,18.2,1.1,0.5,1.6,0.046,-0.3,-0.9,-1.2,0.3,0,0.0,OOR,1981
Kyle Macy,PG,23,PHO,82,1469,272,532,0.511,12,51,0.235,260,481,0.541,0.523,107,119,0.899,44,88,132,160,76,5,95,120,663,14.5,0.567,0.096,0.224,3.4,6.5,5.0,15.1,2.4,0.2,14.0,18.0,2.3,2.2,4.5,0.148,-0.2,1.1,0.8,1.1,0,0.0,OOR,1981
Rick Mahorn,PF,22,WSB,52,696,111,219,0.507,0,0,0.0,111,219,0.507,0.507,27,40,0.675,67,148,215,25,21,44,38,134,249,13.6,0.526,0.0,0.183,10.0,22.5,16.2,4.9,1.4,3.4,13.8,15.8,0.4,1.3,1.8,0.123,-2.7,2.1,-0.6,0.2,0,0.0,OOR,1981
Moses Malone,C,25,HOU,80,3245,806,1545,0.522,1,3,0.333,805,1542,0.522,0.522,609,804,0.757,474,706,1180,141,83,150,308,223,2222,25.1,0.585,0.002,0.52,16.1,24.5,20.3,6.6,1.2,2.6,14.0,27.6,9.5,4.2,13.7,0.202,4.5,-1.2,3.3,4.3,8,0.261,Candidate,1981
Wes Matthews,PG,21,WSB,79,2266,385,779,0.494,5,21,0.238,380,758,0.501,0.497,202,252,0.802,46,93,139,411,107,17,261,242,977,13.1,0.549,0.027,0.323,2.2,4.6,3.4,26.2,2.3,0.4,22.7,20.7,0.7,1.9,2.6,0.055,-0.9,-0.3,-1.2,0.5,0,0.0,OOR,1981
Cedric Maxwell,SF,25,BOS,81,2730,441,750,0.588,0,1,0.0,441,749,0.589,0.588,352,450,0.782,222,303,525,219,79,68,180,256,1234,17.6,0.651,0.001,0.6,9.7,12.1,11.0,10.8,1.4,1.4,16.0,16.8,7.6,3.3,11.0,0.193,2.7,0.7,3.5,3.8,0,0.0,OOR,1981
Scott May,SF,26,CHI,63,815,165,338,0.488,0,0,0.0,165,338,0.488,0.488,113,149,0.758,62,93,155,63,35,7,71,83,443,17.2,0.549,0.0,0.441,9.1,12.5,10.8,11.5,2.0,0.5,15.0,23.7,1.4,0.8,2.2,0.127,1.0,-0.7,0.3,0.5,0,0.0,OOR,1981
Bill Mayfield,SF,23,GSW,7,54,8,18,0.444,0,0,0.0,8,18,0.444,0.444,1,2,0.5,7,2,9,1,0,1,3,8,17,6.8,0.45,0.0,0.111,14.2,4.2,9.2,2.5,0.0,1.0,13.7,16.1,0.0,0.0,0.0,0.0,-3.6,-1.0,-4.6,-0.1,0,0.0,OOR,1981
Bob McAdoo,PF,29,NJN,16,321,68,157,0.433,0,1,0.0,68,156,0.436,0.433,29,41,0.707,17,50,67,30,17,13,32,38,165,14.4,0.471,0.006,0.261,5.8,18.8,12.0,14.7,2.5,2.3,15.5,25.8,-0.3,0.5,0.2,0.029,-2.0,0.5,-1.4,0.1,0,0.0,OOR,1981
Andre McCarter,PG,27,WSB,43,448,51,135,0.378,2,8,0.25,49,127,0.386,0.385,18,24,0.75,16,23,39,73,14,0,24,36,122,8.8,0.419,0.059,0.178,3.7,5.4,4.6,20.8,1.5,0.0,14.2,15.2,-0.1,0.4,0.3,0.034,-2.9,0.3,-2.6,-0.1,0,0.0,OOR,1981
Keith McCord,SG,23,WSB,2,9,2,4,0.5,0,0,0.0,2,4,0.5,0.5,0,0,0.0,1,1,2,1,0,0,2,0,4,7.9,0.5,0.0,0.0,11.6,11.8,11.7,16.5,0.0,0.0,33.3,26.8,0.0,0.0,0.0,-0.136,-4.4,-0.2,-4.6,0.0,0,0.0,OOR,1981
Jim McElroy,PG,27,ATL,54,680,78,202,0.386,1,8,0.125,77,194,0.397,0.389,48,59,0.814,10,38,48,84,20,9,79,62,205,5.9,0.45,0.04,0.292,1.7,6.5,4.0,17.4,1.4,0.8,25.7,18.7,-1.2,0.3,-0.9,-0.062,-4.2,-1.5,-5.8,-0.6,0,0.0,OOR,1981
George McGinnis,PF,30,IND,69,1845,348,768,0.453,0,7,0.0,348,761,0.457,0.453,207,385,0.538,164,364,528,210,99,28,221,242,903,14.9,0.482,0.009,0.501,9.4,22.2,15.6,16.4,2.6,0.9,19.1,25.1,-1.1,2.9,1.7,0.045,-1.6,0.2,-1.4,0.3,0,0.0,OOR,1981
Kevin McHale,PF,23,BOS,82,1645,355,666,0.533,0,2,0.0,355,664,0.535,0.533,108,159,0.679,155,204,359,55,27,151,110,260,818,16.4,0.556,0.003,0.239,11.2,13.6,12.4,4.8,0.8,5.1,13.0,20.9,2.3,2.4,4.7,0.137,-0.9,0.9,0.1,0.9,0,0.0,OOR,1981
Billy McKinney,PG,25,DEN,84,2166,327,645,0.507,2,12,0.167,325,633,0.513,0.509,162,188,0.862,36,148,184,360,99,11,158,231,818,13.3,0.562,0.019,0.291,1.7,7.4,4.6,22.2,2.1,0.3,17.8,16.1,2.6,0.8,3.4,0.075,-1.0,-0.4,-1.4,0.3,0,0.0,OOR,1981
Tom McMillen,C,28,ATL,79,1564,253,519,0.487,1,6,0.167,252,513,0.491,0.488,80,108,0.741,96,199,295,72,23,25,81,165,587,11.6,0.518,0.012,0.208,7.0,14.8,10.8,6.9,0.7,0.9,12.5,17.2,1.2,0.9,2.2,0.066,-1.0,-1.1,-2.1,-0.1,0,0.0,OOR,1981
John Mengelt,SG,31,GSW,2,11,0,4,0.0,0,0,0.0,0,4,0.0,0.0,0,0,0.0,0,0,0,2,0,0,0,0,0,-5.9,0.0,0.0,0.0,0.0,0.0,0.0,20.2,0.0,0.0,0.0,14.4,-0.1,0.0,-0.1,-0.247,-4.7,-0.4,-5.0,0.0,0,0.0,OOR,1981
Joe Meriweather,C,27,KCK,74,1514,206,415,0.496,0,0,0.0,206,415,0.496,0.496,148,213,0.695,126,267,393,77,27,80,125,219,560,12.4,0.55,0.0,0.513,9.3,19.5,14.4,6.7,0.8,3.0,19.7,17.3,0.6,2.0,2.6,0.083,-2.7,0.3,-2.4,-0.2,0,0.0,OOR,1981
Dick Miller,SF,22,IND,8,53,4,9,0.444,0,1,0.0,4,8,0.5,0.444,0,0,0.0,2,5,7,5,4,0,8,5,8,3.3,0.444,0.111,0.0,4.2,10.6,7.4,11.7,3.6,0.0,47.1,13.2,-0.2,0.1,-0.1,-0.102,-4.5,0.1,-4.3,-0.1,0,0.0,OOR,1981
Mike Mitchell,SF,25,CLE,82,3194,853,1791,0.476,4,9,0.444,849,1782,0.476,0.477,302,385,0.784,215,287,502,139,63,52,175,199,2012,17.5,0.513,0.005,0.215,7.1,10.5,8.7,6.9,0.9,0.9,8.2,26.9,5.0,1.1,6.0,0.091,1.9,-2.2,-0.3,1.3,0,0.004,Candidate,1981
Steve Mix,SF,33,PHI,72,1327,288,575,0.501,0,3,0.0,288,572,0.503,0.501,200,240,0.833,105,159,264,114,59,18,88,107,776,19.7,0.57,0.005,0.417,9.3,12.2,10.8,12.3,2.1,0.8,11.4,23.4,3.3,2.2,5.5,0.201,2.6,0.4,3.0,1.7,0,0.0,OOR,1981
Paul Mokeski,C,24,DET,80,1815,224,458,0.489,0,1,0.0,224,457,0.49,0.489,120,200,0.6,141,277,418,135,38,73,160,267,568,10.3,0.52,0.002,0.437,8.5,18.8,13.4,10.7,1.0,2.4,22.7,15.7,-0.4,2.1,1.7,0.046,-3.2,0.5,-2.6,-0.3,0,0.0,OOR,1981
Sidney Moncrief,SG,23,MIL,80,2417,400,739,0.541,2,9,0.222,398,730,0.545,0.543,320,398,0.804,186,220,406,264,90,37,145,156,1122,18.0,0.614,0.012,0.539,8.8,9.8,9.3,14.1,1.7,0.9,13.7,17.2,6.9,2.9,9.9,0.196,3.4,0.3,3.8,3.5,0,0.0,OOR,1981
Johnny Moore,PG,22,SAS,82,1578,249,520,0.479,1,19,0.053,248,501,0.495,0.48,105,172,0.61,58,138,196,373,120,22,154,178,604,15.8,0.507,0.037,0.331,4.2,9.1,6.8,31.8,3.5,0.7,20.5,18.9,1.2,2.0,3.2,0.099,0.2,1.0,1.2,1.3,0,0.0,OOR,1981
Lowes Moore,PG,23,NJN,71,1406,212,478,0.444,4,27,0.148,208,451,0.461,0.448,69,92,0.75,43,125,168,228,61,17,108,179,497,11.1,0.479,0.056,0.192,3.4,10.3,6.7,22.3,2.0,0.7,17.2,17.6,0.0,1.1,1.1,0.037,-2.2,0.2,-2.1,0.0,0,0.0,OOR,1981
Calvin Murphy,PG,32,HOU,76,2014,528,1074,0.492,4,17,0.235,524,1057,0.496,0.493,206,215,0.958,33,54,87,222,111,6,129,209,1266,18.1,0.542,0.016,0.2,1.8,3.0,2.4,17.2,2.6,0.2,9.9,26.1,4.0,1.3,5.4,0.128,0.9,-0.1,0.8,1.4,0,0.0,OOR,1981
Swen Nater,C,31,SDC,82,2809,517,935,0.553,0,0,0.0,517,935,0.553,0.553,244,307,0.795,295,722,1017,199,49,46,211,295,1278,18.2,0.597,0.0,0.328,11.7,31.4,21.1,10.2,0.8,1.0,16.5,18.6,5.5,3.1,8.6,0.147,1.5,-0.8,0.7,1.9,0,0.0,OOR,1981
Calvin Natt,SF,24,POR,74,2111,395,794,0.497,4,8,0.5,391,786,0.497,0.5,200,283,0.707,149,282,431,159,73,18,163,188,994,14.8,0.541,0.01,0.356,7.7,14.6,11.1,10.0,1.6,0.5,15.1,20.3,2.2,2.0,4.2,0.095,0.1,-0.9,-0.8,0.7,0,0.0,OOR,1981
Kenny Natt,SG,22,IND,19,149,25,77,0.325,2,8,0.25,23,69,0.333,0.338,7,11,0.636,9,6,15,10,5,1,10,18,59,5.2,0.36,0.104,0.143,6.4,4.5,5.5,9.4,1.6,0.4,10.9,24.7,-0.3,0.1,-0.2,-0.075,-5.1,-1.8,-6.9,-0.3,0,0.0,OOR,1981
Mike Newlin,SG,32,NJN,79,2911,632,1272,0.497,10,30,0.333,622,1242,0.501,0.501,414,466,0.888,78,141,219,299,87,9,248,237,1688,15.6,0.571,0.024,0.366,3.0,5.6,4.2,15.5,1.4,0.2,14.4,23.4,4.8,1.3,6.1,0.1,0.6,-1.4,-0.8,0.9,0,0.0,OOR,1981
Carl Nicks,PG,22,UTA,67,1109,172,359,0.479,0,4,0.0,172,355,0.485,0.479,71,126,0.563,37,73,110,149,60,3,116,141,415,10.2,0.501,0.011,0.351,3.7,7.2,5.4,18.1,2.5,0.1,21.9,19.3,-0.7,0.5,-0.2,-0.008,-3.3,-0.8,-4.1,-0.6,0,0.0,OOR,1981
Mike Niles,SF,25,PHO,44,231,48,138,0.348,2,4,0.5,46,134,0.343,0.355,17,37,0.459,26,32,58,15,8,1,25,41,115,6.7,0.373,0.029,0.268,12.6,15.0,13.8,9.3,1.6,0.2,13.9,30.3,-0.7,0.4,-0.3,-0.062,-6.7,-2.1,-8.8,-0.5,0,0.0,OOR,1981
Norm Nixon,PG,25,LAL,79,2962,576,1210,0.476,2,12,0.167,574,1198,0.479,0.477,196,252,0.778,64,168,232,696,146,11,285,226,1350,15.5,0.511,0.01,0.208,2.5,5.8,4.2,30.9,2.3,0.2,17.7,21.8,2.8,2.7,5.5,0.089,0.3,-1.0,-0.6,1.0,0,0.007,Candidate,1981
Mike O'Koren,SF,22,NJN,79,2473,365,751,0.486,5,18,0.278,360,733,0.491,0.489,135,212,0.637,179,299,478,252,86,27,146,243,870,12.6,0.515,0.024,0.282,8.0,14.0,10.9,14.0,1.6,0.6,14.7,15.8,1.9,2.0,3.8,0.075,-0.3,-0.1,-0.4,1.0,0,0.0,OOR,1981
Mark Olberding,SF,24,SAS,82,2408,348,685,0.508,1,7,0.143,347,678,0.512,0.509,315,380,0.829,146,325,471,277,75,31,202,307,1012,14.8,0.594,0.01,0.555,6.9,14.1,10.6,15.2,1.5,0.7,19.2,17.4,4.4,2.3,6.6,0.132,0.3,-0.2,0.1,1.2,0,0.0,OOR,1981
Jawann Oldham,C,23,DEN,4,21,2,6,0.333,0,0,0.0,2,6,0.333,0.333,0,0,0.0,3,2,5,0,0,2,2,3,4,3.3,0.333,0.0,0.0,14.2,10.0,12.1,0.0,0.0,4.8,25.0,14.1,0.0,0.0,0.0,-0.094,-4.6,-0.4,-5.0,0.0,0,0.0,OOR,1981
Louis Orr,SF,22,IND,82,1787,348,709,0.491,0,6,0.0,348,703,0.495,0.491,163,202,0.807,172,189,361,132,55,25,123,153,859,16.1,0.538,0.008,0.285,10.2,11.9,11.0,10.7,1.5,0.8,13.4,20.6,2.8,1.5,4.3,0.116,1.2,-1.2,0.0,0.9,0,0.0,OOR,1981
Tom Owens,PF,31,POR,79,1843,322,630,0.511,0,4,0.0,322,626,0.514,0.511,191,250,0.764,165,291,456,140,36,47,130,273,835,15.1,0.564,0.006,0.397,9.7,17.2,13.5,9.9,0.9,1.4,14.9,18.7,3.1,1.8,4.8,0.125,-0.3,-0.5,-0.8,0.6,0,0.0,OOR,1981
Robert Parish,C,27,BOS,82,2298,635,1166,0.545,0,1,0.0,635,1165,0.545,0.545,282,397,0.71,245,532,777,144,81,214,191,310,1552,25.2,0.579,0.001,0.34,12.7,25.3,19.3,10.0,1.7,5.1,12.5,27.1,6.0,4.9,10.9,0.228,3.3,2.1,5.4,4.3,0,0.077,Candidate,1981
Sonny Parker,SG,25,GSW,73,1317,191,388,0.492,0,0,0.0,191,388,0.492,0.492,94,128,0.734,101,93,194,106,67,13,84,112,476,13.3,0.536,0.0,0.33,8.4,8.0,8.2,10.6,2.4,0.6,15.9,15.9,1.6,0.7,2.3,0.084,0.3,0.3,0.6,0.9,0,0.0,OOR,1981
Myles Patrick,SF,26,LAL,3,9,2,5,0.4,0,0,0.0,2,5,0.4,0.4,1,2,0.5,1,1,2,1,0,0,1,3,5,6.9,0.425,0.0,0.4,12.8,11.4,12.0,15.2,0.0,0.0,14.5,30.7,0.0,0.0,0.0,-0.036,-4.7,-0.2,-5.0,0.0,0,0.0,OOR,1981
Billy Paultz,PF,32,HOU,81,1659,262,517,0.507,0,3,0.0,262,514,0.51,0.507,75,153,0.49,111,280,391,105,28,72,89,182,599,12.9,0.513,0.006,0.296,7.4,19.0,13.1,8.5,0.8,2.4,13.2,16.5,1.0,1.6,2.7,0.077,-1.0,0.1,-0.9,0.5,0,0.0,OOR,1981
Jim Paxson,SG,23,POR,79,2701,585,1092,0.536,2,30,0.067,583,1062,0.549,0.537,182,248,0.734,74,137,211,299,140,9,131,172,1354,16.9,0.564,0.027,0.227,3.0,5.5,4.3,15.3,2.4,0.2,9.8,19.6,5.6,2.1,7.7,0.136,1.2,0.2,1.4,2.3,0,0.0,OOR,1981
Sam Pellom,PF,29,ATL,77,1472,186,380,0.489,0,1,0.0,186,379,0.491,0.489,81,116,0.698,122,234,356,48,50,92,99,228,453,11.7,0.525,0.003,0.305,9.4,18.5,13.9,4.7,1.6,3.7,18.7,14.9,0.4,1.8,2.2,0.07,-2.4,0.9,-1.4,0.2,0,0.0,OOR,1981
Roger Phegley,SG,24,CLE,82,2269,474,965,0.491,8,28,0.286,466,937,0.497,0.495,224,267,0.839,90,156,246,184,65,15,165,262,1180,14.3,0.545,0.029,0.277,4.2,8.0,6.0,11.8,1.4,0.4,13.2,22.1,2.9,0.8,3.7,0.078,-0.5,-1.1,-1.6,0.3,0,0.0,OOR,1981
Stan Pietkiewicz,SG,24,DAL,42,461,57,138,0.413,19,48,0.396,38,90,0.422,0.482,11,14,0.786,13,29,42,77,15,2,22,28,144,12.3,0.499,0.348,0.101,3.1,7.4,5.2,24.4,1.6,0.2,13.2,15.0,0.5,0.1,0.6,0.058,0.9,-0.6,0.4,0.2,0,0.0,OOR,1981
Ben Poquette,PF,25,UTA,82,2808,324,614,0.528,3,6,0.5,321,608,0.528,0.53,126,162,0.778,160,469,629,161,67,174,122,342,777,13.0,0.567,0.01,0.264,6.6,18.9,12.8,7.9,1.2,3.6,15.1,12.4,2.9,2.5,5.4,0.092,-1.1,0.9,-0.2,1.3,0,0.0,OOR,1981
Kevin Porter,PG,30,WSB,81,2577,446,859,0.519,3,12,0.25,443,847,0.523,0.521,191,247,0.773,35,89,124,734,110,10,251,257,1086,16.2,0.561,0.014,0.288,1.4,3.7,2.5,39.3,2.0,0.2,20.6,19.0,3.8,2.6,6.4,0.119,1.3,0.3,1.7,2.4,0,0.0,OOR,1981
Tony Price,SG,24,SDC,5,29,2,7,0.286,0,0,0.0,2,7,0.286,0.286,0,0,0.0,0,0,0,3,2,1,2,3,4,2.4,0.286,0.0,0.0,0.0,0.0,0.0,12.7,3.3,2.0,22.2,12.7,-0.1,0.0,-0.1,-0.089,-4.5,0.2,-4.3,0.0,0,0.0,OOR,1981
Wally Rank,SF,22,SDC,25,153,21,57,0.368,0,0,0.0,21,57,0.368,0.368,13,28,0.464,17,13,30,17,7,1,26,33,55,4.0,0.397,0.0,0.491,12.4,10.4,11.4,14.9,2.2,0.4,27.3,25.4,-0.6,0.1,-0.4,-0.14,-6.3,-1.2,-7.5,-0.3,0,0.0,OOR,1981
Kelvin Ransey,PG,22,POR,80,2431,525,1162,0.452,3,31,0.097,522,1131,0.462,0.453,164,219,0.749,42,153,195,555,88,9,232,201,1217,14.9,0.484,0.027,0.188,1.9,6.9,4.4,31.4,1.7,0.2,15.6,24.3,1.3,1.6,2.8,0.056,0.1,-2.0,-1.9,0.1,1,0.016,Candidate,1981
Clifford Ray,C,32,GSW,66,838,64,152,0.421,0,0,0.0,64,152,0.421,0.421,29,62,0.468,73,144,217,52,24,13,74,194,157,4.7,0.438,0.0,0.408,9.5,19.4,14.4,7.5,1.4,0.9,29.2,12.0,-0.9,0.6,-0.3,-0.018,-5.9,0.3,-5.6,-0.8,0,0.0,OOR,1981
James Ray,PF,23,DEN,18,148,15,49,0.306,0,1,0.0,15,48,0.313,0.306,7,10,0.7,13,24,37,11,4,4,13,31,37,4.2,0.346,0.02,0.204,8.8,17.0,12.8,8.8,1.2,1.4,19.6,16.7,-0.3,0.1,-0.2,-0.07,-5.4,-0.7,-6.1,-0.2,0,0.0,OOR,1981
Billy Reid,SG,23,GSW,59,597,84,185,0.454,0,5,0.0,84,180,0.467,0.454,22,39,0.564,27,33,60,71,33,5,78,111,190,6.2,0.47,0.027,0.211,4.9,6.2,5.6,15.6,2.6,0.5,27.8,18.6,-1.0,0.3,-0.6,-0.05,-5.4,-0.2,-5.6,-0.5,0,0.0,OOR,1981
Robert Reid,SF,25,HOU,82,2963,536,1113,0.482,0,4,0.0,536,1109,0.483,0.482,229,303,0.756,164,419,583,344,163,66,198,325,1301,16.4,0.522,0.004,0.272,6.1,15.9,11.0,16.1,2.6,1.2,13.7,19.8,3.6,3.6,7.2,0.116,0.8,1.3,2.1,3.0,0,0.0,OOR,1981
Kevin Restani,SF,29,SAS,64,999,192,369,0.52,3,8,0.375,189,361,0.524,0.524,62,88,0.705,71,103,174,81,16,14,68,103,449,13.8,0.551,0.022,0.238,8.1,10.8,9.5,11.4,0.7,0.7,14.3,18.9,1.4,0.6,2.1,0.1,0.4,-1.6,-1.3,0.2,0,0.0,OOR,1981
Clint Richardson,SG,24,PHI,77,1313,227,464,0.489,0,1,0.0,227,463,0.49,0.489,84,108,0.778,83,93,176,152,36,10,110,102,538,12.2,0.526,0.002,0.233,7.4,7.2,7.3,15.6,1.3,0.4,17.7,19.1,0.8,1.6,2.4,0.087,-0.6,-0.5,-1.1,0.3,0,0.0,OOR,1981
Micheal Ray Richardson,SG,25,NYK,79,3175,523,1116,0.469,23,102,0.225,500,1014,0.493,0.479,224,338,0.663,173,372,545,627,232,35,302,258,1293,17.1,0.511,0.091,0.303,6.0,13.9,9.8,27.5,3.5,0.6,19.3,20.0,2.2,4.7,6.9,0.104,1.4,1.9,3.2,4.2,0,0.01,Candidate,1981
Anthony Roberts,SF,25,WSB,26,350,54,144,0.375,0,0,0.0,54,144,0.375,0.375,19,29,0.655,18,50,68,20,11,0,28,52,127,6.2,0.405,0.0,0.201,5.4,15.1,10.2,7.7,1.5,0.0,15.2,21.2,-0.7,0.5,-0.2,-0.032,-6.0,-0.3,-6.2,-0.4,0,0.0,OOR,1981
Rick Robey,C,25,BOS,82,1569,298,547,0.545,0,1,0.0,298,546,0.546,0.545,144,251,0.574,132,258,390,126,38,19,141,204,740,14.9,0.563,0.002,0.459,10.0,18.0,14.2,11.2,1.2,0.7,17.7,20.7,1.6,2.1,3.7,0.114,-0.3,-0.1,-0.3,0.7,0,0.0,OOR,1981
Cliff Robinson,PF,20,NJN,63,1822,525,1070,0.491,1,1,1.0,524,1069,0.49,0.491,178,248,0.718,120,361,481,105,58,52,182,216,1229,17.9,0.521,0.001,0.232,7.3,22.9,14.9,9.8,1.5,1.6,13.4,29.5,0.4,2.1,2.5,0.065,0.0,-0.9,-0.9,0.5,0,0.0,OOR,1981
Truck Robinson,PF,29,PHO,82,3088,647,1280,0.505,0,0,0.0,647,1280,0.505,0.505,249,396,0.629,216,573,789,206,68,38,250,220,1543,14.9,0.531,0.0,0.309,7.9,20.1,14.1,9.6,1.0,0.7,14.7,21.5,2.4,5.3,7.6,0.119,-0.3,-0.4,-0.7,1.0,0,0.009,Candidate,1981
Wayne Robinson,PF,22,DET,81,1592,234,509,0.46,0,6,0.0,234,503,0.465,0.46,175,240,0.729,117,177,294,112,46,24,149,186,643,11.5,0.523,0.012,0.472,8.1,13.7,10.7,10.5,1.4,0.9,19.5,19.4,0.2,1.5,1.7,0.052,-2.0,-0.7,-2.7,-0.3,0,0.0,OOR,1981
Bill Robinzine,PF,28,DAL,78,2016,392,826,0.475,1,6,0.167,391,820,0.477,0.475,218,281,0.776,168,365,533,118,75,9,187,275,1003,14.8,0.528,0.007,0.34,9.1,21.4,15.0,9.5,1.8,0.3,16.5,23.5,0.7,1.5,2.3,0.054,-1.2,-1.2,-2.4,-0.2,0,0.0,OOR,1981
Dave Robisch,C,31,DEN,84,2116,330,740,0.446,0,0,0.0,330,740,0.446,0.446,200,247,0.81,157,342,499,173,37,34,83,173,860,14.1,0.507,0.0,0.334,7.5,17.2,12.2,10.4,0.8,0.8,8.9,16.5,3.2,0.9,4.2,0.095,0.6,-1.1,-0.5,0.8,0,0.0,OOR,1981
John Roche,PG,31,DEN,26,611,82,179,0.458,9,27,0.333,73,152,0.48,0.483,58,77,0.753,5,32,37,140,17,8,52,44,231,13.1,0.543,0.151,0.43,0.8,5.5,3.1,28.2,1.2,0.7,19.6,16.1,0.7,0.1,0.8,0.06,0.6,-2.0,-1.4,0.1,0,0.0,OOR,1981
Tree Rollins,C,25,ATL,40,1044,116,210,0.552,0,1,0.0,116,209,0.555,0.552,46,57,0.807,102,184,286,35,29,117,57,151,278,14.5,0.591,0.005,0.271,11.1,20.5,15.7,4.7,1.3,6.7,19.5,11.6,1.1,1.5,2.6,0.12,-0.7,2.5,1.7,1.0,0,0.0,OOR,1981
Lorenzo Romar,PG,22,GSW,53,726,87,211,0.412,2,6,0.333,85,205,0.415,0.417,43,63,0.683,10,46,56,136,27,3,52,64,219,10.2,0.459,0.028,0.299,1.5,7.1,4.3,23.9,1.8,0.2,17.9,15.9,0.2,0.2,0.5,0.03,-1.8,-0.8,-2.7,-0.1,0,0.0,OOR,1981
Dan Roundfield,PF,27,ATL,63,2128,426,808,0.527,0,1,0.0,426,807,0.528,0.527,256,355,0.721,231,403,634,161,76,119,178,258,1108,20.7,0.575,0.001,0.439,12.3,22.0,17.1,12.1,1.7,3.3,15.6,22.3,4.2,2.8,7.0,0.159,2.3,0.8,3.1,2.7,0,0.0,OOR,1981
Campy Russell,SF,29,NYK,79,2865,508,1095,0.464,8,26,0.308,500,1069,0.468,0.468,268,343,0.781,109,244,353,257,99,8,212,248,1292,12.9,0.518,0.024,0.313,4.2,10.1,7.0,12.7,1.6,0.2,14.5,20.7,1.8,2.5,4.3,0.071,-1.0,-0.7,-1.6,0.3,0,0.0,OOR,1981
Frankie Sanders,SF,24,KCK,23,186,34,77,0.442,0,0,0.0,34,77,0.442,0.442,20,22,0.909,6,15,21,17,16,1,21,20,88,13.0,0.508,0.0,0.286,3.6,8.9,6.3,12.7,4.1,0.3,19.5,24.0,-0.1,0.3,0.1,0.035,-3.3,0.9,-2.4,0.0,0,0.0,OOR,1981
DeWayne Scales,PF,22,NYK,44,484,94,225,0.418,1,6,0.167,93,219,0.425,0.42,26,39,0.667,47,85,132,10,12,4,30,54,215,11.5,0.444,0.027,0.173,10.7,20.8,15.6,3.0,1.2,0.5,11.0,22.8,-0.3,0.6,0.3,0.028,-3.1,-2.5,-5.6,-0.4,0,0.0,OOR,1981
Alvin Scott,SF,25,PHO,82,1423,173,348,0.497,1,6,0.167,172,342,0.503,0.499,97,127,0.764,101,167,268,114,60,70,77,124,444,13.4,0.55,0.017,0.365,8.0,12.7,10.4,10.2,1.9,2.8,16.0,13.2,1.6,2.6,4.3,0.144,0.1,2.2,2.3,1.6,0,0.0,OOR,1981
Craig Shelton,SF,23,ATL,55,586,100,219,0.457,0,1,0.0,100,218,0.459,0.457,35,58,0.603,59,79,138,27,18,5,61,128,235,8.8,0.481,0.005,0.265,11.4,15.7,13.5,7.0,1.5,0.5,20.0,21.6,-0.5,0.5,0.0,-0.002,-5.0,-1.4,-6.5,-0.7,0,0.0,OOR,1981
Lonnie Shelton,PF,25,SEA,14,440,73,174,0.42,0,0,0.0,73,174,0.42,0.42,36,55,0.655,31,47,78,35,22,3,41,48,182,10.9,0.459,0.0,0.316,7.9,11.5,9.7,11.7,2.4,0.4,17.1,22.1,-0.4,0.5,0.1,0.016,-2.8,-0.3,-3.0,-0.1,0,0.0,OOR,1981
Purvis Short,SF,23,GSW,79,2309,549,1157,0.475,3,17,0.176,546,1140,0.479,0.476,168,205,0.82,151,240,391,249,78,19,143,244,1269,17.0,0.509,0.015,0.177,7.1,11.7,9.4,16.2,1.6,0.5,10.3,23.9,4.3,1.1,5.4,0.111,1.5,-0.8,0.6,1.5,0,0.0,OOR,1981
John Shumate,PF,28,SAS,24,527,56,131,0.427,0,0,0.0,56,131,0.427,0.427,55,76,0.724,34,54,88,24,21,9,42,49,167,9.3,0.508,0.0,0.58,7.3,10.7,9.1,5.7,1.9,0.9,20.3,15.6,0.0,0.5,0.5,0.045,-2.1,-0.6,-2.6,-0.1,0,0.0,OOR,1981
Jerry Sichting,PG,24,IND,47,450,34,95,0.358,0,5,0.0,34,90,0.378,0.358,25,32,0.781,11,32,43,70,23,1,28,38,93,8.4,0.426,0.053,0.337,2.6,8.0,5.2,19.2,2.4,0.1,20.4,12.2,-0.1,0.4,0.3,0.032,-3.3,0.5,-2.7,-0.1,0,0.0,OOR,1981
Jack Sikma,C,25,SEA,82,2920,595,1311,0.454,0,5,0.0,595,1306,0.456,0.454,340,413,0.823,184,668,852,248,78,93,201,282,1530,18.0,0.512,0.004,0.315,7.1,24.6,16.0,13.2,1.3,1.7,11.9,23.6,3.5,4.5,8.0,0.132,0.9,0.5,1.4,2.5,0,0.016,Candidate,1981
James Silas,PG,31,SAS,75,2055,476,997,0.477,0,2,0.0,476,995,0.478,0.477,374,440,0.85,44,187,231,285,51,12,159,129,1326,19.4,0.557,0.002,0.441,2.4,9.5,6.1,20.7,1.2,0.3,11.8,26.1,5.7,1.3,7.0,0.164,2.6,-1.6,1.0,1.6,0,0.004,Candidate,1981
Larry Smith,PF,23,GSW,82,2578,304,594,0.512,0,0,0.0,304,594,0.512,0.512,177,301,0.588,433,561,994,93,70,63,146,316,785,14.8,0.54,0.0,0.507,18.3,24.5,21.4,4.6,1.3,1.4,16.7,13.4,3.7,2.4,6.1,0.113,0.7,-1.2,-0.5,1.0,0,0.0,OOR,1981
Phil Smith,SG,28,SDC,76,2378,519,1057,0.491,4,18,0.222,515,1039,0.496,0.493,237,313,0.757,49,107,156,372,84,18,176,231,1279,16.2,0.535,0.017,0.296,2.3,5.5,3.8,23.6,1.7,0.4,12.8,23.5,3.8,1.0,4.8,0.097,0.9,-1.1,-0.2,1.1,0,0.0,OOR,1981
Randy Smith,SG,32,CLE,82,2199,486,1043,0.466,1,28,0.036,485,1015,0.478,0.466,221,271,0.815,46,147,193,357,113,14,195,132,1194,17.0,0.514,0.027,0.26,2.2,7.8,4.9,23.9,2.4,0.4,14.4,24.8,2.1,1.3,3.3,0.073,1.0,-0.5,0.5,1.4,0,0.0,OOR,1981
Robert Smith,PG,25,CLE,1,20,2,5,0.4,0,0,0.0,2,5,0.4,0.4,4,4,1.0,1,2,3,3,0,0,3,6,8,7.2,0.592,0.0,0.8,5.3,11.6,8.3,18.8,0.0,0.0,30.7,19.6,0.0,0.0,0.0,0.019,-4.4,-0.2,-4.6,0.0,0,0.0,OOR,1981
Ricky Sobers,PG,28,CHI,71,1803,355,769,0.462,17,66,0.258,338,703,0.481,0.473,231,247,0.935,46,98,144,284,98,17,206,225,958,15.6,0.546,0.086,0.321,3.0,5.9,4.6,23.3,2.6,0.5,19.0,24.5,2.2,1.6,3.8,0.101,-0.1,-0.5,-0.6,0.6,0,0.0,OOR,1981
Jim Spanarkel,SF,23,DAL,82,2317,404,866,0.467,1,10,0.1,403,856,0.471,0.467,375,423,0.887,142,155,297,232,117,20,172,230,1184,17.3,0.563,0.012,0.488,6.7,7.9,7.3,15.8,2.5,0.5,14.1,22.1,4.5,1.1,5.5,0.115,1.4,-0.1,1.2,1.9,0,0.0,OOR,1981
Rory Sparrow,PG,22,NJN,15,212,22,63,0.349,0,0,0.0,22,63,0.349,0.349,12,16,0.75,7,11,18,32,13,3,18,15,56,8.2,0.4,0.0,0.254,3.6,6.0,4.8,19.5,2.8,0.8,20.4,16.4,-0.3,0.2,-0.1,-0.023,-3.3,0.3,-3.0,-0.1,0,0.0,OOR,1981
John Stroud,SF,23,HOU,9,88,11,34,0.324,0,0,0.0,11,34,0.324,0.324,3,4,0.75,7,6,13,9,1,0,4,7,25,6.4,0.35,0.0,0.118,8.8,7.7,8.2,13.2,0.5,0.0,10.1,18.3,-0.1,0.0,-0.1,-0.036,-3.4,-1.2,-4.6,-0.1,0,0.0,OOR,1981
Brian Taylor,PG,29,SDC,80,2312,310,591,0.525,44,115,0.383,266,476,0.559,0.562,146,185,0.789,58,93,151,440,118,23,111,212,810,15.9,0.602,0.195,0.313,2.8,4.9,3.8,25.5,2.4,0.6,14.2,13.8,5.6,1.4,7.1,0.146,1.7,0.6,2.3,2.5,0,0.0,OOR,1981
Carlos Terry,SG,24,WSB,26,504,80,160,0.5,0,6,0.0,80,154,0.519,0.5,28,42,0.667,43,73,116,70,27,13,57,68,188,13.7,0.527,0.038,0.263,8.9,15.3,12.1,18.8,2.5,1.4,24.2,18.8,-0.1,0.9,0.8,0.074,-1.2,2.5,1.4,0.4,0,0.0,OOR,1981
Reggie Theus,SG,23,CHI,82,2820,543,1097,0.495,18,90,0.2,525,1007,0.521,0.503,445,550,0.809,124,163,287,426,122,20,259,258,1549,18.4,0.578,0.082,0.501,5.2,6.3,5.8,22.2,2.1,0.4,16.2,23.1,7.1,2.1,9.2,0.156,2.4,-0.6,1.8,2.7,0,0.009,Candidate,1981
David Thompson,SG,26,DEN,77,2620,734,1451,0.506,10,39,0.256,724,1412,0.513,0.509,489,615,0.795,107,180,287,231,53,60,250,231,1967,19.4,0.571,0.027,0.424,4.1,7.2,5.6,13.2,0.9,1.2,12.7,27.9,6.0,0.4,6.4,0.117,3.0,-2.1,0.9,1.9,0,0.0,OOR,1981
Mychal Thompson,C,26,POR,79,2790,569,1151,0.494,0,1,0.0,569,1150,0.495,0.494,207,323,0.641,223,463,686,284,62,170,241,260,1345,16.6,0.52,0.001,0.281,8.7,18.1,13.4,13.8,1.0,3.4,15.7,21.8,2.1,3.3,5.3,0.092,0.5,0.4,0.9,2.1,0,0.0,OOR,1981
Rudy Tomjanovich,PF,32,HOU,52,1264,263,563,0.467,12,51,0.235,251,512,0.49,0.478,65,82,0.793,78,130,208,81,19,6,58,121,603,13.5,0.503,0.091,0.146,6.8,11.6,9.2,9.2,0.7,0.3,8.8,21.1,1.5,0.6,2.1,0.079,-0.1,-1.9,-2.0,0.0,0,0.0,OOR,1981
Andrew Toney,SG,23,PHI,75,1768,399,806,0.495,9,29,0.31,390,777,0.502,0.501,161,226,0.712,32,111,143,273,59,10,219,234,968,12.7,0.535,0.036,0.28,2.1,6.4,4.4,22.4,1.5,0.3,19.5,25.7,0.0,2.2,2.2,0.061,-2.1,-1.0,-3.0,-0.4,0,0.0,OOR,1981
Terry Tyler,SF,24,DET,82,2549,476,895,0.532,0,8,0.0,476,887,0.537,0.532,148,250,0.592,198,369,567,136,112,180,163,215,1100,17.2,0.547,0.009,0.279,8.5,17.9,12.9,8.4,2.1,4.1,14.0,18.5,2.5,3.9,6.4,0.121,0.7,1.6,2.3,2.8,0,0.0,OOR,1981
Wes Unseld,C,34,WSB,63,2032,225,429,0.524,2,4,0.5,223,425,0.525,0.527,55,86,0.64,207,466,673,170,52,36,97,171,507,13.5,0.543,0.009,0.2,10.6,24.3,17.4,10.6,1.2,1.0,17.2,11.1,2.1,3.4,5.5,0.13,0.0,1.8,1.7,1.9,0,0.0,OOR,1981
Ronnie Valentine,SF,23,DEN,24,123,37,98,0.378,1,2,0.5,36,96,0.375,0.383,9,19,0.474,10,20,30,7,7,4,16,23,84,10.3,0.395,0.02,0.194,8.1,17.0,12.4,8.8,2.5,1.7,13.1,36.9,-0.4,0.1,-0.3,-0.128,-5.6,-1.6,-7.2,-0.2,0,0.0,OOR,1981
Jan van Breda Kolff,SF,29,NJN,78,1426,100,245,0.408,2,8,0.25,98,237,0.414,0.412,98,117,0.838,48,154,202,129,38,50,108,214,300,6.5,0.506,0.033,0.478,3.7,12.5,8.0,11.2,1.2,2.0,26.7,11.2,-0.6,1.2,0.6,0.019,-3.9,0.8,-3.1,-0.4,0,0.0,OOR,1981
Kiki Vandeweghe,SF,22,DEN,51,1376,229,537,0.426,0,7,0.0,229,530,0.432,0.426,130,159,0.818,86,184,270,94,29,24,86,116,588,11.9,0.484,0.013,0.296,6.2,14.0,10.0,8.7,0.9,0.9,12.4,18.7,0.7,0.5,1.2,0.04,-1.0,-1.7,-2.7,-0.3,0,0.0,OOR,1981
Brett Vroman,C,25,UTA,11,93,10,27,0.37,0,1,0.0,10,26,0.385,0.37,14,19,0.737,7,18,25,9,5,5,9,26,34,11.8,0.481,0.037,0.704,8.7,22.0,15.4,13.1,2.6,3.1,20.3,20.5,0.0,0.1,0.1,0.048,-4.5,0.8,-3.6,0.0,0,0.0,OOR,1981
Foots Walker,PG,29,NJN,41,1172,72,169,0.426,2,9,0.222,70,160,0.438,0.432,88,111,0.793,22,80,102,253,52,1,85,105,234,10.1,0.537,0.053,0.657,2.1,7.9,4.9,26.4,2.0,0.0,28.1,10.2,0.7,0.8,1.5,0.06,-2.1,0.0,-2.1,0.0,0,0.0,OOR,1981
Wally Walker,SF,26,SEA,82,1796,290,626,0.463,0,3,0.0,290,623,0.465,0.463,109,169,0.645,105,210,315,122,53,15,115,168,689,11.3,0.492,0.005,0.27,6.6,12.6,9.6,9.9,1.4,0.5,14.1,18.5,0.3,1.7,2.1,0.055,-1.6,-0.5,-2.1,-0.1,0,0.0,OOR,1981
Lloyd Walton,PG,27,KCK,61,821,90,218,0.413,0,1,0.0,90,217,0.415,0.413,26,33,0.788,13,35,48,208,32,2,80,45,206,9.9,0.443,0.005,0.151,1.8,4.7,3.2,32.0,1.8,0.1,25.6,15.8,-0.5,0.6,0.1,0.005,-1.7,-1.4,-3.0,-0.2,0,0.0,OOR,1981
Kermit Washington,PF,29,POR,73,2120,325,571,0.569,0,1,0.0,325,570,0.57,0.569,181,288,0.628,236,450,686,149,85,86,144,258,831,17.4,0.596,0.002,0.504,12.1,23.2,17.6,8.9,1.9,2.2,17.1,15.7,3.6,3.1,6.8,0.153,0.9,0.7,1.7,2.0,0,0.0,OOR,1981
Richard Washington,PF,25,CLE,80,1812,340,747,0.455,1,2,0.5,339,745,0.455,0.456,119,159,0.748,158,295,453,129,46,61,129,283,800,13.6,0.49,0.003,0.213,9.2,19.0,13.9,10.2,1.2,1.9,13.6,21.1,0.7,1.4,2.1,0.056,-1.8,-0.4,-2.2,-0.1,0,0.0,OOR,1981
Marvin Webster,C,28,NYK,82,1708,159,341,0.466,1,4,0.25,158,337,0.469,0.468,104,163,0.638,162,303,465,72,27,97,103,187,423,10.8,0.512,0.012,0.478,10.5,21.0,15.5,5.3,0.8,3.3,20.0,12.3,0.5,2.2,2.7,0.076,-2.0,0.5,-1.4,0.2,0,0.0,OOR,1981
Scott Wedman,SF,28,KCK,81,2902,685,1437,0.477,25,77,0.325,660,1360,0.485,0.485,140,204,0.686,128,305,433,226,97,46,161,294,1535,14.8,0.503,0.054,0.142,4.9,11.6,8.3,11.7,1.6,0.9,9.5,24.1,1.7,2.9,4.7,0.077,-0.4,-0.7,-1.1,0.7,0,0.0,OOR,1981
Paul Westphal,SG,30,SEA,36,1078,221,500,0.442,6,25,0.24,215,475,0.453,0.448,153,184,0.832,11,57,68,148,46,14,78,70,601,16.5,0.517,0.05,0.368,1.1,5.7,3.5,21.5,2.0,0.7,11.8,24.9,1.5,0.9,2.4,0.106,1.0,-0.2,0.8,0.7,0,0.0,OOR,1981
Jo Jo White,PG,34,KCK,13,236,36,82,0.439,0,0,0.0,36,82,0.439,0.439,11,18,0.611,3,18,21,37,11,1,18,21,83,10.4,0.462,0.0,0.22,1.4,8.4,4.9,21.0,2.2,0.2,16.7,19.0,-0.1,0.2,0.1,0.021,-3.0,0.0,-3.0,-0.1,0,0.0,OOR,1981
Rudy White,SG,27,SEA,16,208,23,65,0.354,0,1,0.0,23,64,0.359,0.354,15,16,0.938,1,10,11,20,9,1,12,23,61,6.6,0.423,0.015,0.246,0.5,5.2,2.9,12.8,2.1,0.3,14.3,16.3,-0.1,0.2,0.0,0.001,-4.3,-0.1,-4.4,-0.1,0,0.0,OOR,1981
Jerome Whitehead,C,24,SDC,48,688,83,180,0.461,0,1,0.0,83,179,0.464,0.461,28,56,0.5,58,156,214,26,20,9,56,122,194,8.3,0.474,0.006,0.311,9.3,27.5,18.0,5.0,1.4,0.8,21.5,15.5,-0.6,0.8,0.2,0.011,-4.5,-0.7,-5.2,-0.6,0,0.0,OOR,1981
Hawkeye Whitney,SG,23,KCK,47,782,149,306,0.487,2,6,0.333,147,300,0.49,0.49,50,65,0.769,29,77,106,68,47,6,48,98,350,14.0,0.523,0.02,0.212,4.1,10.9,7.5,12.2,2.8,0.4,12.5,20.3,0.5,1.0,1.5,0.091,-1.8,1.1,-0.7,0.3,0,0.0,OOR,1981
Sidney Wicks,PF,31,SDC,49,1083,125,286,0.437,0,1,0.0,125,285,0.439,0.437,76,150,0.507,79,144,223,111,40,40,94,168,326,9.7,0.463,0.003,0.524,8.1,16.2,12.0,13.4,1.8,2.1,21.1,16.8,-0.7,1.0,0.4,0.016,-3.3,0.7,-2.6,-0.2,0,0.0,OOR,1981
Michael Wiley,PF,23,SAS,33,271,76,138,0.551,0,2,0.0,76,136,0.559,0.551,36,48,0.75,22,42,64,11,8,6,28,38,188,19.8,0.591,0.014,0.348,9.2,16.2,12.9,6.5,1.4,1.2,15.0,27.4,0.5,0.3,0.8,0.144,0.3,-1.0,-0.8,0.1,0,0.0,OOR,1981
Bob Wilkerson,SG,26,CHI,80,2238,330,715,0.462,1,10,0.1,329,705,0.467,0.462,137,163,0.84,86,196,282,272,102,23,175,170,798,12.3,0.507,0.014,0.228,4.6,9.6,7.2,16.7,2.2,0.6,18.2,17.5,1.2,2.0,3.2,0.068,-0.9,0.2,-0.7,0.7,0,0.0,OOR,1981
Jamaal Wilkes,SF,27,LAL,81,3028,786,1495,0.526,1,13,0.077,785,1482,0.53,0.526,254,335,0.758,146,289,435,235,121,29,207,223,1827,18.0,0.556,0.009,0.224,5.6,9.8,7.8,11.2,1.9,0.5,11.2,24.5,5.5,3.0,8.5,0.135,1.4,-0.8,0.5,1.9,0,0.028,Candidate,1981
James Wilkes,SF,22,CHI,48,540,85,184,0.462,0,1,0.0,85,183,0.464,0.462,29,42,0.69,36,60,96,30,25,12,34,86,199,11.2,0.491,0.005,0.228,7.9,12.1,10.1,7.8,2.2,1.3,14.4,17.9,0.2,0.6,0.8,0.072,-2.3,0.3,-2.0,0.0,0,0.0,OOR,1981
Jeff Wilkins,C,25,UTA,56,1058,117,260,0.45,0,0,0.0,117,260,0.45,0.45,27,40,0.675,62,212,274,40,32,46,59,169,261,9.2,0.47,0.0,0.154,6.8,22.7,14.9,5.2,1.5,2.5,17.5,13.7,-0.5,1.1,0.5,0.024,-4.1,0.1,-4.0,-0.5,0,0.0,OOR,1981
Freeman Williams,SG,24,SDC,82,1976,642,1381,0.465,48,141,0.34,594,1240,0.479,0.482,253,297,0.852,75,54,129,164,91,5,166,157,1585,20.2,0.524,0.102,0.215,4.2,3.3,3.8,14.9,2.2,0.1,9.9,34.6,3.1,0.9,4.0,0.096,3.1,-1.9,1.2,1.6,0,0.0,OOR,1981
Ray Williams,PG,26,NYK,79,2742,616,1335,0.461,16,68,0.235,600,1267,0.474,0.467,312,382,0.817,122,199,321,432,185,37,235,270,1560,19.0,0.519,0.051,0.286,4.9,8.6,6.7,23.9,3.2,0.8,13.5,25.7,3.8,3.4,7.2,0.127,2.0,1.1,3.0,3.5,0,0.0,OOR,1981
Sly Williams,PF,23,NYK,67,1976,349,708,0.493,2,8,0.25,347,700,0.496,0.494,185,268,0.69,159,257,416,180,116,18,141,199,885,16.6,0.536,0.011,0.379,8.9,15.4,12.0,12.9,2.8,0.5,14.6,19.9,2.4,2.7,5.1,0.124,0.9,0.8,1.7,1.9,0,0.0,OOR,1981
John Williamson,SG,29,WSB,9,112,18,56,0.321,1,6,0.167,17,50,0.34,0.33,5,6,0.833,0,7,7,17,4,1,12,13,42,4.2,0.358,0.107,0.107,0.0,6.6,3.3,20.6,1.7,0.5,17.0,25.3,-0.4,0.1,-0.3,-0.117,-5.2,-0.5,-5.7,-0.2,0,0.0,OOR,1981
Bill Willoughby,SF,23,HOU,55,1145,150,287,0.523,0,0,0.0,150,287,0.523,0.523,49,64,0.766,74,153,227,64,18,31,74,102,349,10.8,0.554,0.0,0.223,7.1,15.0,11.0,7.2,0.8,1.5,19.0,13.8,0.6,0.8,1.5,0.062,-1.3,-0.3,-1.6,0.1,0,0.0,OOR,1981
Brian Winters,SG,28,MIL,69,1771,331,697,0.475,18,51,0.353,313,646,0.485,0.488,119,137,0.869,32,108,140,229,70,10,136,185,799,12.5,0.528,0.073,0.197,2.1,6.6,4.4,17.1,1.8,0.3,15.2,19.8,1.6,1.9,3.5,0.095,-1.1,-0.3,-1.4,0.3,0,0.0,OOR,1981
Mike Woodson,SG,22,NYK,81,949,165,373,0.442,1,5,0.2,164,368,0.446,0.444,49,64,0.766,33,64,97,75,36,12,54,95,380,10.9,0.474,0.013,0.172,3.8,8.0,5.8,11.1,1.8,0.7,11.9,19.5,0.0,0.8,0.9,0.044,-2.1,-0.3,-2.4,-0.1,0,0.0,OOR,1981
Sam Worthen,PG,23,CHI,64,945,95,192,0.495,0,4,0.0,95,188,0.505,0.495,45,60,0.75,22,93,115,115,57,6,91,115,235,8.9,0.538,0.021,0.313,2.8,10.8,6.9,15.7,2.9,0.4,29.4,13.3,-0.4,1.0,0.7,0.035,-3.3,1.4,-1.9,0.0,0,0.0,OOR,1981
Larry Wright,PG,26,DET,45,997,140,303,0.462,2,7,0.286,138,296,0.466,0.465,53,66,0.803,26,62,88,153,42,7,74,114,335,11.1,0.504,0.023,0.218,2.9,7.7,5.1,22.6,2.0,0.4,18.2,16.5,0.4,0.9,1.2,0.06,-2.2,0.1,-2.1,0.0,0,0.0,OOR,1981
