Player,Pos,Age,Tm,G,GS,MP,FG,FGA,FG%,3P,3PA,3P%,2P,2PA,2P%,eFG%,FT,FTA,FT%,ORB,DRB,TRB,AST,STL,BLK,TOV,PF,PTS
Precious Achiuwa,PF,21,MIA,47,2,593,101,178,.567,0,0,,101,178,.567,.567,47,94,.500,58,111,169,25,15,24,38,72,249
Jaylen Adams,PG,24,MIL,7,0,18,1,8,.125,0,2,.000,1,6,.167,.125,0,0,,0,3,3,2,0,0,0,1,2
Steven Adams,C,27,NOP,45,45,1268,156,250,.624,0,3,.000,156,247,.632,.624,47,105,.448,176,227,403,89,41,30,67,93,359
Bam Adebayo,C,23,MIA,44,44,1480,317,564,.562,2,8,.250,315,556,.567,.564,211,253,.834,105,316,421,235,38,52,118,97,847
LaMarcus Aldridge,C,35,TOT,24,21,629,127,276,.460,29,78,.372,98,198,.495,.513,35,41,.854,18,94,112,45,11,24,23,42,318
LaMarcus Aldridge,C,35,SAS,21,18,544,115,248,.464,27,75,.360,88,173,.509,.518,31,37,.838,17,77,94,36,8,18,20,36,288
LaMarcus Aldridge,F-C,35,BRK,3,3,85,12,28,.429,2,3,.667,10,25,.400,.464,4,4,1.000,1,17,18,9,3,6,3,6,30
Ty-Shon Alexander,SG,22,PHO,5,0,15,1,5,.200,1,3,.333,0,2,.000,.300,1,2,.500,0,2,2,1,0,0,0,1,4
Nickeil Alexander-Walker,SG,22,NOP,41,10,851,158,378,.418,65,187,.348,93,191,.487,.504,39,52,.750,10,116,126,81,40,21,57,77,420
Grayson Allen,SG,25,MEM,34,22,824,112,265,.423,74,180,.411,38,85,.447,.562,47,52,.904,14,98,112,70,35,7,33,44,345
Jarrett Allen,C,22,TOT,44,26,1262,209,330,.633,5,12,.417,204,318,.642,.641,152,216,.704,134,302,436,74,20,74,65,70,575
Jarrett Allen,C,22,BRK,12,5,320,44,65,.677,0,0,,44,65,.677,.677,46,61,.754,38,87,125,20,7,19,22,21,134
Jarrett Allen,C,22,CLE,32,21,942,165,265,.623,5,12,.417,160,253,.632,.632,106,155,.684,96,215,311,54,13,55,43,49,441
Al-Farouq Aminu,PF,30,TOT,18,14,379,36,90,.400,7,32,.219,29,58,.500,.439,16,19,.842,20,76,96,29,17,9,27,24,95
Al-Farouq Aminu,PF,30,ORL,17,14,367,36,89,.404,7,31,.226,29,58,.500,.444,14,17,.824,20,71,91,29,17,9,25,22,93
Al-Farouq Aminu,PF,30,CHI,1,0,12,0,1,.000,0,1,.000,0,0,,.000,2,2,1.000,0,5,5,0,0,0,2,2,2
Kyle Anderson,PF,27,MEM,45,45,1215,204,432,.472,59,166,.355,145,266,.545,.541,88,116,.759,31,229,260,151,52,35,60,71,555
Giannis Antetokounmpo,PF,26,MIL,45,45,1529,468,829,.565,51,169,.302,417,660,.632,.595,307,447,.687,80,432,512,277,51,60,169,129,1294
Kostas Antetokounmpo,PF,23,LAL,9,0,35,2,5,.400,0,0,,2,5,.400,.400,2,6,.333,2,10,12,0,2,3,8,3,6
Thanasis Antetokounmpo,SF,28,MIL,37,1,363,51,91,.560,7,20,.350,44,71,.620,.599,12,26,.462,36,48,84,28,14,7,29,48,121
Carmelo Anthony,PF,36,POR,48,3,1233,234,564,.415,84,220,.382,150,344,.436,.489,104,120,.867,25,130,155,80,38,32,49,107,656
Cole Anthony,PG,20,ORL,25,17,667,101,269,.375,27,83,.325,74,186,.398,.426,46,55,.836,20,91,111,94,17,11,51,51,275
OG Anunoby,SF,23,TOR,32,32,1071,174,363,.479,74,186,.398,100,177,.565,.581,57,76,.750,47,144,191,60,53,25,56,87,479
Ryan Arcidiacono,PG,26,CHI,30,0,332,33,86,.384,16,50,.320,17,36,.472,.477,12,16,.750,3,43,46,42,7,0,7,35,94
Trevor Ariza,SF,35,MIA,9,6,221,22,65,.338,11,38,.289,11,27,.407,.423,9,13,.692,4,33,37,12,5,7,4,10,64
D.J. Augustin,PG,33,TOT,47,6,918,103,262,.393,62,165,.376,41,97,.423,.511,60,65,.923,16,60,76,152,25,1,52,45,328
D.J. Augustin,PG,33,MIL,37,6,713,71,192,.370,49,129,.380,22,63,.349,.497,36,40,.900,11,39,50,110,20,1,34,33,227
D.J. Augustin,PG,33,HOU,10,0,205,32,70,.457,13,36,.361,19,34,.559,.550,24,25,.960,5,21,26,42,5,0,18,12,101
,,,,,,,,,,,,,,,,,,,,,,,,,,,,
Deni Avdija,SF,20,WAS,45,23,1050,111,264,.420,45,143,.315,66,121,.545,.506,22,34,.647,19,204,223,52,25,11,30,121,289
Deandre Ayton,C,22,PHO,49,49,1494,309,506,.611,4,17,.235,305,489,.624,.615,102,133,.767,158,371,529,72,19,55,81,148,724
Udoka Azubuike,C,21,UTA,12,0,49,4,7,.571,0,0,,4,7,.571,.571,4,6,.667,4,9,13,0,1,4,3,8,12
Dwayne Bacon,SG,25,ORL,50,32,1284,192,484,.397,48,153,.314,144,331,.435,.446,90,108,.833,16,134,150,62,27,4,34,83,522
Marvin Bagley III,PF,21,SAC,37,37,951,209,416,.502,34,96,.354,175,320,.547,.543,61,109,.560,91,184,275,35,18,19,49,90,513
LaMelo Ball,PG,19,CHO,41,21,1174,237,526,.451,81,216,.375,156,310,.503,.528,97,123,.789,54,186,240,251,65,14,115,116,652
Lonzo Ball,PG,23,NOP,39,39,1242,204,479,.426,122,311,.392,82,168,.488,.553,36,46,.783,23,139,162,220,53,21,82,81,566
Mo Bamba,C,22,ORL,28,0,323,65,138,.471,15,49,.306,50,89,.562,.525,14,24,.583,35,81,116,12,5,25,14,49,159
Desmond Bane,SG,22,MEM,43,11,970,152,318,.478,74,164,.451,78,154,.506,.594,28,33,.848,17,117,134,60,28,7,40,84,406
Harrison Barnes,PF,28,SAC,48,48,1725,257,521,.493,71,196,.362,186,325,.572,.561,168,203,.828,57,266,323,174,38,9,74,62,753
RJ Barrett,SG,20,NYK,51,51,1733,333,748,.445,65,181,.359,268,567,.473,.489,152,207,.734,56,245,301,154,37,13,103,132,883
Will Barton,SF,30,DEN,46,42,1432,215,501,.429,79,210,.376,136,291,.467,.508,65,87,.747,32,162,194,145,40,22,77,74,574
Keita Bates-Diop,SF,25,SAS,16,0,118,11,32,.344,5,15,.333,6,17,.353,.422,7,10,.700,5,15,20,7,6,1,1,5,34
Nicolas Batum,SF,32,LAC,48,38,1372,137,299,.458,86,203,.424,51,96,.531,.602,40,48,.833,40,196,236,117,55,18,38,78,400
Aron Baynes,C,34,TOR,47,31,870,113,267,.423,21,90,.233,92,177,.520,.463,27,37,.730,78,163,241,43,13,20,41,105,274
Kent Bazemore,SF,31,GSW,48,1,784,102,230,.443,42,111,.378,60,119,.504,.535,33,48,.688,17,121,138,72,40,23,53,103,279
Darius Bazley,PF,20,OKC,36,36,1104,158,403,.392,54,186,.290,104,217,.479,.459,57,81,.704,22,248,270,54,18,23,63,31,427
Bradley Beal,SG,27,WAS,41,41,1454,449,926,.485,90,266,.338,359,660,.544,.533,296,328,.902,46,160,206,196,49,15,137,102,1284
Malik Beasley,SG,24,MIN,37,36,1214,264,600,.440,128,321,.399,136,279,.487,.547,68,80,.850,28,134,162,88,30,7,60,62,724
Jordan Bell,C,26,WAS,3,1,50,5,15,.333,0,2,.000,5,13,.385,.333,0,0,,5,11,16,5,1,3,3,4,10
,,,,,,,,,,,,,,,,,,,,,,,,,,,,
DeAndre' Bembry,SF,26,TOR,34,8,599,71,130,.546,9,29,.310,62,101,.614,.581,21,31,.677,19,69,88,69,24,11,36,57,172
Dāvis Bertāns,PF,28,WAS,37,5,908,121,305,.397,105,270,.389,16,35,.457,.569,60,70,.857,15,93,108,33,23,8,23,91,407
Patrick Beverley,PG,32,LAC,29,29,689,80,181,.442,50,119,.420,30,62,.484,.580,31,39,.795,27,80,107,60,25,23,27,91,241
Saddiq Bey,SF,21,DET,48,31,1187,162,408,.397,105,279,.376,57,129,.442,.526,77,88,.875,26,167,193,62,30,5,35,82,506
Tyler Bey,SF,22,DAL,10,0,33,3,11,.273,0,1,.000,3,10,.300,.273,2,4,.500,5,7,12,1,0,1,0,4,8
Khem Birch,C,28,ORL,47,5,936,94,207,.454,4,21,.190,90,186,.484,.464,63,85,.741,116,125,241,52,31,28,23,64,255
Goga Bitadze,C,21,IND,29,0,284,52,103,.505,8,33,.242,44,70,.629,.544,23,33,.697,34,46,80,11,5,28,11,50,135
Bismack Biyombo,C,28,CHO,47,28,1002,106,184,.576,0,1,.000,106,183,.579,.576,39,81,.481,95,150,245,62,13,54,49,111,251
Nemanja Bjelica,PF,32,TOT,30,1,491,76,166,.458,20,68,.294,56,98,.571,.518,33,45,.733,24,87,111,54,9,2,31,57,205
Nemanja Bjelica,PF,32,SAC,26,1,439,69,150,.460,17,58,.293,52,92,.565,.517,32,42,.762,24,76,100,49,8,2,28,48,187
Nemanja Bjelica,PF,32,MIA,4,0,52,7,16,.438,3,10,.300,4,6,.667,.531,1,3,.333,0,11,11,5,1,0,3,9,18
Eric Bledsoe,SG,31,NOP,48,47,1443,199,483,.412,87,241,.361,112,242,.463,.502,77,114,.675,20,143,163,186,35,16,77,80,562
Keljin Blevins,SF,25,POR,10,0,51,2,14,.143,0,5,.000,2,9,.222,.143,0,0,,0,2,2,4,2,0,3,4,4
Bogdan Bogdanović,SG,28,ATL,25,8,637,111,253,.439,58,151,.384,53,102,.520,.553,19,21,.905,11,74,85,71,20,7,25,56,299
Bojan Bogdanović,SF,31,UTA,50,50,1505,244,584,.418,121,311,.389,123,273,.451,.521,132,153,.863,27,169,196,94,26,3,68,82,741
Bol Bol,PF,21,DEN,20,2,107,19,36,.528,9,18,.500,10,18,.556,.653,4,7,.571,0,16,16,6,2,6,9,11,51
Marques Bolden,C,22,CLE,6,0,29,1,3,.333,0,0,,1,3,.333,.333,5,8,.625,3,3,6,0,2,2,2,0,7
Jordan Bone,PG,23,ORL,14,0,196,23,54,.426,10,32,.313,13,22,.591,.519,0,0,,4,20,24,18,2,0,3,11,56
Isaac Bonga,SF,21,WAS,30,7,355,24,63,.381,11,37,.297,13,26,.500,.468,3,6,.500,17,42,59,19,8,7,16,52,62
Devin Booker,SG,24,PHO,45,45,1525,427,858,.498,97,264,.367,330,594,.556,.554,213,249,.855,16,169,185,205,39,11,145,128,1164
Chris Boucher,C,28,TOR,50,5,1156,231,445,.519,74,186,.398,157,259,.606,.602,121,157,.771,91,222,313,50,29,98,37,133,657
Brian Bowen,SF,22,IND,3,0,8,1,2,.500,0,0,,1,2,.500,.500,1,1,1.000,0,1,1,0,0,0,0,1,3
,,,,,,,,,,,,,,,,,,,,,,,,,,,,
Avery Bradley,SG,30,TOT,15,2,334,46,108,.426,22,61,.361,24,47,.511,.528,8,11,.727,4,27,31,27,9,2,14,39,122
Avery Bradley,SG,30,MIA,10,1,211,31,66,.470,16,38,.421,15,28,.536,.591,7,9,.778,2,16,18,14,7,1,9,26,85
Avery Bradley,SG,30,HOU,5,1,123,15,42,.357,6,23,.261,9,19,.474,.429,1,2,.500,2,11,13,13,2,1,5,13,37
Tony Bradley,C,23,TOT,25,8,390,69,103,.670,0,3,.000,69,100,.690,.670,16,22,.727,49,90,139,23,8,17,14,39,154
Tony Bradley,C,23,PHI,20,8,287,51,75,.680,0,1,.000,51,74,.689,.680,7,11,.636,39,65,104,17,6,13,6,28,109
Tony Bradley,C,23,OKC,5,0,103,18,28,.643,0,2,.000,18,26,.692,.643,9,11,.818,10,25,35,6,2,4,8,11,45
Jarrell Brantley,PF,24,UTA,16,0,55,10,23,.435,5,14,.357,5,9,.556,.543,2,2,1.000,3,10,13,4,3,1,1,9,27
Ignas Brazdeikis,SF,22,TOT,5,0,15,0,4,.000,0,1,.000,0,3,.000,.000,2,2,1.000,1,3,4,1,0,0,1,0,2
Ignas Brazdeikis,SF,22,NYK,4,0,7,0,1,.000,0,0,,0,1,.000,.000,2,2,1.000,1,1,2,1,0,0,1,0,2
Ignas Brazdeikis,F,22,PHI,1,0,8,0,3,.000,0,1,.000,0,2,.000,.000,0,0,,0,2,2,0,0,0,0,0,0
Mikal Bridges,SF,24,PHO,49,49,1587,245,462,.530,87,211,.412,158,251,.629,.624,79,96,.823,58,173,231,113,45,44,41,75,656
Miles Bridges,PF,22,CHO,49,3,1311,183,370,.495,64,167,.383,119,203,.586,.581,58,66,.879,63,219,282,97,31,35,76,104,488
Malcolm Brogdon,PG,28,IND,44,44,1550,353,771,.458,118,293,.403,235,478,.492,.534,109,125,.872,36,173,209,258,45,10,94,85,933
Dillon Brooks,SF,25,MEM,44,44,1276,266,660,.403,80,243,.329,186,417,.446,.464,95,114,.833,36,94,130,105,55,17,85,151,707
Bruce Brown,PG,24,BRK,47,30,1022,163,297,.549,10,41,.244,153,256,.598,.566,59,78,.756,72,144,216,71,35,14,37,99,395
Jaylen Brown,SG,24,BOS,46,46,1552,422,872,.484,122,307,.397,300,565,.531,.554,152,201,.756,56,206,262,165,57,23,125,131,1118
Moses Brown,C,21,OKC,21,10,413,67,117,.573,0,0,,67,117,.573,.573,47,78,.603,65,108,173,4,11,24,16,40,181
Sterling Brown,SG,25,HOU,48,14,1178,141,317,.445,85,203,.419,56,114,.491,.579,25,28,.893,38,181,219,69,37,12,38,95,392
Troy Brown Jr.,SF,21,TOT,25,0,362,42,108,.389,17,53,.321,25,55,.455,.468,13,19,.684,15,56,71,23,6,4,17,36,114
Troy Brown Jr.,SF,21,WAS,21,0,287,33,89,.371,14,46,.304,19,43,.442,.449,10,15,.667,11,50,61,19,3,4,16,29,90
Troy Brown Jr.,SF,21,CHI,4,0,75,9,19,.474,3,7,.429,6,12,.500,.553,3,4,.750,4,6,10,4,3,0,1,7,24
Jalen Brunson,PG,24,DAL,45,10,1142,219,407,.538,56,139,.403,163,268,.608,.607,93,116,.802,16,143,159,151,25,0,60,76,587
Thomas Bryant,C,23,WAS,10,10,271,59,91,.648,9,21,.429,50,70,.714,.698,16,24,.667,18,43,61,15,4,8,11,31,143
Reggie Bullock,SF,29,NYK,44,43,1225,152,353,.431,97,240,.404,55,113,.487,.568,30,34,.882,11,138,149,60,32,8,31,99,431
Trey Burke,PG,28,DAL,47,0,682,115,257,.447,47,126,.373,68,131,.519,.539,34,40,.850,5,37,42,64,25,3,24,48,311
Alec Burks,SG,29,NYK,39,5,1013,167,394,.424,79,189,.418,88,205,.429,.524,82,96,.854,19,152,171,86,29,11,39,80,495
Jimmy Butler,SF,31,MIA,35,35,1178,246,507,.485,14,68,.206,232,439,.528,.499,236,277,.852,71,192,263,256,69,13,76,51,742
Bruno Caboclo,PF,25,HOU,6,0,36,8,17,.471,0,5,.000,8,12,.667,.471,1,2,.500,3,11,14,1,0,2,4,6,17
,,,,,,,,,,,,,,,,,,,,,,,,,,,,
Devontae Cacok,PF,24,LAL,12,1,54,10,17,.588,0,0,,10,17,.588,.588,3,7,.429,8,10,18,1,5,2,3,5,23
Kentavious Caldwell-Pope,SG,27,LAL,46,46,1221,129,314,.411,69,174,.397,60,140,.429,.521,58,69,.841,21,99,120,69,37,13,50,75,385
Facundo Campazzo,PG,29,DEN,43,1,769,63,171,.368,41,120,.342,22,51,.431,.488,34,42,.810,11,51,62,118,43,9,41,83,201
Vlatko Čančar,PF,23,DEN,25,0,148,14,33,.424,5,18,.278,9,15,.600,.500,5,6,.833,5,24,29,8,8,2,9,13,38
Clint Capela,C,26,ATL,44,44,1310,288,488,.590,0,0,,288,488,.590,.590,89,151,.589,211,414,625,35,33,100,55,103,665
Vernon Carey Jr.,C,19,CHO,9,0,30,2,6,.333,0,3,.000,2,3,.667,.333,1,2,.500,2,7,9,1,0,2,2,1,5
Jevon Carter,PG,25,PHO,37,0,373,39,104,.375,22,69,.319,17,35,.486,.481,2,2,1.000,6,41,47,43,15,7,7,38,102
Wendell Carter Jr.,C,21,TOT,37,27,930,157,299,.525,9,30,.300,148,269,.550,.540,100,134,.746,86,211,297,79,22,31,57,106,423
Wendell Carter Jr.,C,21,CHI,32,25,792,129,252,.512,8,22,.364,121,230,.526,.528,82,111,.739,70,180,250,69,18,24,49,96,348
Wendell Carter Jr.,C,21,ORL,5,2,138,28,47,.596,1,8,.125,27,39,.692,.606,18,23,.783,16,31,47,10,4,7,8,10,75
Michael Carter-Williams,SG,29,ORL,26,20,684,87,229,.380,11,47,.234,76,182,.418,.404,40,60,.667,34,86,120,115,17,14,59,72,225
Alex Caruso,PG,26,LAL,40,0,810,80,196,.408,36,90,.400,44,106,.415,.500,32,49,.653,22,97,119,97,45,10,45,71,228
Willie Cauley-Stein,C,27,DAL,35,11,599,79,127,.622,1,8,.125,78,119,.655,.626,33,50,.660,40,110,150,26,11,28,16,80,192
Chris Chiozza,PG,25,BRK,19,0,184,23,69,.333,11,35,.314,12,34,.353,.413,10,13,.769,3,17,20,52,6,4,14,14,67
Marquese Chriss,PF,23,GSW,2,0,27,5,14,.357,1,5,.200,4,9,.444,.393,2,4,.500,3,10,13,2,0,2,2,3,13
Gary Clark,SF,26,ORL,35,11,637,40,131,.305,31,108,.287,9,23,.391,.424,8,10,.800,33,79,112,30,12,7,17,34,119
Brandon Clarke,PF,24,MEM,41,16,1056,200,382,.524,19,60,.317,181,322,.562,.548,60,87,.690,61,164,225,70,44,35,24,63,479
Jordan Clarkson,SG,28,UTA,50,0,1271,314,742,.423,151,432,.350,163,310,.526,.525,85,89,.955,39,160,199,110,43,7,85,75,864
Nicolas Claxton,C,21,BRK,19,0,343,61,104,.587,1,4,.250,60,100,.600,.591,19,37,.514,30,61,91,19,12,25,11,35,142
Amir Coffey,SG,23,LAC,33,0,265,34,70,.486,19,43,.442,15,27,.556,.621,9,17,.529,6,21,27,15,7,0,11,13,96
John Collins,PF,23,ATL,47,47,1422,333,611,.545,60,158,.380,273,453,.603,.594,129,154,.838,98,267,365,65,25,49,57,152,855
Mike Conley,PG,33,UTA,40,40,1188,230,502,.458,112,266,.421,118,236,.500,.570,92,108,.852,31,108,139,221,55,6,77,75,664
,,,,,,,,,,,,,,,,,,,,,,,,,,,,
Pat Connaughton,SG,28,MIL,46,2,1069,113,253,.447,66,169,.391,47,84,.560,.577,23,30,.767,45,175,220,62,32,17,21,72,315
Quinn Cook,PG,27,TOT,23,0,157,29,68,.426,11,26,.423,18,42,.429,.507,7,8,.875,2,15,17,18,4,1,7,10,76
Quinn Cook,PG,27,LAL,16,0,62,12,26,.462,5,13,.385,7,13,.538,.558,4,5,.800,0,5,5,5,1,1,3,2,33
Quinn Cook,PG,27,CLE,7,0,95,17,42,.405,6,13,.462,11,29,.379,.476,3,3,1.000,2,10,12,13,3,0,4,8,43
Tyler Cook,SF-PF,23,TOT,14,0,152,17,30,.567,0,0,,17,30,.567,.567,5,11,.455,11,21,32,7,2,0,9,18,39
Tyler Cook,PF,23,BRK,4,0,17,1,3,.333,0,0,,1,3,.333,.333,0,0,,1,1,2,2,0,0,1,2,2
Tyler Cook,SF,23,DET,10,0,135,16,27,.593,0,0,,16,27,.593,.593,5,11,.455,10,20,30,5,2,0,8,16,37
DeMarcus Cousins,C,30,HOU,25,11,506,79,210,.376,39,116,.336,40,94,.426,.469,44,59,.746,30,161,191,60,21,18,39,74,241
Robert Covington,PF,30,POR,47,47,1513,148,356,.416,101,255,.396,47,101,.465,.558,32,39,.821,37,282,319,78,76,59,52,129,429
Torrey Craig,SF,30,TOT,27,0,350,42,94,.447,14,39,.359,28,55,.509,.521,3,6,.500,25,54,79,24,17,9,9,43,101
Torrey Craig,SF,30,MIL,18,0,201,18,46,.391,8,22,.364,10,24,.417,.478,1,2,.500,13,30,43,16,9,7,5,24,45
Torrey Craig,SF,30,PHO,9,0,149,24,48,.500,6,17,.353,18,31,.581,.563,2,4,.500,12,24,36,8,8,2,4,19,56
Jae Crowder,PF,30,PHO,46,31,1278,156,382,.408,111,288,.385,45,94,.479,.554,49,60,.817,21,204,225,97,38,19,44,86,472
Jarrett Culver,SG,21,MIN,28,7,446,62,152,.408,10,44,.227,52,108,.481,.441,27,44,.614,32,65,97,18,16,8,25,52,161
Seth Curry,SG,30,PHI,39,39,1136,178,391,.455,81,192,.422,97,199,.487,.559,59,66,.894,7,76,83,111,33,8,53,64,496
Stephen Curry,PG,32,GSW,42,42,1419,407,855,.476,196,483,.406,211,372,.567,.591,225,243,.926,22,207,229,254,56,4,132,74,1235
Nate Darling,SG,22,CHO,4,0,16,2,6,.333,2,6,.333,0,0,,.500,0,0,,1,0,1,1,0,0,0,0,6
Anthony Davis,PF,27,LAL,23,23,755,204,383,.533,17,58,.293,187,325,.575,.555,93,130,.715,47,146,193,70,31,41,45,42,518
Ed Davis,C,31,MIN,19,7,264,18,43,.419,0,0,,18,43,.419,.419,7,8,.875,38,59,97,19,10,10,6,49,43
Terence Davis,SG,23,TOT,40,4,613,110,262,.420,58,159,.365,52,103,.505,.531,20,23,.870,10,72,82,45,22,9,36,58,298
Terence Davis,SG,23,TOR,34,4,493,87,210,.414,44,122,.361,43,88,.489,.519,16,18,.889,9,57,66,37,17,7,29,48,234
Terence Davis,SG,23,SAC,6,0,120,23,52,.442,14,37,.378,9,15,.600,.577,4,5,.800,1,15,16,8,5,2,7,10,64
Matthew Dellavedova,PG,30,CLE,3,0,50,2,12,.167,1,5,.200,1,7,.143,.208,2,2,1.000,2,2,4,15,0,0,0,3,7
DeMar DeRozan,PF,31,SAS,41,41,1395,296,600,.493,18,62,.290,278,538,.517,.508,252,286,.881,27,153,180,289,38,11,76,80,862
Mamadi Diakite,PF,24,MIL,6,0,56,8,18,.444,1,4,.250,7,14,.500,.472,0,0,,5,10,15,4,0,4,1,7,17
Hamidou Diallo,SG-SF,22,TOT,37,5,881,168,341,.493,18,52,.346,150,289,.519,.519,96,148,.649,44,151,195,88,34,16,56,95,450
Hamidou Diallo,SG,22,OKC,32,5,761,143,297,.481,12,41,.293,131,256,.512,.502,83,132,.629,37,128,165,77,31,12,49,83,381
Hamidou Diallo,SF,22,DET,5,0,120,25,44,.568,6,11,.545,19,33,.576,.636,13,16,.813,7,23,30,11,3,4,7,12,69
Gorgui Dieng,C,31,TOT,24,1,385,57,111,.514,24,50,.480,33,61,.541,.622,41,47,.872,28,70,98,29,18,14,23,42,179
Gorgui Dieng,C,31,MEM,22,1,371,56,108,.519,23,48,.479,33,60,.550,.625,38,43,.884,28,70,98,29,17,14,22,38,173
Gorgui Dieng,C,31,SAS,2,0,14,1,3,.333,1,2,.500,0,1,.000,.500,3,4,.750,0,0,0,0,1,0,1,4,6
Spencer Dinwiddie,SG,27,BRK,3,3,64,6,16,.375,2,7,.286,4,9,.444,.438,6,6,1.000,0,13,13,9,2,1,5,4,20
,,,,,,,,,,,,,,,,,,,,,,,,,,,,
Donte DiVincenzo,SG,24,MIL,48,48,1319,188,449,.419,94,245,.384,94,204,.461,.523,37,52,.712,61,206,267,147,55,9,68,78,507
Luka Dončić,PG,21,DAL,44,44,1539,448,922,.486,135,359,.376,313,563,.556,.559,229,312,.734,34,324,358,386,43,26,190,95,1260
Luguentz Dort,SG,21,OKC,41,41,1203,177,459,.386,80,245,.327,97,214,.453,.473,81,106,.764,27,114,141,64,35,15,58,99,515
Damyean Dotson,SG,26,CLE,35,6,658,87,221,.394,32,115,.278,55,106,.519,.466,22,32,.688,5,65,70,74,14,4,28,31,228
Devon Dotson,PG,21,CHI,3,0,15,2,4,.500,0,0,,2,4,.500,.500,0,0,,1,1,2,0,1,0,0,1,4
Sekou Doumbouya,PF,20,DET,41,2,527,58,167,.347,19,76,.250,39,91,.429,.404,24,32,.750,19,67,86,25,15,2,27,58,159
PJ Dozier,SG,24,DEN,34,0,674,85,205,.415,30,86,.349,55,119,.462,.488,29,46,.630,23,100,123,53,17,16,28,61,229
Goran Dragić,PG,34,MIA,31,10,832,151,341,.443,50,142,.352,101,199,.508,.516,65,77,.844,9,93,102,144,17,6,82,71,417
Andre Drummond,C,27,TOT,26,26,736,182,386,.472,0,8,.000,182,378,.481,.472,77,131,.588,101,237,338,66,40,30,84,73,441
Andre Drummond,C,27,CLE,25,25,722,180,380,.474,0,8,.000,180,372,.484,.474,77,129,.597,101,236,337,64,40,29,81,69,437
Andre Drummond,C,27,LAL,1,1,14,2,6,.333,0,0,,2,6,.333,.333,0,2,.000,0,1,1,2,0,1,3,4,4
Jared Dudley,PF,35,LAL,11,0,76,2,7,.286,2,5,.400,0,2,.000,.429,0,0,,4,15,19,5,1,1,2,7,6
Kevin Durant,PF,32,BRK,19,18,679,188,359,.524,49,113,.434,139,246,.565,.592,126,145,.869,7,132,139,100,14,27,67,43,551
Anthony Edwards,SG,19,MIN,51,34,1581,331,840,.394,109,348,.313,222,492,.451,.459,128,163,.785,42,180,222,132,54,23,110,87,899
Carsen Edwards,SG,22,BOS,20,1,191,38,82,.463,13,43,.302,25,39,.641,.543,7,9,.778,2,17,19,9,5,1,3,21,96
CJ Elleby,SF,20,POR,17,0,138,17,46,.370,5,26,.192,12,20,.600,.424,7,11,.636,8,14,22,3,6,3,3,19,46
Henry Ellenson,PF,24,TOR,2,0,38,5,14,.357,2,9,.222,3,5,.600,.429,3,4,.750,3,9,12,5,0,0,0,7,15
Wayne Ellington,SG,33,DET,36,28,820,126,281,.448,95,224,.424,31,57,.544,.617,24,31,.774,9,59,68,51,15,8,26,51,371
Joel Embiid,C,26,PHI,32,32,1039,299,572,.523,38,94,.404,261,478,.546,.556,316,371,.852,71,292,363,103,37,46,103,80,952
James Ennis,SF,30,ORL,33,29,784,94,191,.492,36,80,.450,58,111,.523,.586,50,62,.806,38,94,132,50,29,6,30,68,274
Drew Eubanks,C,23,SAS,30,0,388,53,103,.515,1,1,1.000,52,102,.510,.519,32,45,.711,22,82,104,26,6,30,24,42,139
Dante Exum,SG,25,CLE,6,3,116,10,26,.385,2,11,.182,8,15,.533,.423,1,2,.500,2,15,17,13,4,2,7,9,23
,,,,,,,,,,,,,,,,,,,,,,,,,,,,
Tacko Fall,C,25,BOS,14,0,91,17,23,.739,0,0,,17,23,.739,.739,4,13,.308,11,26,37,2,0,12,4,15,38
Derrick Favors,C,29,UTA,48,0,748,114,183,.623,0,1,.000,114,182,.626,.623,51,69,.739,102,162,264,38,25,48,27,107,279
Cristiano Felício,C,28,CHI,9,0,43,3,4,.750,0,0,,3,4,.750,.750,6,10,.600,6,7,13,5,2,0,3,3,12
Terrance Ferguson,SG,22,PHI,13,0,49,1,7,.143,0,5,.000,1,2,.500,.143,0,0,,0,1,1,2,1,0,4,7,2
Bruno Fernando,C,22,ATL,24,0,171,12,28,.429,0,2,.000,12,26,.462,.429,10,16,.625,13,51,64,9,2,3,17,19,34
Yogi Ferrell,PG,27,CLE,2,0,40,8,21,.381,3,9,.333,5,12,.417,.452,0,2,.000,3,4,7,5,3,1,3,4,19
Dorian Finney-Smith,PF,27,DAL,38,38,1206,124,282,.440,67,183,.366,57,99,.576,.559,23,27,.852,60,141,201,59,33,14,23,96,338
Malachi Flynn,PG,22,TOR,25,0,302,33,98,.337,10,48,.208,23,50,.460,.388,8,11,.727,1,31,32,39,13,3,13,24,84
Bryn Forbes,SG,27,MIL,48,6,914,160,353,.453,103,228,.452,57,125,.456,.599,26,34,.765,8,54,62,28,13,0,27,53,449
Trent Forrest,PG,22,UTA,13,0,72,7,15,.467,0,3,.000,7,12,.583,.467,2,2,1.000,0,7,7,16,4,0,5,5,16
Evan Fournier,SF-SG,28,TOT,30,26,902,186,407,.457,84,211,.398,102,196,.520,.560,101,127,.795,5,77,82,102,32,12,58,65,557
Evan Fournier,SF,28,ORL,26,26,787,170,369,.461,73,188,.388,97,181,.536,.560,98,123,.797,5,70,75,95,27,9,54,55,511
Evan Fournier,SG,28,BOS,4,0,115,16,38,.421,11,23,.478,5,15,.333,.566,3,4,.750,0,7,7,7,5,3,4,10,46
De'Aaron Fox,PG,23,SAC,50,50,1738,446,934,.478,90,276,.326,356,658,.541,.526,249,348,.716,27,138,165,357,69,25,154,147,1231
Tim Frazier,PG,30,MEM,3,0,33,2,8,.250,0,2,.000,2,6,.333,.250,0,0,,0,4,4,7,1,0,3,4,4
Markelle Fultz,PG,22,ORL,8,8,215,41,104,.394,4,16,.250,37,88,.420,.413,17,19,.895,5,20,25,43,8,2,18,18,103
Wenyen Gabriel,PF,23,NOP,7,0,31,0,5,.000,0,1,.000,0,4,.000,.000,1,2,.500,4,6,10,5,0,0,4,2,1
Daniel Gafford,PF-C,22,TOT,33,11,411,70,100,.700,0,0,,70,100,.700,.700,31,46,.674,49,65,114,17,12,39,25,56,171
Daniel Gafford,PF,22,CHI,31,11,383,60,87,.690,0,0,,60,87,.690,.690,27,41,.659,44,59,103,17,11,34,22,54,147
Daniel Gafford,C,22,WAS,2,0,28,10,13,.769,0,0,,10,13,.769,.769,4,5,.800,5,6,11,0,1,5,3,2,24
Danilo Gallinari,PF,32,ATL,37,4,883,146,342,.427,76,191,.398,70,151,.464,.538,120,129,.930,9,142,151,54,20,7,36,75,488
Langston Galloway,SG,29,PHO,34,0,377,57,121,.471,32,71,.451,25,50,.500,.603,17,17,1.000,5,30,35,24,6,0,11,23,163
Darius Garland,PG,21,CLE,41,38,1364,265,593,.447,74,185,.400,191,408,.468,.509,82,97,.845,20,77,97,240,48,4,125,93,686
Marc Gasol,C,36,LAL,41,40,805,66,160,.413,37,101,.366,29,59,.492,.528,33,42,.786,28,136,164,84,22,49,45,94,202
,,,,,,,,,,,,,,,,,,,,,,,,,,,,
Rudy Gay,PF,34,SAS,41,0,897,169,406,.416,70,176,.398,99,230,.430,.502,54,69,.783,34,168,202,64,31,24,42,76,462
Paul George,SF,30,LAC,38,38,1268,298,636,.469,119,281,.423,179,355,.504,.562,127,144,.882,33,207,240,205,43,17,121,88,842
Taj Gibson,PF,35,NYK,24,1,482,48,79,.608,3,14,.214,45,65,.692,.627,21,33,.636,43,77,120,16,17,21,14,49,120
Harry Giles,C,22,POR,26,0,293,31,71,.437,6,13,.462,25,58,.431,.479,14,20,.700,28,89,117,22,6,10,18,48,82
Shai Gilgeous-Alexander,SG,22,OKC,35,35,1180,287,565,.508,71,170,.418,216,395,.547,.571,185,229,.808,19,147,166,207,27,23,106,70,830
Anthony Gill,PF,28,WAS,15,1,85,5,18,.278,1,11,.091,4,7,.571,.306,3,4,.750,8,17,25,4,4,2,4,6,14
Rudy Gobert,C,28,UTA,50,50,1537,275,419,.656,0,3,.000,275,416,.661,.656,179,291,.615,167,494,661,64,24,146,79,117,729
Brandon Goodwin,PG,25,ATL,32,1,355,48,132,.364,20,65,.308,28,67,.418,.439,17,24,.708,5,28,33,52,12,0,19,27,133
Aaron Gordon,PF,25,TOT,29,29,855,153,332,.461,45,121,.372,108,211,.512,.529,70,114,.614,43,142,185,115,21,24,71,53,421
Aaron Gordon,PF,25,ORL,25,25,736,128,293,.437,42,112,.375,86,181,.475,.509,66,105,.629,39,127,166,105,16,20,67,49,364
Aaron Gordon,PF,25,DEN,4,4,119,25,39,.641,3,9,.333,22,30,.733,.679,4,9,.444,4,15,19,10,5,4,4,4,57
Eric Gordon,SG,32,HOU,27,13,789,159,367,.433,69,210,.329,90,157,.573,.527,94,114,.825,8,50,58,71,14,13,51,44,481
Devonte' Graham,PG,25,CHO,39,33,1161,168,451,.373,115,309,.372,53,142,.373,.500,88,106,.830,17,90,107,198,40,3,58,53,539
Jerami Grant,SF,26,DET,47,47,1621,346,814,.425,105,296,.355,241,518,.465,.490,254,296,.858,32,194,226,134,33,52,92,110,1051
Danny Green,SF,33,PHI,50,50,1420,166,402,.413,129,317,.407,37,85,.435,.573,21,29,.724,41,143,184,84,65,44,54,91,482
Draymond Green,PF,30,GSW,42,42,1273,102,245,.416,23,84,.274,79,161,.491,.463,44,57,.772,37,236,273,356,64,31,120,131,271
JaMychal Green,PF,30,DEN,37,4,687,112,243,.461,52,129,.403,60,114,.526,.568,34,41,.829,56,138,194,31,19,13,37,95,310
Javonte Green,SG-PG,27,TOT,27,2,368,40,76,.526,7,23,.304,33,53,.623,.572,20,30,.667,22,36,58,12,20,4,16,35,107
Javonte Green,SG,27,BOS,25,2,345,39,71,.549,7,22,.318,32,49,.653,.599,20,30,.667,20,32,52,11,18,2,13,32,105
Javonte Green,PG,27,CHI,2,0,23,1,5,.200,0,1,.000,1,4,.250,.200,0,0,,2,4,6,1,2,2,3,3,2
Jeff Green,C,34,BRK,47,24,1264,170,347,.490,69,165,.418,101,182,.555,.589,75,100,.750,23,154,177,64,27,17,37,82,484
Josh Green,SG,20,DAL,25,5,276,25,56,.446,2,16,.125,23,40,.575,.464,9,15,.600,16,34,50,14,7,2,14,19,61
Blake Griffin,PF,31,TOT,26,21,743,100,254,.394,45,137,.328,55,117,.470,.482,53,75,.707,11,123,134,90,19,4,38,56,298
Blake Griffin,PF,31,DET,20,20,626,81,222,.365,39,124,.315,42,98,.429,.453,44,62,.710,7,97,104,77,14,2,32,42,245
Blake Griffin,PF,31,BRK,6,1,117,19,32,.594,6,13,.462,13,19,.684,.688,9,13,.692,4,26,30,13,5,2,6,14,53
Kyle Guy,PG,23,SAC,21,0,148,21,56,.375,10,31,.323,11,25,.440,.464,10,12,.833,3,19,22,19,4,0,4,14,62
,,,,,,,,,,,,,,,,,,,,,,,,,,,,
Rui Hachimura,PF,22,WAS,40,40,1269,218,455,.479,35,104,.337,183,351,.521,.518,98,127,.772,34,199,233,64,30,3,49,86,569
Ashton Hagans,PG,21,MIN,2,0,4,0,0,,0,0,,0,0,,,0,0,,0,0,0,0,0,0,1,0,0
Tyrese Haliburton,PG,20,SAC,45,14,1362,228,473,.482,97,232,.418,131,241,.544,.585,35,40,.875,36,112,148,228,56,26,67,63,588
Josh Hall,SF,20,OKC,12,0,148,9,39,.231,2,17,.118,7,22,.318,.256,15,27,.556,1,22,23,17,0,0,14,18,35
R.J. Hampton,PG-SG,19,TOT,30,1,345,46,106,.434,8,29,.276,38,77,.494,.472,15,22,.682,14,58,72,22,10,3,17,28,115
R.J. Hampton,PG,19,DEN,25,0,233,25,60,.417,5,18,.278,20,42,.476,.458,9,12,.750,10,40,50,14,5,2,11,22,64
R.J. Hampton,SG,19,ORL,5,1,112,21,46,.457,3,11,.273,18,35,.514,.489,6,10,.600,4,18,22,8,5,1,6,6,51
Tim Hardaway Jr.,SG,28,DAL,48,20,1394,282,630,.448,143,361,.396,139,269,.517,.561,87,111,.784,15,151,166,81,25,6,42,75,794
James Harden,PG-SG,31,TOT,42,42,1558,334,722,.463,117,327,.358,217,395,.549,.544,275,316,.870,35,301,336,457,50,29,173,95,1060
James Harden,SG,31,HOU,8,8,290,60,135,.444,25,72,.347,35,63,.556,.537,53,60,.883,5,36,41,83,7,6,34,14,198
James Harden,PG,31,BRK,34,34,1268,274,587,.467,92,255,.361,182,332,.548,.545,222,256,.867,30,265,295,374,43,23,139,81,862
Maurice Harkless,SF-PF,27,TOT,17,3,219,13,33,.394,8,23,.348,5,10,.500,.515,4,6,.667,3,19,22,13,4,5,6,28,38
Maurice Harkless,SF,27,MIA,11,3,124,5,13,.385,5,11,.455,0,2,.000,.577,0,2,.000,2,11,13,7,2,4,3,14,15
Maurice Harkless,PF,27,SAC,6,0,95,8,20,.400,3,12,.250,5,8,.625,.475,4,4,1.000,1,8,9,6,2,1,3,14,23
Jared Harper,PG,23,NYK,4,0,9,0,2,.000,0,0,,0,2,.000,.000,2,2,1.000,0,0,0,0,0,0,2,0,2
Montrezl Harrell,C,27,LAL,50,1,1259,307,488,.629,0,10,.000,307,478,.642,.629,142,200,.710,129,212,341,54,35,39,57,100,756
Gary Harris,SG,26,DEN,19,19,581,69,156,.442,24,75,.320,45,81,.556,.519,22,30,.733,13,34,47,32,17,4,14,37,184
Jalen Harris,SG,22,TOR,4,0,14,1,4,.250,1,2,.500,0,2,.000,.375,0,0,,1,2,3,2,1,0,1,2,3
Joe Harris,SF,29,BRK,51,47,1581,265,520,.510,164,339,.484,101,181,.558,.667,32,44,.727,32,154,186,91,31,10,40,107,726
Tobias Harris,PF,28,PHI,45,45,1501,363,692,.525,65,162,.401,298,530,.562,.572,143,159,.899,47,282,329,163,40,38,86,92,934
Shaquille Harrison,SG,27,UTA,17,0,56,6,20,.300,0,2,.000,6,18,.333,.300,5,6,.833,3,6,9,9,2,0,5,3,17
Josh Hart,SF,25,NOP,47,4,1349,151,344,.439,63,193,.326,88,151,.583,.531,69,89,.775,53,324,377,109,38,12,49,111,434
Isaiah Hartenstein,C,22,TOT,34,1,362,57,108,.528,2,5,.400,55,103,.534,.537,30,51,.588,45,76,121,26,11,25,23,75,146
Isaiah Hartenstein,C,22,DEN,30,0,272,41,80,.513,0,0,,41,80,.513,.513,22,36,.611,40,45,85,15,11,20,21,59,104
Isaiah Hartenstein,C,22,CLE,4,1,90,16,28,.571,2,5,.400,14,23,.609,.607,8,15,.533,5,31,36,11,0,5,2,16,42
Jaxson Hayes,C,20,NOP,37,3,527,84,127,.661,1,2,.500,83,125,.664,.665,47,59,.797,42,89,131,22,13,19,23,69,216
Killian Hayes,PG,19,DET,9,7,193,17,59,.288,6,25,.240,11,34,.324,.339,1,2,.500,2,14,16,35,6,2,21,19,41
Gordon Hayward,SF,30,CHO,44,44,1496,311,658,.473,85,205,.415,226,453,.499,.537,156,185,.843,37,221,258,181,52,14,91,74,863
,,,,,,,,,,,,,,,,,,,,,,,,,,,,
Juan Hernangómez,PF,25,MIN,32,6,533,75,173,.434,29,92,.315,46,81,.568,.517,37,56,.661,31,107,138,19,13,2,14,29,216
Willy Hernangómez,C,26,NOP,27,2,443,76,141,.539,1,8,.125,75,133,.564,.543,27,46,.587,65,110,175,30,9,12,15,32,180
Tyler Herro,SG,21,MIA,39,14,1241,225,533,.422,72,223,.323,153,310,.494,.490,83,100,.830,20,181,201,134,26,15,79,54,605
Buddy Hield,SG,28,SAC,51,51,1764,288,727,.396,204,533,.383,84,194,.433,.536,63,74,.851,21,211,232,162,42,18,89,130,843
George Hill,PG,34,OKC,14,14,369,61,120,.508,22,57,.386,39,63,.619,.600,21,25,.840,8,21,29,43,12,2,12,12,165
Solomon Hill,PF,29,ATL,49,4,944,72,196,.367,49,149,.329,23,47,.489,.492,20,27,.741,27,89,116,44,32,8,29,75,213
Nate Hinton,SG,21,DAL,11,0,41,7,19,.368,1,6,.167,6,13,.462,.395,4,6,.667,0,3,3,4,4,1,4,2,19
Jaylen Hoard,F,21,OKC,1,0,22,4,10,.400,0,1,.000,4,9,.444,.400,2,2,1.000,4,2,6,0,1,1,3,1,10
Aaron Holiday,PG,24,IND,46,6,798,120,310,.387,45,132,.341,75,178,.421,.460,35,47,.745,8,49,57,79,29,6,36,74,320
Jrue Holiday,PG,30,MIL,38,35,1203,257,505,.509,71,182,.390,186,323,.576,.579,62,76,.816,47,127,174,207,69,20,75,63,647
Justin Holiday,SG,31,IND,48,39,1524,183,438,.418,122,318,.384,61,120,.508,.557,52,65,.800,26,154,180,80,63,17,42,97,540
Richaun Holmes,C,27,SAC,47,47,1424,282,440,.641,2,9,.222,280,431,.650,.643,100,125,.800,126,298,424,80,31,79,57,173,666
Rodney Hood,SF,28,TOT,42,5,797,80,217,.369,28,94,.298,52,123,.423,.433,14,17,.824,19,58,77,47,21,5,33,65,202
Rodney Hood,SF,28,POR,38,5,726,73,201,.363,25,84,.298,48,117,.410,.425,9,12,.750,18,55,73,47,20,4,31,59,180
Rodney Hood,SF,28,TOR,4,0,71,7,16,.438,3,10,.300,4,6,.667,.531,5,5,1.000,1,3,4,0,1,1,2,6,22
Al Horford,C,34,OKC,28,28,782,162,360,.450,56,152,.368,106,208,.510,.528,18,22,.818,29,159,188,94,25,26,29,48,398
Talen Horton-Tucker,SG,20,LAL,46,1,868,148,332,.446,21,86,.244,127,246,.516,.477,60,72,.833,19,103,122,101,40,20,64,94,377
Danuel House,SF,27,HOU,31,21,843,99,244,.406,50,139,.360,49,105,.467,.508,39,59,.661,18,103,121,59,19,14,30,61,287
Dwight Howard,C,35,PHI,50,5,876,129,221,.584,4,14,.286,125,207,.604,.593,88,155,.568,131,282,413,39,22,47,87,151,350
Markus Howard,SG,21,DEN,22,0,76,9,41,.220,5,29,.172,4,12,.333,.280,1,2,.500,0,7,7,8,2,0,6,11,24
Kevin Huerter,SG,22,ATL,50,35,1540,218,522,.418,103,285,.361,115,237,.485,.516,40,49,.816,31,135,166,173,60,11,62,119,579
Elijah Hughes,SF,22,UTA,10,0,38,7,18,.389,5,13,.385,2,5,.400,.528,3,4,.750,0,6,6,4,1,1,5,0,22
,,,,,,,,,,,,,,,,,,,,,,,,,,,,
De'Andre Hunter,SF,23,ATL,20,18,625,112,223,.502,31,87,.356,81,136,.596,.572,65,75,.867,16,86,102,42,18,10,27,53,320
Chandler Hutchison,SF,24,TOT,12,0,163,16,51,.314,3,13,.231,13,38,.342,.343,8,9,.889,4,38,42,7,4,0,14,17,43
Chandler Hutchison,SF,24,CHI,7,0,64,5,18,.278,1,3,.333,4,15,.267,.306,2,2,1.000,1,19,20,4,1,0,5,9,13
Chandler Hutchison,SF,24,WAS,5,0,99,11,33,.333,2,10,.200,9,23,.391,.364,6,7,.857,3,19,22,3,3,0,9,8,30
Serge Ibaka,C,31,LAC,39,39,919,176,347,.507,38,108,.352,138,239,.577,.562,37,45,.822,68,193,261,68,9,46,44,74,427
Andre Iguodala,SF,37,MIA,45,2,960,70,184,.380,46,138,.333,24,46,.522,.505,21,33,.636,30,145,175,95,45,21,47,61,207
Ersan İlyasova,PF,33,UTA,5,0,30,3,11,.273,2,9,.222,1,2,.500,.364,3,3,1.000,3,4,7,2,1,0,1,6,11
Joe Ingles,SF,33,UTA,46,13,1217,185,346,.535,124,248,.500,61,98,.622,.714,48,55,.873,20,148,168,189,32,9,73,84,542
Brandon Ingram,SF,23,NOP,46,46,1583,391,824,.475,110,285,.386,281,539,.521,.541,205,234,.876,27,199,226,218,29,32,110,92,1097
Kyrie Irving,PG,28,BRK,36,36,1286,391,761,.514,100,255,.392,291,506,.575,.580,126,140,.900,41,137,178,222,45,21,83,99,1008
Wesley Iwundu,SF,26,TOT,27,3,361,24,70,.343,4,29,.138,20,41,.488,.371,17,19,.895,8,47,55,14,12,3,11,33,69
Wesley Iwundu,SF,26,DAL,23,3,288,17,52,.327,3,23,.130,14,29,.483,.356,12,14,.857,6,38,44,10,9,3,6,26,49
Wesley Iwundu,SF,26,NOP,4,0,73,7,18,.389,1,6,.167,6,12,.500,.417,5,5,1.000,2,9,11,4,3,0,5,7,20
Frank Jackson,PG,22,DET,21,4,294,47,108,.435,25,57,.439,22,51,.431,.551,19,23,.826,8,27,35,15,5,0,17,23,138
Josh Jackson,SG,23,DET,45,10,1098,210,500,.420,52,180,.289,158,320,.494,.472,105,146,.719,44,139,183,96,42,33,95,128,577
Justin Jackson,SF,25,OKC,33,3,544,86,212,.406,34,111,.306,52,101,.515,.486,30,35,.857,14,57,71,51,15,2,31,31,236
Reggie Jackson,SG,30,LAC,48,28,1030,168,376,.447,72,176,.409,96,200,.480,.543,44,56,.786,16,111,127,140,28,4,53,91,452
Justin James,SF,24,SAC,25,0,151,18,42,.429,5,17,.294,13,25,.520,.488,5,12,.417,3,8,11,15,3,1,6,10,46
LeBron James,PG,36,LAL,41,41,1388,388,756,.513,98,266,.368,290,490,.592,.578,168,239,.703,24,299,323,323,43,24,152,65,1042
DaQuan Jeffries,SG,23,SAC,18,2,232,24,57,.421,9,28,.321,15,29,.517,.500,6,7,.857,9,20,29,6,7,4,8,23,63
Ty Jerome,SG,23,OKC,17,1,437,60,140,.429,34,83,.410,26,57,.456,.550,6,11,.545,10,42,52,61,12,2,17,32,160
Isaiah Joe,SG,21,PHI,26,1,272,32,91,.352,25,71,.352,7,20,.350,.489,8,9,.889,6,20,26,17,7,4,5,26,97
Alize Johnson,PF,24,BRK,4,0,55,18,26,.692,0,2,.000,18,24,.750,.692,1,1,1.000,8,19,27,4,2,0,1,2,37
Cameron Johnson,PF,24,PHO,43,9,991,149,338,.441,89,233,.382,60,105,.571,.572,35,40,.875,23,114,137,57,25,14,30,57,422
,,,,,,,,,,,,,,,,,,,,,,,,,,,,
James Johnson,PF,33,TOT,32,4,595,86,181,.475,22,74,.297,64,107,.598,.536,23,40,.575,16,84,100,61,28,30,33,68,217
James Johnson,PF,33,DAL,29,1,504,67,145,.462,15,60,.250,52,85,.612,.514,17,29,.586,14,72,86,50,24,23,27,59,166
James Johnson,F,33,NOP,3,3,91,19,36,.528,7,14,.500,12,22,.545,.625,6,11,.545,2,12,14,11,4,7,6,9,51
Keldon Johnson,SF,21,SAS,45,43,1297,226,476,.475,40,121,.331,186,355,.524,.517,102,135,.756,71,222,293,81,24,23,50,94,594
Stanley Johnson,PF,24,TOR,44,6,629,45,117,.385,26,72,.361,19,45,.422,.496,15,19,.789,20,83,103,54,29,13,30,79,131
Tyler Johnson,SG,28,BRK,31,2,522,56,142,.394,38,101,.376,18,41,.439,.528,16,19,.842,5,54,59,29,12,0,13,31,166
Nikola Jokić,C,25,DEN,49,49,1748,508,898,.566,73,171,.427,435,727,.598,.606,202,234,.863,140,397,537,421,74,31,151,133,1291
Damian Jones,C,25,TOT,22,6,206,24,33,.727,0,1,.000,24,32,.750,.727,17,23,.739,15,29,44,5,2,12,11,41,65
Damian Jones,C,25,PHO,14,0,94,8,16,.500,0,1,.000,8,15,.533,.500,6,11,.545,7,11,18,4,1,5,6,19,22
Damian Jones,C,25,LAL,8,6,112,16,17,.941,0,0,,16,17,.941,.941,11,12,.917,8,18,26,1,1,7,5,22,43
Derrick Jones Jr.,SF,23,POR,44,40,1130,128,264,.485,39,119,.328,89,145,.614,.559,51,77,.662,71,115,186,38,33,48,27,106,346
Mason Jones,SG,22,TOT,27,1,316,50,117,.427,23,64,.359,27,53,.509,.526,35,57,.614,6,47,53,40,6,1,28,22,158
Mason Jones,SG,22,HOU,26,1,307,47,114,.412,23,64,.359,24,50,.480,.513,35,57,.614,4,47,51,39,6,1,28,22,152
Mason Jones,G,22,PHI,1,0,9,3,3,1.000,0,0,,3,3,1.000,1.000,0,0,,2,0,2,1,0,0,0,0,6
Tre Jones,PG,21,SAS,23,0,105,18,36,.500,1,1,1.000,17,35,.486,.514,5,5,1.000,5,4,9,11,3,0,9,5,42
Tyus Jones,PG,24,MEM,47,8,922,136,316,.430,31,105,.295,105,211,.498,.479,25,28,.893,17,91,108,194,51,5,38,21,328
DeAndre Jordan,C,32,BRK,46,36,1022,156,203,.768,0,1,.000,156,202,.772,.768,32,65,.492,92,239,331,75,14,56,69,97,344
Cory Joseph,PG,29,TOT,51,2,1104,137,301,.455,34,103,.330,103,198,.520,.512,55,67,.821,29,92,121,141,49,11,60,112,363
Cory Joseph,PG,29,SAC,44,2,944,111,250,.444,31,94,.330,80,156,.513,.506,36,47,.766,25,74,99,108,39,9,44,98,289
Cory Joseph,PG,29,DET,7,0,160,26,51,.510,3,9,.333,23,42,.548,.539,19,20,.950,4,18,22,33,10,2,16,14,74
Mfiondu Kabengele,PF,23,LAC,23,0,94,9,32,.281,4,18,.222,5,14,.357,.344,5,6,.833,1,13,14,5,2,3,6,18,27
Frank Kaminsky,C,27,PHO,32,13,483,82,174,.471,26,64,.406,56,110,.509,.546,20,33,.606,22,96,118,52,10,13,15,42,210
Enes Kanter,C,28,POR,49,32,1297,248,412,.602,0,1,.000,248,411,.603,.602,91,116,.784,209,361,570,62,26,35,58,126,587
Luke Kennard,SG,24,LAC,45,9,884,141,290,.486,75,159,.472,66,131,.504,.616,16,19,.842,12,110,122,77,14,8,35,69,373
Maxi Kleber,PF,29,DAL,36,30,1012,86,198,.434,64,150,.427,22,48,.458,.596,32,35,.914,32,166,198,50,18,27,21,83,268
Nathan Knight,PF,23,ATL,20,0,147,21,49,.429,5,16,.313,16,33,.485,.480,26,32,.813,16,21,37,4,5,6,11,13,73
Kevin Knox,SF,21,NYK,33,0,433,54,133,.406,34,83,.410,20,50,.400,.534,13,16,.813,9,45,54,18,9,6,16,36,155
John Konchar,SG,24,MEM,24,0,334,31,71,.437,9,25,.360,22,46,.478,.500,17,20,.850,22,51,73,24,19,5,10,27,88
,,,,,,,,,,,,,,,,,,,,,,,,,,,,
Furkan Korkmaz,SG,23,PHI,39,5,741,113,291,.388,63,175,.360,50,116,.431,.497,46,62,.742,10,68,78,47,30,7,34,45,335
Luke Kornet,PF-C,25,TOT,18,0,164,19,49,.388,10,35,.286,9,14,.643,.490,2,5,.400,6,27,33,9,2,11,3,7,50
Luke Kornet,PF,25,CHI,13,0,94,9,27,.333,6,23,.261,3,4,.750,.444,2,4,.500,1,14,15,4,2,7,1,1,26
Luke Kornet,C,25,BOS,5,0,70,10,22,.455,4,12,.333,6,10,.600,.545,0,1,.000,5,13,18,5,0,4,2,6,24
Rodions Kurucs,SF-PF,22,TOT,16,0,91,6,24,.250,3,17,.176,3,7,.429,.313,1,2,.500,2,12,14,6,6,4,9,8,16
Rodions Kurucs,PF,22,BRK,5,0,16,1,3,.333,1,2,.500,0,1,.000,.500,0,0,,0,3,3,2,0,0,0,1,3
Rodions Kurucs,SF,22,HOU,11,0,75,5,21,.238,2,15,.133,3,6,.500,.286,1,2,.500,2,9,11,4,6,4,9,7,13
Kyle Kuzma,SF,25,LAL,49,19,1366,241,549,.439,97,271,.358,144,278,.518,.527,42,66,.636,90,244,334,82,22,26,85,84,621
Anthony Lamb,SF,23,HOU,9,0,119,7,34,.206,3,20,.150,4,14,.286,.250,3,4,.750,13,15,28,3,1,1,3,14,20
Jeremy Lamb,SG,28,IND,28,8,602,96,216,.444,42,101,.416,54,115,.470,.542,58,61,.951,20,77,97,46,22,14,17,56,292
Romeo Langford,SG,21,BOS,1,0,12,1,4,.250,1,2,.500,0,2,.000,.375,0,0,,1,0,1,1,1,1,1,0,3
Zach LaVine,SG,25,CHI,47,47,1644,460,901,.511,157,373,.421,303,528,.574,.598,209,245,.853,29,203,232,223,39,20,173,113,1286
Jake Layman,SF,26,MIN,37,10,560,78,159,.491,19,67,.284,59,92,.641,.550,23,32,.719,13,48,61,26,27,16,24,38,198
Jalen Lecque,PG,20,IND,4,0,12,1,9,.111,0,1,.000,1,8,.125,.111,3,3,1.000,2,3,5,2,0,0,0,0,5
Damion Lee,SG,28,GSW,49,1,927,107,236,.453,67,172,.390,40,64,.625,.595,36,40,.900,18,134,152,67,28,6,23,77,317
Saben Lee,PG,21,DET,29,6,455,62,128,.484,7,13,.538,55,115,.478,.512,44,66,.667,13,43,56,90,18,8,29,45,175
Alex Len,C,27,TOT,41,19,638,110,174,.632,6,21,.286,104,153,.680,.649,44,76,.579,41,112,153,35,12,48,37,85,270
Alex Len,C,27,TOR,7,2,76,5,10,.500,3,6,.500,2,4,.500,.650,3,6,.500,0,11,11,3,1,6,8,10,16
Alex Len,C,27,WAS,34,17,562,105,164,.640,3,15,.200,102,149,.685,.649,41,70,.586,41,101,142,32,11,42,29,75,254
Kawhi Leonard,SF,29,LAC,42,42,1452,394,767,.514,81,206,.393,313,561,.558,.566,212,242,.876,50,224,274,207,76,19,80,70,1081
Meyers Leonard,C,28,MIA,3,2,29,3,7,.429,3,7,.429,0,0,,.643,1,2,.500,0,7,7,2,0,0,2,5,10
Caris LeVert,SG,26,TOT,24,16,728,157,378,.415,43,132,.326,114,246,.463,.472,56,72,.778,17,84,101,127,35,7,50,40,413
Caris LeVert,SG,26,BRK,12,4,334,87,200,.435,22,63,.349,65,137,.474,.490,26,34,.765,10,42,52,72,13,6,26,20,222
Caris LeVert,SG,26,IND,12,12,394,70,178,.393,21,69,.304,49,109,.450,.452,30,38,.789,7,42,49,55,22,1,24,20,191
Kira Lewis Jr.,PG,19,NOP,33,0,519,87,206,.422,26,71,.366,61,135,.452,.485,21,28,.750,7,33,40,75,22,6,17,49,221
Damian Lillard,PG,30,POR,47,47,1687,429,958,.448,196,513,.382,233,445,.524,.550,337,360,.936,24,176,200,363,45,12,150,74,1391
Nassir Little,PF,20,POR,30,2,428,53,114,.465,24,62,.387,29,52,.558,.570,31,36,.861,22,60,82,15,4,11,13,33,161
Kevon Looney,C,24,GSW,39,15,599,61,105,.581,4,10,.400,57,95,.600,.600,20,27,.741,62,93,155,71,15,16,22,76,146
,,,,,,,,,,,,,,,,,,,,,,,,,,,,
Brook Lopez,C,32,MIL,49,49,1331,206,428,.481,72,212,.340,134,216,.620,.565,74,88,.841,71,174,245,36,31,70,46,101,558
Robin Lopez,C,32,WAS,49,9,989,169,278,.608,5,17,.294,164,261,.628,.617,72,102,.706,106,97,203,41,14,32,52,85,415
Kevin Love,PF,32,CLE,7,7,128,18,49,.367,10,29,.345,8,20,.400,.469,9,11,.818,4,31,35,14,3,1,11,9,55
Kyle Lowry,PG,34,TOR,39,39,1348,220,505,.436,106,269,.394,114,236,.483,.541,118,134,.881,33,179,212,284,40,10,111,123,664
Timothé Luwawu-Cabarrot,SF,25,BRK,44,7,847,101,276,.366,61,184,.332,40,92,.435,.476,29,36,.806,20,85,105,58,29,6,34,82,292
Trey Lyles,PF,25,SAS,23,9,358,43,90,.478,14,40,.350,29,50,.580,.556,15,23,.652,9,77,86,14,6,1,6,13,115
Will Magnay,C,22,NOP,1,0,3,0,1,.000,0,1,.000,0,0,,.000,0,0,,0,0,0,0,0,0,1,1,0
Thon Maker,C,23,CLE,8,0,76,10,18,.556,0,2,.000,10,16,.625,.556,10,11,.909,8,10,18,4,2,4,3,7,30
Théo Maledon,PG,19,OKC,44,28,1191,142,379,.375,74,202,.366,68,177,.384,.472,54,69,.783,16,136,152,145,40,4,89,96,412
Karim Mané,PG,20,ORL,9,0,84,2,12,.167,1,2,.500,1,10,.100,.208,4,4,1.000,1,13,14,4,0,2,3,9,9
Terance Mann,SG,24,LAC,48,4,867,117,238,.492,22,57,.386,95,181,.525,.538,51,66,.773,45,141,186,70,19,10,31,90,307
Nico Mannion,PG,19,GSW,19,1,275,31,89,.348,18,48,.375,13,41,.317,.449,20,25,.800,2,28,30,51,13,1,23,24,100
Boban Marjanović,C,32,DAL,23,3,209,49,101,.485,0,6,.000,49,95,.516,.485,18,24,.750,39,62,101,7,1,4,9,22,116
Lauri Markkanen,PF,23,CHI,28,25,819,165,346,.477,70,185,.378,95,161,.590,.578,59,70,.843,21,141,162,26,13,11,34,46,459
Naji Marshall,SF,23,NOP,9,1,77,7,20,.350,2,7,.286,5,13,.385,.400,8,11,.727,1,10,11,8,3,2,4,8,24
Caleb Martin,SF,25,CHO,35,1,478,62,159,.390,21,70,.300,41,89,.461,.456,22,37,.595,20,65,85,35,27,7,22,34,167
Cody Martin,SF,25,CHO,37,2,528,57,125,.456,11,39,.282,46,86,.535,.500,17,28,.607,32,63,95,54,22,6,22,33,142
Kelan Martin,SF,25,IND,16,0,70,10,27,.370,5,13,.385,5,14,.357,.463,2,2,1.000,2,11,13,3,4,1,4,6,27
Kenyon Martin Jr.,SF,20,HOU,23,0,443,64,119,.538,9,25,.360,55,94,.585,.576,27,38,.711,40,63,103,18,13,22,20,41,164
Frank Mason III,PG,26,ORL,4,1,79,9,24,.375,2,5,.400,7,19,.368,.417,5,7,.714,3,9,12,12,0,0,5,7,25
,,,,,,,,,,,,,,,,,,,,,,,,,,,,
Garrison Mathews,SG,24,WAS,43,22,802,81,187,.433,63,152,.414,18,35,.514,.602,63,71,.887,14,52,66,20,24,6,7,79,288
Dakota Mathias,SG,25,PHI,8,2,123,19,48,.396,8,26,.308,11,22,.500,.479,2,6,.333,1,6,7,13,1,3,1,7,48
Wesley Matthews,SG,34,LAL,42,5,835,62,175,.354,47,138,.341,15,37,.405,.489,18,21,.857,14,53,67,42,24,13,18,59,189
Tyrese Maxey,SG,20,PHI,42,6,625,130,287,.453,19,66,.288,111,221,.502,.486,30,35,.857,9,61,70,67,15,7,27,48,309
Skylar Mays,SG,23,ATL,22,0,173,25,63,.397,10,27,.370,15,36,.417,.476,17,20,.850,9,14,23,20,8,0,6,11,77
Patrick McCaw,SF,25,TOR,5,0,33,1,1,1.000,0,0,,1,1,1.000,1.000,3,3,1.000,1,2,3,4,2,0,0,6,5
CJ McCollum,SG,29,POR,24,24,787,205,459,.447,99,242,.409,106,217,.488,.554,62,73,.849,12,78,90,115,26,13,32,43,571
T.J. McConnell,PG,28,IND,45,2,1149,160,292,.548,7,24,.292,153,268,.571,.560,18,30,.600,34,129,163,293,77,17,82,71,345
Jaden McDaniels,PF,20,MIN,44,10,961,110,250,.440,50,132,.379,60,118,.508,.540,19,33,.576,35,122,157,48,20,46,29,110,289
Jalen McDaniels,SF,23,CHO,24,1,258,38,85,.447,8,30,.267,30,55,.545,.494,16,23,.696,8,40,48,11,3,5,17,34,100
Doug McDermott,PF,29,IND,46,17,1154,238,457,.521,80,207,.386,158,250,.632,.608,56,67,.836,46,124,170,65,13,4,38,82,612
Sean McDermott,SF,24,MEM,13,0,148,13,30,.433,5,19,.263,8,11,.727,.517,8,8,1.000,6,11,17,4,2,2,4,8,39
JaVale McGee,C,33,TOT,34,1,509,113,216,.523,5,20,.250,108,196,.551,.535,37,57,.649,55,117,172,33,17,40,46,82,268
JaVale McGee,C,33,CLE,33,1,503,112,215,.521,5,20,.250,107,195,.549,.533,36,55,.655,54,116,170,33,16,40,45,80,265
JaVale McGee,C,33,DEN,1,0,6,1,1,1.000,0,0,,1,1,1.000,1.000,1,2,.500,1,1,2,0,1,0,1,2,3
Rodney McGruder,SG,29,DET,16,2,194,37,70,.529,11,24,.458,26,46,.565,.607,6,8,.750,8,14,22,16,8,1,7,12,91
Alfonzo McKinnie,SF,28,LAL,28,0,148,25,48,.521,8,21,.381,17,27,.630,.604,9,13,.692,10,20,30,2,3,0,2,15,67
Jordan McLaughlin,PG,24,MIN,31,2,640,66,175,.377,20,59,.339,46,116,.397,.434,12,16,.750,14,57,71,142,34,6,34,30,164
Ben McLemore,SG,27,HOU,32,4,537,80,224,.357,55,166,.331,25,58,.431,.480,23,32,.719,11,55,66,28,20,3,28,51,238
Nicolò Melli,PF,30,TOT,27,2,330,23,78,.295,9,46,.196,14,32,.438,.353,7,8,.875,17,60,77,31,11,3,8,38,62
Nicolò Melli,PF,30,NOP,22,0,241,15,59,.254,7,37,.189,8,22,.364,.314,6,7,.857,12,45,57,25,9,1,7,28,43
Nicolò Melli,PF,30,DAL,5,2,89,8,19,.421,2,9,.222,6,10,.600,.474,1,1,1.000,5,15,20,6,2,2,1,10,19
De'Anthony Melton,PG,22,MEM,35,1,696,131,273,.480,63,139,.453,68,134,.507,.595,27,35,.771,23,89,112,93,43,17,43,58,352
Sam Merrill,SG,24,MIL,21,1,149,20,43,.465,13,28,.464,7,15,.467,.616,2,2,1.000,6,14,20,16,5,1,8,8,55
,,,,,,,,,,,,,,,,,,,,,,,,,,,,
Chimezie Metu,C,23,SAC,18,0,167,34,58,.586,3,7,.429,31,51,.608,.612,7,10,.700,16,31,47,15,3,10,11,25,78
Khris Middleton,SF,29,MIL,48,48,1607,360,738,.488,105,243,.432,255,495,.515,.559,146,165,.885,37,251,288,262,54,8,134,118,971
Darius Miller,SF,30,OKC,18,0,197,22,48,.458,17,42,.405,5,6,.833,.635,12,12,1.000,2,22,24,21,13,5,8,13,73
Patty Mills,PG,32,SAS,47,0,1222,202,470,.430,126,323,.390,76,147,.517,.564,55,61,.902,16,65,81,120,31,2,45,60,585
Paul Millsap,PF,35,DEN,39,34,882,136,271,.502,40,105,.381,96,166,.578,.576,52,74,.703,56,131,187,67,36,25,33,80,364
Shake Milton,SG,24,PHI,42,2,1022,215,472,.456,45,137,.328,170,335,.507,.503,116,134,.866,25,72,97,127,28,11,72,91,591
Donovan Mitchell,SG,24,UTA,47,47,1570,408,937,.435,159,402,.396,249,535,.465,.520,220,261,.843,46,162,208,255,48,13,133,102,1195
Adam Mokoka,SG,22,CHI,9,0,47,6,15,.400,1,8,.125,5,7,.714,.433,0,0,,1,3,4,4,2,1,2,5,13
Malik Monk,SG,22,CHO,32,0,694,148,322,.460,70,165,.424,78,157,.497,.568,53,65,.815,12,73,85,61,16,4,47,39,419
E'Twaun Moore,SG,31,PHO,24,1,348,43,102,.422,8,29,.276,35,73,.479,.461,8,10,.800,13,29,42,35,14,4,18,31,102
Ja Morant,PG,21,MEM,39,39,1229,265,599,.442,35,138,.254,230,461,.499,.472,176,233,.755,36,96,132,293,35,7,112,58,741
Juwan Morgan,PF,23,UTA,19,0,84,7,17,.412,3,11,.273,4,6,.667,.500,1,5,.200,6,10,16,4,4,0,2,14,18
Marcus Morris,PF,31,LAC,39,11,994,178,392,.454,96,204,.471,82,188,.436,.577,47,55,.855,25,127,152,41,19,10,34,78,499
Markieff Morris,PF,31,LAL,44,20,855,109,256,.426,50,146,.342,59,110,.536,.523,30,41,.732,33,168,201,47,11,14,33,76,298
Monte Morris,PG,25,DEN,37,10,998,148,314,.471,41,117,.350,107,197,.543,.537,49,64,.766,8,73,81,123,27,10,25,37,386
Mychal Mulder,PG,26,GSW,41,2,412,50,123,.407,41,107,.383,9,16,.563,.573,10,17,.588,1,34,35,16,8,8,9,28,151
Dejounte Murray,PG,24,SAS,46,46,1461,302,660,.458,41,133,.308,261,527,.495,.489,77,95,.811,35,285,320,240,70,5,80,96,722
Jamal Murray,PG,23,DEN,47,47,1671,373,777,.480,128,311,.412,245,466,.526,.562,127,147,.864,36,154,190,227,61,12,104,93,1001
Mike Muscala,C,29,OKC,35,0,645,119,267,.446,68,184,.370,51,83,.614,.573,33,36,.917,19,113,132,28,8,11,21,54,339
Sviatoslav Mykhailiuk,SF-SG,23,TOT,46,10,863,123,310,.397,72,217,.332,51,93,.548,.513,33,41,.805,16,90,106,70,39,8,57,36,351
Sviatoslav Mykhailiuk,SF,23,DET,36,5,634,84,223,.377,57,171,.333,27,52,.519,.504,24,30,.800,11,63,74,57,27,6,39,33,249
Sviatoslav Mykhailiuk,SG,23,OKC,10,5,229,39,87,.448,15,46,.326,24,41,.585,.534,9,11,.818,5,27,32,13,12,2,18,3,102
,,,,,,,,,,,,,,,,,,,,,,,,,,,,
Abdel Nader,SF,27,PHO,24,0,355,57,116,.491,18,43,.419,39,73,.534,.569,28,37,.757,7,55,62,19,10,9,19,34,160
Larry Nance Jr.,PF,28,CLE,29,27,950,115,236,.487,36,95,.379,79,141,.560,.564,26,41,.634,50,155,205,91,52,17,44,61,292
Aaron Nesmith,SF,21,BOS,28,0,395,33,91,.363,21,66,.318,12,25,.480,.478,11,16,.688,14,51,65,10,9,6,15,43,98
Raul Neto,PG,28,WAS,43,7,899,137,310,.442,40,114,.351,97,196,.495,.506,36,45,.800,17,84,101,96,48,4,33,71,350
Georges Niang,PF,27,UTA,50,0,685,98,229,.428,66,166,.398,32,63,.508,.572,5,5,1.000,16,90,106,36,14,6,32,74,267
Zeke Nnaji,PF,20,DEN,31,1,325,43,82,.524,19,46,.413,24,36,.667,.640,12,15,.800,13,39,52,5,4,3,7,23,117
Nerlens Noel,C,26,NYK,45,22,1023,95,157,.605,0,2,.000,95,155,.613,.605,25,40,.625,99,175,274,29,46,92,54,119,215
Jaylen Nowell,SG,21,MIN,36,0,687,135,304,.444,47,132,.356,88,172,.512,.521,41,49,.837,18,66,84,59,21,10,27,67,358
Frank Ntilikina,PG,22,NYK,18,4,253,23,64,.359,17,37,.459,6,27,.222,.492,7,14,.500,4,20,24,14,15,1,10,33,70
Kendrick Nunn,PG,25,MIA,38,26,1087,198,433,.457,77,207,.372,121,226,.535,.546,39,43,.907,16,103,119,100,39,9,58,69,512
Jusuf Nurkić,C,26,POR,17,17,378,64,132,.485,6,18,.333,58,114,.509,.508,26,43,.605,33,95,128,48,16,13,34,48,160
David Nwaba,SF,28,HOU,30,9,679,106,218,.486,17,63,.270,89,155,.574,.525,47,68,.691,40,78,118,31,30,21,17,60,276
Jordan Nwora,SF,22,MIL,18,1,152,27,67,.403,14,30,.467,13,37,.351,.507,13,17,.765,3,28,31,4,10,3,15,12,81
Royce O'Neale,SF,27,UTA,50,50,1586,121,277,.437,79,204,.387,42,73,.575,.579,33,38,.868,61,271,332,124,39,24,58,136,354
Semi Ojeleye,PF,26,BOS,40,9,765,71,174,.408,49,125,.392,22,49,.449,.549,22,30,.733,25,92,117,30,11,0,16,44,213
Jahlil Okafor,C,25,DET,12,0,120,25,42,.595,0,3,.000,25,39,.641,.595,1,2,.500,13,14,27,3,2,2,4,10,51
Chuma Okeke,PF,22,ORL,34,8,808,88,205,.429,36,94,.383,52,111,.468,.517,21,27,.778,33,103,136,72,30,15,27,36,233
Josh Okogie,SG,22,MIN,39,23,777,58,165,.352,16,69,.232,42,96,.438,.400,53,65,.815,37,62,99,43,35,16,28,82,185
Onyeka Okongwu,C,20,ATL,28,1,268,38,61,.623,0,1,.000,38,60,.633,.623,18,30,.600,23,53,76,6,11,15,13,44,94
Isaac Okoro,SG,20,CLE,45,45,1437,134,316,.424,39,125,.312,95,191,.497,.486,56,82,.683,37,89,126,77,46,20,66,126,363
,,,,,,,,,,,,,,,,,,,,,,,,,,,,
KZ Okpala,PF,21,MIA,25,9,322,27,66,.409,11,37,.297,16,29,.552,.492,2,6,.333,15,35,50,11,6,8,12,44,67
Victor Oladipo,SG,28,TOT,31,31,1022,224,554,.404,75,232,.323,149,322,.463,.472,95,127,.748,10,140,150,147,43,13,76,78,618
Victor Oladipo,SG,28,IND,9,9,300,64,152,.421,25,69,.362,39,83,.470,.503,27,37,.730,1,50,51,38,15,2,18,23,180
Victor Oladipo,SG,28,HOU,20,20,669,155,381,.407,49,153,.320,106,228,.465,.471,65,83,.783,8,87,95,99,24,10,51,45,424
Victor Oladipo,G,28,MIA,2,2,53,5,21,.238,1,10,.100,4,11,.364,.262,3,7,.429,1,3,4,10,4,1,7,10,14
Kelly Olynyk,C-PF,29,TOT,49,41,1325,201,439,.458,91,275,.331,110,164,.671,.562,51,61,.836,45,247,292,109,46,31,65,139,544
Kelly Olynyk,C,29,MIA,43,38,1157,162,376,.431,77,243,.317,85,133,.639,.533,31,40,.775,44,217,261,91,40,26,55,123,432
Kelly Olynyk,PF,29,HOU,6,3,168,39,63,.619,14,32,.438,25,31,.806,.730,20,21,.952,1,30,31,18,6,5,10,16,112
Miye Oni,SG,23,UTA,35,0,302,24,64,.375,21,56,.375,3,8,.375,.539,5,6,.833,16,43,59,10,5,7,11,40,74
Cedi Osman,SF,25,CLE,46,17,1131,158,449,.352,78,256,.305,80,193,.415,.439,53,71,.746,28,126,154,119,43,7,47,84,447
Daniel Oturu,C,21,LAC,18,0,77,12,23,.522,0,1,.000,12,22,.545,.522,2,4,.500,8,13,21,6,1,3,5,12,26
Kelly Oubre Jr.,SF,25,GSW,48,48,1468,275,631,.436,74,243,.305,201,388,.518,.494,98,142,.690,71,219,290,66,50,38,58,109,722
Jabari Parker,PF,25,SAC,3,0,27,4,7,.571,0,1,.000,4,6,.667,.571,0,0,,1,5,6,1,0,1,3,4,8
Eric Paschall,PF,24,GSW,39,2,676,144,293,.491,17,53,.321,127,240,.529,.520,64,89,.719,27,97,124,51,12,7,41,65,369
Anžejs Pasečņiks,C,25,WAS,1,0,6,0,1,.000,0,1,.000,0,0,,.000,0,0,,1,0,1,1,0,0,5,2,0
Patrick Patterson,PF,31,LAC,22,2,295,38,82,.463,22,57,.386,16,25,.640,.598,8,10,.800,7,29,36,12,10,6,8,30,106
Justin Patton,C,23,HOU,13,6,247,29,70,.414,9,34,.265,20,36,.556,.479,3,4,.750,14,35,49,14,12,14,4,34,70
Chris Paul,PG,35,PHO,48,48,1525,291,591,.492,64,173,.370,227,418,.543,.547,123,133,.925,19,205,224,421,70,11,110,117,769
Cameron Payne,PG,26,PHO,38,0,647,97,206,.471,36,91,.396,61,115,.530,.558,26,29,.897,8,78,86,141,22,9,40,66,256
Elfrid Payton,PG,26,NYK,42,42,1120,207,475,.436,19,78,.244,188,397,.474,.456,66,93,.710,54,104,158,148,33,9,73,80,499
Norvel Pelle,C,27,TOT,5,0,35,3,8,.375,0,0,,3,8,.375,.375,4,6,.667,4,7,11,1,0,5,3,10,10
Norvel Pelle,C,27,BRK,3,0,28,3,7,.429,0,0,,3,7,.429,.429,0,0,,3,4,7,0,0,3,3,9,6
Norvel Pelle,C,27,SAC,1,0,4,0,1,.000,0,0,,0,1,.000,.000,3,4,.750,1,0,1,1,0,0,0,1,3
Norvel Pelle,F-C,27,NYK,1,0,3,0,0,,0,0,,0,0,,,1,2,.500,0,3,3,0,0,2,0,0,1
Reggie Perry,PF,20,BRK,17,0,180,27,64,.422,4,18,.222,23,46,.500,.453,8,11,.727,20,40,60,14,4,6,13,31,66
Theo Pinson,SG,25,NYK,14,0,31,1,9,.111,0,8,.000,1,1,1.000,.111,0,0,,0,2,2,1,0,0,1,4,2
Mason Plumlee,C,30,DET,47,47,1289,196,324,.605,0,7,.000,196,317,.618,.605,100,151,.662,126,314,440,167,40,43,92,163,492
Jakob Poeltl,C,25,SAS,48,30,1228,176,282,.624,0,0,,176,282,.624,.624,35,86,.407,153,233,386,84,29,78,60,107,387
,,,,,,,,,,,,,,,,,,,,,,,,,,,,
Vincent Poirier,C,27,PHI,10,0,39,3,12,.250,0,1,.000,3,11,.273,.250,2,6,.333,6,8,14,2,0,3,4,8,8
Aleksej Pokusevski,PF,19,OKC,30,13,706,81,251,.323,34,129,.264,47,122,.385,.390,20,24,.833,23,116,139,57,14,31,54,34,216
Jordan Poole,SG,21,GSW,29,6,505,107,242,.442,50,138,.362,57,104,.548,.545,48,53,.906,5,40,45,48,11,3,24,42,312
Jontay Porter,PF,21,MEM,4,0,15,2,6,.333,1,4,.250,1,2,.500,.417,0,0,,2,6,8,1,2,0,4,3,5
Kevin Porter Jr.,SG,20,HOU,13,10,394,79,182,.434,17,72,.236,62,110,.564,.481,28,42,.667,6,41,47,79,12,6,43,27,203
Michael Porter Jr.,SF,22,DEN,39,32,1171,248,462,.537,96,214,.449,152,248,.613,.641,60,80,.750,70,224,294,39,25,37,43,83,652
Otto Porter,SF-PF,27,TOT,28,6,606,98,227,.432,39,104,.375,59,123,.480,.518,36,42,.857,28,124,152,55,16,4,25,41,271
Otto Porter,SF,27,CHI,25,6,540,89,202,.441,38,95,.400,51,107,.477,.535,31,37,.838,28,110,138,50,12,4,25,37,247
Otto Porter,PF,27,ORL,3,0,66,9,25,.360,1,9,.111,8,16,.500,.380,5,5,1.000,0,14,14,5,4,0,0,4,24
Bobby Portis,C,25,MIL,45,2,940,210,389,.540,49,104,.471,161,285,.565,.603,30,40,.750,77,229,306,48,34,17,35,79,499
Kristaps Porziņģis,C,25,DAL,31,31,949,236,498,.474,70,195,.359,166,303,.548,.544,83,101,.822,56,219,275,49,14,50,42,83,625
Dwight Powell,C,29,DAL,35,8,518,51,105,.486,5,18,.278,46,87,.529,.510,53,68,.779,40,78,118,29,17,12,18,82,160
Norman Powell,SG-SF,27,TOT,47,36,1429,308,623,.494,129,293,.440,179,330,.542,.598,154,182,.846,25,116,141,83,59,11,85,111,899
Norman Powell,SG,27,TOR,42,31,1277,282,566,.498,118,269,.439,164,297,.552,.602,141,163,.865,19,107,126,77,47,8,77,98,823
Norman Powell,SF,27,POR,5,5,152,26,57,.456,11,24,.458,15,33,.455,.553,13,19,.684,6,9,15,6,12,3,8,13,76
Taurean Prince,PF,26,TOT,33,10,717,93,248,.375,45,119,.378,48,129,.372,.466,55,65,.846,16,104,120,58,20,21,34,61,286
Taurean Prince,PF,26,BRK,12,4,218,30,74,.405,13,37,.351,17,37,.459,.493,24,27,.889,2,32,34,7,8,8,11,21,97
Taurean Prince,PF,26,CLE,21,6,499,63,174,.362,32,82,.390,31,92,.337,.454,31,38,.816,14,72,86,51,12,13,23,40,189
Payton Pritchard,SG,23,BOS,44,1,856,116,258,.450,59,144,.410,57,114,.500,.564,21,24,.875,23,74,97,85,25,7,38,82,312
Immanuel Quickley,PG,21,NYK,46,3,908,174,453,.384,85,230,.370,89,223,.399,.478,126,141,.894,20,87,107,103,24,11,44,89,559
Jahmi'us Ramsey,SG,19,SAC,5,0,17,3,5,.600,1,3,.333,2,2,1.000,.700,0,0,,0,4,4,1,0,1,1,0,7
Chasson Randle,PG,27,ORL,21,5,465,42,109,.385,24,64,.375,18,45,.400,.495,15,18,.833,3,40,43,47,10,2,25,39,123
Julius Randle,PF,26,NYK,50,50,1849,410,883,.464,101,247,.409,309,636,.486,.522,226,285,.793,67,472,539,298,43,12,169,156,1147
Cam Reddish,SF,21,ATL,26,21,750,96,263,.365,33,126,.262,63,137,.460,.428,67,82,.817,22,82,104,35,33,9,34,68,292
J.J. Redick,SG,36,NOP,31,0,576,87,214,.407,51,140,.364,36,74,.486,.526,45,47,.957,3,49,52,40,9,2,25,37,270
Paul Reed,PF,21,PHI,12,0,100,20,42,.476,0,6,.000,20,36,.556,.476,0,2,.000,12,15,27,5,5,6,7,15,40
,,,,,,,,,,,,,,,,,,,,,,,,,,,,
Naz Reid,C,21,MIN,49,13,939,205,395,.519,41,115,.357,164,280,.586,.571,84,117,.718,54,166,220,54,28,54,50,128,535
Cameron Reynolds,SF,25,SAS,3,0,6,1,2,.500,0,0,,1,2,.500,.500,0,0,,0,0,0,0,0,0,0,0,2
Nick Richards,PF,23,CHO,13,0,51,4,7,.571,0,0,,4,7,.571,.571,7,11,.636,2,7,9,1,0,0,3,5,15
Josh Richardson,SG,27,DAL,39,39,1248,178,405,.440,64,189,.339,114,216,.528,.519,75,81,.926,32,108,140,108,35,15,60,99,495
Grant Riller,PG,23,CHO,1,0,5,0,2,.000,0,1,.000,0,1,.000,.000,0,0,,0,0,0,0,0,0,0,0,0
Austin Rivers,SG,28,NYK,21,2,442,58,135,.430,28,77,.364,30,58,.517,.533,10,14,.714,5,42,47,42,12,0,22,32,154
Andre Roberson,SG,29,BRK,5,0,63,2,14,.143,1,8,.125,1,6,.167,.179,1,2,.500,7,8,15,4,3,1,2,4,6
Duncan Robinson,SF,26,MIA,50,50,1637,218,500,.436,173,429,.403,45,71,.634,.609,47,56,.839,4,187,191,89,27,11,60,126,656
Glenn Robinson III,SF,27,SAC,23,2,369,42,99,.424,16,44,.364,26,55,.473,.505,21,23,.913,11,34,45,20,4,3,11,23,121
Jerome Robinson,SG,23,WAS,17,6,305,28,95,.295,11,42,.262,17,53,.321,.353,16,20,.800,4,34,38,25,12,6,19,31,83
Justin Robinson,G,23,OKC,1,0,24,3,7,.429,1,5,.200,2,2,1.000,.500,2,3,.667,0,1,1,2,1,0,0,5,9
Mitchell Robinson,C,22,NYK,31,29,853,115,176,.653,0,0,,115,176,.653,.653,26,53,.491,113,139,252,17,35,45,26,86,256
Isaiah Roby,PF,22,OKC,43,23,1008,147,293,.502,22,70,.314,125,223,.561,.539,66,93,.710,67,177,244,76,36,29,78,113,382
Rajon Rondo,PG,34,TOT,28,2,415,45,113,.398,17,45,.378,28,68,.412,.473,1,2,.500,4,52,56,98,21,2,43,29,108
Rajon Rondo,PG,34,ATL,27,2,402,44,110,.400,17,45,.378,27,65,.415,.477,1,2,.500,4,51,55,95,19,2,39,25,106
Rajon Rondo,G,34,LAC,1,0,13,1,3,.333,0,0,,1,3,.333,.333,0,0,,0,1,1,3,2,0,4,4,2
Derrick Rose,PG,32,TOT,30,3,715,148,351,.422,29,80,.363,119,271,.439,.463,67,81,.827,10,56,66,124,34,12,50,32,392
Derrick Rose,PG,32,DET,15,0,342,79,184,.429,13,39,.333,66,145,.455,.465,42,50,.840,6,23,29,63,18,4,29,17,213
Derrick Rose,PG,32,NYK,15,3,373,69,167,.413,16,41,.390,53,126,.421,.461,25,31,.806,4,33,37,61,16,8,21,15,179
Terrence Ross,SG,29,ORL,40,2,1182,225,557,.404,85,246,.346,140,311,.450,.480,105,118,.890,13,124,137,94,44,19,66,80,640
Terry Rozier,SG,26,CHO,47,47,1570,340,729,.466,155,380,.408,185,349,.530,.573,123,147,.837,26,167,193,162,59,17,89,82,958
Ricky Rubio,PG,30,MIN,47,32,1242,127,332,.383,37,130,.285,90,202,.446,.438,97,114,.851,20,128,148,321,64,3,90,103,388
D'Angelo Russell,PG,24,MIN,21,19,608,146,345,.423,63,155,.406,83,190,.437,.514,55,73,.753,10,47,57,104,23,11,56,41,410
Domantas Sabonis,PF,24,IND,47,47,1688,353,671,.526,36,118,.305,317,553,.573,.553,195,271,.720,120,412,532,283,55,26,159,159,937
,,,,,,,,,,,,,,,,,,,,,,,,,,,,
Luka Šamanić,PF,21,SAS,20,2,193,28,62,.452,8,32,.250,20,30,.667,.516,11,20,.550,11,36,47,10,4,3,13,23,75
JaKarr Sampson,PF,27,IND,18,0,120,17,39,.436,2,7,.286,15,32,.469,.462,10,14,.714,11,25,36,1,2,4,7,13,46
Dario Šarić,C,26,PHO,31,0,571,112,242,.463,35,99,.354,77,143,.538,.535,53,60,.883,30,98,128,42,17,3,39,64,312
Tomáš Satoranský,SG,29,CHI,37,12,855,113,216,.523,32,77,.416,81,139,.583,.597,47,51,.922,21,75,96,185,29,9,63,58,305
Dennis Schröder,SG,27,LAL,46,46,1461,242,561,.431,48,147,.327,194,414,.469,.474,171,205,.834,23,139,162,234,56,11,127,125,703
Mike Scott,PF,32,PHI,31,8,551,44,126,.349,33,99,.333,11,27,.407,.480,6,10,.600,8,80,88,20,18,5,16,43,127
Collin Sexton,SG,22,CLE,43,43,1542,378,790,.478,69,192,.359,309,598,.517,.522,204,250,.816,33,90,123,179,51,4,117,117,1029
Landry Shamet,SG,23,BRK,41,1,828,109,273,.399,79,203,.389,30,70,.429,.544,38,45,.844,9,64,73,46,19,5,30,53,335
Iman Shumpert,SG,30,BRK,2,0,11,1,4,.250,0,3,.000,1,1,1.000,.250,0,0,,1,0,1,0,1,0,1,0,2
Pascal Siakam,PF,26,TOR,41,41,1444,302,665,.454,52,176,.295,250,489,.511,.493,181,217,.834,73,226,299,191,46,26,84,131,837
Chris Silva,PF,24,TOT,13,0,87,10,15,.667,1,1,1.000,9,14,.643,.700,11,15,.733,7,19,26,6,1,5,10,21,32
Chris Silva,PF,24,MIA,11,0,83,9,13,.692,1,1,1.000,8,12,.667,.731,11,15,.733,7,18,25,6,1,5,9,20,30
Chris Silva,PF,24,SAC,2,0,4,1,2,.500,0,0,,1,2,.500,.500,0,0,,0,1,1,0,0,0,1,1,2
Ben Simmons,PG,24,PHI,42,42,1403,247,453,.545,3,9,.333,244,444,.550,.549,143,224,.638,74,258,332,304,63,27,146,132,640
Anfernee Simons,SG,21,POR,42,0,709,115,282,.408,84,201,.418,31,81,.383,.557,29,36,.806,8,89,97,62,8,5,33,72,343
Deividas Sirvydis,SG,20,DET,12,0,26,4,12,.333,4,10,.400,0,2,.000,.500,3,4,.750,0,7,7,1,1,0,1,1,15
Alen Smailagić,PF,20,GSW,5,1,26,4,10,.400,2,5,.400,2,5,.400,.500,1,4,.250,2,1,3,0,0,1,0,5,11
Marcus Smart,PG,26,BOS,31,28,987,130,322,.404,59,175,.337,71,147,.483,.495,80,102,.784,17,76,93,170,47,16,51,76,399
Dennis Smith Jr.,PG,23,TOT,20,7,361,53,132,.402,18,53,.340,35,79,.443,.470,12,18,.667,11,42,53,68,21,14,24,31,136
Dennis Smith Jr.,PG,23,NYK,3,0,28,2,10,.200,0,4,.000,2,6,.333,.200,5,6,.833,0,2,2,3,3,0,1,4,9
Dennis Smith Jr.,PG,23,DET,17,7,333,51,122,.418,18,49,.367,33,73,.452,.492,7,12,.583,11,40,51,65,18,14,23,27,127
Ish Smith,PG,32,WAS,21,1,434,50,134,.373,6,21,.286,44,113,.389,.396,8,17,.471,11,62,73,95,16,4,23,22,114
Jalen Smith,PF,20,PHO,16,0,73,9,25,.360,2,10,.200,7,15,.467,.400,1,3,.333,5,11,16,2,0,2,4,9,21
Tony Snell,SG,29,ATL,37,18,783,73,139,.525,54,94,.574,19,45,.422,.719,7,7,1.000,13,72,85,49,6,9,17,57,207
,,,,,,,,,,,,,,,,,,,,,,,,,,,,
Ray Spalding,C,23,HOU,2,0,19,2,4,.500,0,1,.000,2,3,.667,.500,0,2,.000,2,2,4,0,0,2,3,3,4
Cassius Stanley,SG,21,IND,13,0,35,4,16,.250,1,5,.200,3,11,.273,.281,4,5,.800,4,5,9,0,0,2,1,8,13
Lamar Stevens,PF,23,CLE,34,0,450,58,129,.450,4,24,.167,54,105,.514,.465,33,46,.717,23,68,91,24,16,12,19,45,153
Isaiah Stewart,C,19,DET,48,3,923,132,237,.557,10,24,.417,122,213,.573,.578,35,50,.700,103,174,277,37,25,51,44,119,309
Max Strus,SF,24,MIA,25,0,333,57,122,.467,35,98,.357,22,24,.917,.611,11,16,.688,3,22,25,13,5,0,4,29,160
Edmond Sumner,SG,25,IND,35,7,462,76,151,.503,20,53,.377,56,98,.571,.570,35,43,.814,13,47,60,24,17,4,30,48,207
Jae'Sean Tate,SF,25,HOU,50,38,1430,216,413,.523,43,128,.336,173,285,.607,.575,68,93,.731,96,174,270,100,55,29,58,158,543
Jayson Tatum,SF,22,BOS,44,44,1559,407,899,.453,124,327,.379,283,572,.495,.522,171,198,.864,32,274,306,187,57,20,106,84,1109
Jeff Teague,PG,32,TOT,36,5,647,80,193,.415,26,58,.448,54,135,.400,.482,51,61,.836,10,49,59,80,26,9,40,43,237
Jeff Teague,PG,32,BOS,34,5,616,78,188,.415,26,56,.464,52,132,.394,.484,51,61,.836,10,47,57,73,26,7,39,43,233
Jeff Teague,G,32,MIL,2,0,31,2,5,.400,0,2,.000,2,3,.667,.400,0,0,,0,2,2,7,0,2,1,0,4
Garrett Temple,SG,34,CHI,37,12,1002,112,264,.424,46,137,.336,66,127,.520,.511,31,38,.816,21,92,113,73,33,18,36,85,301
Tyrell Terry,PG,20,DAL,11,0,56,5,16,.313,0,7,.000,5,9,.556,.313,1,3,.333,0,6,6,6,5,0,2,2,11
Daniel Theis,C,28,TOT,46,37,1113,169,309,.547,35,103,.340,134,206,.650,.604,49,74,.662,57,178,235,75,26,48,44,124,422
Daniel Theis,C,28,BOS,42,37,1027,159,288,.552,33,95,.347,126,193,.653,.609,46,67,.687,54,166,220,67,25,43,41,120,397
Daniel Theis,C,28,CHI,4,0,86,10,21,.476,2,8,.250,8,13,.615,.524,3,7,.429,3,12,15,8,1,5,3,4,25
Brodric Thomas,SG,24,TOT,14,1,150,14,46,.304,5,25,.200,9,21,.429,.359,17,21,.810,3,15,18,12,7,5,10,17,50
Brodric Thomas,SG,24,HOU,4,0,24,2,7,.286,1,6,.167,1,1,1.000,.357,5,7,.714,1,3,4,4,1,1,4,5,10
Brodric Thomas,SG,24,CLE,10,1,126,12,39,.308,4,19,.211,8,20,.400,.359,12,14,.857,2,12,14,8,6,4,6,12,40
Matt Thomas,SG,26,TOT,29,0,222,29,76,.382,19,51,.373,10,25,.400,.507,6,7,.857,4,23,27,14,3,0,10,13,83
Matt Thomas,SG,26,TOR,26,0,192,24,62,.387,17,41,.415,7,21,.333,.524,6,7,.857,3,18,21,9,2,0,6,10,71
Matt Thomas,SG,26,UTA,3,0,30,5,14,.357,2,10,.200,3,4,.750,.429,0,0,,1,5,6,5,1,0,4,3,12
Tristan Thompson,PF,29,BOS,36,31,811,119,223,.534,0,3,.000,119,220,.541,.534,48,80,.600,113,189,302,36,13,13,35,75,286
Sindarius Thornwell,SG,26,NOP,14,1,73,7,21,.333,3,9,.333,4,12,.333,.405,0,2,.000,1,4,5,4,5,1,4,3,17
Matisse Thybulle,SG,23,PHI,47,5,901,67,167,.401,31,102,.304,36,65,.554,.494,8,14,.571,23,63,86,46,70,46,19,94,173
Killian Tillie,C,22,MEM,8,0,58,5,21,.238,2,11,.182,3,10,.300,.286,2,3,.667,3,3,6,1,2,4,1,8,14
Xavier Tillman Sr.,PF,22,MEM,37,7,690,97,188,.516,11,42,.262,86,146,.589,.545,25,35,.714,45,107,152,50,30,21,27,82,230
Obi Toppin,PF,22,NYK,41,0,480,72,149,.483,18,59,.305,54,90,.600,.544,13,18,.722,17,70,87,22,11,11,20,42,175
,,,,,,,,,,,,,,,,,,,,,,,,,,,,
Juan Toscano-Anderson,SG,27,GSW,35,15,609,64,115,.557,21,48,.438,43,67,.642,.648,13,18,.722,18,111,129,73,21,15,34,69,162
Axel Toupane,SF,28,MIL,5,1,41,2,7,.286,0,1,.000,2,6,.333,.286,0,0,,0,4,4,2,0,3,0,3,4
Karl-Anthony Towns,C,25,MIN,31,31,1067,268,550,.487,73,188,.388,195,362,.539,.554,152,173,.879,86,257,343,134,25,46,96,109,761
Gary Trent Jr.,SG,22,TOT,47,29,1456,256,611,.419,139,348,.399,117,263,.445,.533,62,81,.765,22,89,111,66,43,8,32,75,713
Gary Trent Jr.,SG,22,POR,41,23,1262,217,524,.414,121,305,.397,96,219,.438,.530,58,75,.773,21,70,91,58,37,6,31,63,613
Gary Trent Jr.,SG,22,TOR,6,6,194,39,87,.448,18,43,.419,21,44,.477,.552,4,6,.667,1,19,20,8,6,2,1,12,100
P.J. Tucker,PF,35,TOT,35,32,1003,49,135,.363,28,90,.311,21,45,.467,.467,18,23,.783,36,118,154,46,29,20,33,93,144
P.J. Tucker,PF,35,HOU,32,32,959,48,131,.366,27,86,.314,21,45,.467,.469,18,23,.783,33,115,148,45,29,18,33,91,141
P.J. Tucker,PF,35,MIL,3,0,44,1,4,.250,1,4,.250,0,0,,.375,0,0,,3,3,6,1,0,2,0,2,3
Rayjon Tucker,PG,23,PHI,5,0,23,1,4,.250,1,2,.500,0,2,.000,.375,8,8,1.000,1,3,4,1,0,0,0,3,11
Myles Turner,C,24,IND,45,45,1402,201,418,.481,66,198,.333,135,220,.614,.560,105,134,.784,59,232,291,46,40,156,66,161,573
Jonas Valančiūnas,C,28,MEM,42,41,1156,279,502,.556,12,39,.308,267,463,.577,.568,109,143,.762,174,352,526,73,24,27,75,126,679
Denzel Valentine,SG,27,CHI,43,3,787,122,321,.380,62,186,.333,60,135,.444,.477,11,11,1.000,19,143,162,74,26,1,26,48,317
Jarred Vanderbilt,PF,21,MIN,46,25,792,98,163,.601,1,4,.250,97,159,.610,.604,43,74,.581,70,169,239,58,43,30,44,89,240
Fred VanVleet,SG,26,TOR,44,44,1601,285,725,.393,147,396,.371,138,329,.419,.494,154,174,.885,28,158,186,270,76,34,86,105,871
Devin Vassell,SF,20,SAS,41,1,697,75,186,.403,37,94,.394,38,92,.413,.503,27,31,.871,17,102,119,39,36,12,17,58,214
Gabe Vincent,PG,24,MIA,35,6,508,69,186,.371,33,118,.280,36,68,.529,.460,20,23,.870,7,32,39,51,17,2,27,58,191
Noah Vonleh,PF,25,BRK,4,0,11,0,3,.000,0,2,.000,0,1,.000,.000,0,0,,0,1,1,1,0,0,2,2,0
Nikola Vučević,C,30,TOT,49,49,1654,477,986,.484,123,309,.398,354,677,.523,.546,107,128,.836,95,471,566,185,46,33,86,91,1184
Nikola Vučević,C,30,ORL,44,44,1500,436,908,.480,117,288,.406,319,620,.515,.545,91,110,.827,87,430,517,167,42,28,83,79,1080
Nikola Vučević,C,30,CHI,5,5,154,41,78,.526,6,21,.286,35,57,.614,.564,16,18,.889,8,41,49,18,4,5,3,12,104
Dean Wade,PF,24,CLE,42,9,664,72,173,.416,40,114,.351,32,59,.542,.532,16,21,.762,20,100,120,43,14,14,15,47,200
Moritz Wagner,C,23,TOT,31,14,424,66,135,.489,15,48,.313,51,87,.586,.544,42,54,.778,16,72,88,36,22,8,27,70,189
Moritz Wagner,C,23,WAS,25,13,375,62,122,.508,13,42,.310,49,80,.613,.561,41,52,.788,13,60,73,32,22,8,21,62,178
Moritz Wagner,C,23,BOS,6,1,49,4,13,.308,2,6,.333,2,7,.286,.385,1,2,.500,3,12,15,4,0,0,6,8,11
Kemba Walker,PG,30,BOS,31,31,954,189,476,.397,87,249,.349,102,227,.449,.488,89,95,.937,9,102,111,149,35,9,65,41,554
Lonnie Walker,SG,22,SAS,37,30,968,164,386,.425,63,177,.356,101,209,.483,.506,36,46,.783,9,94,103,61,19,13,38,73,427
John Wall,PG,30,HOU,32,32,1018,229,573,.400,62,195,.318,167,378,.442,.454,126,169,.746,15,93,108,217,33,25,108,39,646
,,,,,,,,,,,,,,,,,,,,,,,,,,,,
Brad Wanamaker,PG,31,TOT,43,0,691,72,193,.373,14,65,.215,58,128,.453,.409,56,63,.889,10,61,71,109,29,6,43,63,214
Brad Wanamaker,PG,31,GSW,39,0,625,61,173,.353,13,61,.213,48,112,.429,.390,50,56,.893,8,58,66,99,26,6,37,55,185
Brad Wanamaker,PG,31,CHO,4,0,66,11,20,.550,1,4,.250,10,16,.625,.575,6,7,.857,2,3,5,10,3,0,6,8,29
T.J. Warren,SF,27,IND,4,4,117,27,51,.529,0,7,.000,27,44,.614,.529,8,10,.800,2,12,14,5,2,0,4,16,62
P.J. Washington,PF,22,CHO,45,45,1327,187,434,.431,60,160,.375,127,274,.464,.500,84,108,.778,65,226,291,121,44,57,101,124,518
Yuta Watanabe,SF,26,TOR,31,1,354,27,78,.346,13,38,.342,14,40,.350,.429,9,11,.818,27,70,97,16,12,14,9,29,76
Tremont Waters,PG,23,BOS,14,1,110,12,36,.333,6,17,.353,6,19,.316,.417,7,8,.875,3,6,9,34,8,0,13,6,37
Paul Watson,SF,26,TOR,24,0,234,25,55,.455,20,44,.455,5,11,.455,.636,2,4,.500,3,32,35,11,5,2,6,31,72
Quinndary Weatherspoon,SG,24,SAS,13,0,58,2,11,.182,0,2,.000,2,9,.222,.182,4,4,1.000,0,4,4,4,5,1,8,10,8
Russell Westbrook,PG,32,WAS,42,42,1479,347,804,.432,56,181,.309,291,623,.467,.466,165,269,.613,68,371,439,442,53,17,210,118,915
Coby White,PG,20,CHI,45,36,1411,245,600,.408,99,285,.347,146,315,.463,.491,77,86,.895,21,181,202,207,23,8,100,113,666
Derrick White,SG,26,SAS,24,20,696,113,291,.388,52,158,.329,61,133,.459,.478,63,74,.851,6,59,65,81,17,24,33,64,341
Hassan Whiteside,C,31,SAC,29,1,429,99,179,.553,0,1,.000,99,178,.556,.553,34,65,.523,50,124,174,16,7,40,33,52,232
Greg Whittington,PF,27,DEN,4,0,12,0,3,.000,0,2,.000,0,1,.000,.000,0,0,,0,0,0,0,0,0,0,0,0
Andrew Wiggins,PF,25,GSW,50,50,1617,339,714,.475,104,260,.400,235,454,.518,.548,126,180,.700,50,190,240,113,46,47,96,109,908
Grant Williams,PF,22,BOS,42,8,771,72,161,.447,34,86,.395,38,75,.507,.553,19,36,.528,38,87,125,44,23,16,34,110,197
Kenrich Williams,PF,26,OKC,50,8,1009,157,282,.557,35,81,.432,122,201,.607,.619,25,42,.595,63,141,204,96,34,12,48,97,374
Lou Williams,PG,34,TOT,45,3,997,197,470,.419,48,124,.387,149,346,.431,.470,109,127,.858,17,80,97,159,41,5,70,45,551
Lou Williams,PG,34,LAC,42,3,918,181,430,.421,45,119,.378,136,311,.437,.473,103,119,.866,15,73,88,144,39,4,66,42,510
Lou Williams,G,34,ATL,3,0,79,16,40,.400,3,5,.600,13,35,.371,.438,6,8,.750,2,7,9,15,2,1,4,3,41
Patrick Williams,PF,19,CHI,47,47,1340,180,375,.480,39,102,.382,141,273,.516,.532,61,81,.753,43,182,225,62,34,33,66,98,460
Robert Williams,C,23,BOS,42,5,773,151,207,.729,0,1,.000,151,206,.733,.729,42,64,.656,108,178,286,72,38,77,40,84,344
Zion Williamson,PF,20,NOP,44,44,1444,444,712,.624,8,23,.348,436,689,.633,.629,264,373,.708,115,196,311,155,41,30,113,101,1160
D.J. Wilson,PF,24,TOT,22,0,224,36,85,.424,19,49,.388,17,36,.472,.535,7,10,.700,9,48,57,8,4,9,13,29,98
D.J. Wilson,PF,24,MIL,12,0,105,16,43,.372,10,28,.357,6,15,.400,.488,1,2,.500,3,22,25,3,1,4,4,13,43
D.J. Wilson,PF,24,HOU,10,0,119,20,42,.476,9,21,.429,11,21,.524,.583,6,8,.750,6,26,32,5,3,5,9,16,55
,,,,,,,,,,,,,,,,,,,,,,,,,,,,
Dylan Windler,SF,24,CLE,31,0,513,57,130,.438,26,77,.338,31,53,.585,.538,21,27,.778,20,87,107,33,19,12,32,37,161
Justise Winslow,SF,24,MEM,16,0,337,50,146,.342,5,41,.122,45,105,.429,.360,9,16,.563,13,64,77,28,12,7,25,32,114
Cassius Winston,PG,22,WAS,13,0,77,9,22,.409,7,13,.538,2,9,.222,.568,4,4,1.000,0,7,7,10,2,1,1,7,29
James Wiseman,C,19,GSW,36,24,781,173,339,.510,12,36,.333,161,303,.531,.528,53,83,.639,51,158,209,23,10,35,59,117,411
Christian Wood,C,25,HOU,27,27,848,218,414,.527,45,123,.366,173,291,.595,.581,84,128,.656,46,212,258,39,24,35,49,54,565
Robert Woodard,SF,21,SAC,11,0,29,7,14,.500,1,4,.250,6,10,.600,.536,3,8,.375,3,8,11,0,0,2,1,2,18
Delon Wright,SG-PG,28,TOT,42,31,1178,152,331,.459,36,104,.346,116,227,.511,.514,83,103,.806,40,142,182,195,62,19,53,49,423
Delon Wright,SG,28,DET,36,31,1052,136,293,.464,31,89,.348,105,204,.515,.517,71,90,.789,37,127,164,181,58,19,48,45,374
Delon Wright,PG,28,SAC,6,0,126,16,38,.421,5,15,.333,11,23,.478,.487,12,13,.923,3,15,18,14,4,0,5,4,49
Thaddeus Young,PF,32,CHI,44,11,1103,250,425,.588,6,25,.240,244,400,.610,.595,43,70,.614,109,174,283,191,56,26,88,110,549
Trae Young,PG,22,ATL,47,47,1611,357,828,.431,110,307,.358,247,521,.474,.498,361,414,.872,32,152,184,443,41,11,205,93,1185
Cody Zeller,C,28,CHO,30,20,644,111,209,.531,3,22,.136,108,187,.578,.538,48,69,.696,77,131,208,61,22,11,27,70,273
Ivica Zubac,C,23,LAC,51,12,1105,171,268,.638,0,3,.000,171,265,.645,.638,97,117,.829,140,233,373,56,21,48,55,132,439
