Player,Pos,Age,G,MP,FG,FGA,FG%,3P,3PA,3P%,2P,2PA,2P%,eFG%,FT,FTA,FT%,ORB,DRB,TRB,AST,STL,BLK,TOV,PF,PTS,PER,TS%,3PAr,FTr,ORB%,DRB%,TRB%,AST%,STL%,BLK%,TOV%,USG%,OWS,DWS,WS,WS/48,OBPM,DBPM,BPM,VORP,First,Share,Status,Season
Kareem Abdul-Jabbar,C,40,80,2308,480,903,0.532,0,1,0.0,480,902,0.532,0.532,205,269,0.762,118,360,478,135,48,92,159,216,1165,15.8,0.57,0.001,0.298,6.1,16.9,11.7,8.4,1.0,2.2,13.5,21.4,2.6,2.7,5.3,0.111,-0.1,0.1,0.0,1.2,0,0.0,OOR,1988
Mark Acres,C,25,79,1151,108,203,0.532,0,0,0.0,108,203,0.532,0.532,71,111,0.64,105,165,270,42,29,27,54,198,287,9.3,0.57,0.0,0.547,11.6,15.9,13.9,4.5,1.2,1.3,17.7,11.4,1.1,1.0,2.2,0.09,-2.6,-0.2,-2.8,-0.2,0,0.0,OOR,1988
Alvan Adams,C,33,82,1646,251,506,0.496,1,2,0.5,250,504,0.496,0.497,108,128,0.844,118,247,365,183,82,41,140,245,611,13.1,0.543,0.004,0.253,8.0,17.0,12.5,14.9,2.4,1.4,19.9,17.4,0.6,1.6,2.2,0.064,-1.5,1.0,-0.5,0.6,0,0.0,OOR,1988
Michael Adams,PG,25,82,2778,416,927,0.449,139,379,0.367,277,548,0.505,0.524,166,199,0.834,40,183,223,503,168,16,144,138,1137,15.6,0.56,0.409,0.215,1.5,7.2,4.2,22.5,2.8,0.3,12.4,16.2,4.4,3.2,7.5,0.13,1.5,0.9,2.5,3.1,0,0.001,Candidate,1988
Mark Aguirre,SF,28,77,2610,746,1571,0.475,52,172,0.302,694,1399,0.496,0.491,388,504,0.77,182,252,434,278,70,57,203,223,1932,21.9,0.539,0.109,0.321,7.7,10.3,9.0,18.4,1.3,1.3,10.2,31.6,6.5,2.3,8.8,0.163,4.6,-0.8,3.8,3.9,0,0.001,Candidate,1988
Danny Ainge,SG,28,81,3018,482,982,0.491,148,357,0.415,334,625,0.534,0.566,158,180,0.878,59,190,249,503,115,17,153,203,1270,15.9,0.598,0.364,0.183,2.5,7.0,4.9,22.2,1.9,0.3,12.6,17.3,6.7,1.9,8.6,0.136,2.7,-0.3,2.4,3.3,0,0.0,OOR,1988
Mark Alarie,PF,24,63,769,144,300,0.48,4,18,0.222,140,282,0.496,0.487,35,49,0.714,70,90,160,39,10,12,50,107,327,11.6,0.508,0.06,0.163,10.1,13.2,11.6,7.7,0.6,0.9,13.5,19.9,0.3,0.6,0.9,0.058,-1.9,-1.3,-3.2,-0.2,0,0.0,OOR,1988
Steve Alford,PG,23,28,197,21,55,0.382,1,8,0.125,20,47,0.426,0.391,16,17,0.941,3,20,23,23,17,3,12,23,59,11.6,0.472,0.145,0.309,1.7,10.9,6.3,15.4,4.3,0.9,16.1,15.6,0.0,0.3,0.3,0.082,-4.1,3.1,-1.1,0.0,0,0.0,OOR,1988
Greg Anderson,PF,23,82,1984,379,756,0.501,1,5,0.2,378,751,0.503,0.502,198,328,0.604,161,352,513,79,54,122,143,228,957,14.7,0.531,0.007,0.434,8.7,19.4,14.0,5.3,1.3,3.4,13.7,20.8,0.8,1.5,2.3,0.056,-1.6,-1.1,-2.7,-0.4,0,0.0,OOR,1988
Richard Anderson,PF,27,74,1350,171,439,0.39,48,150,0.32,123,289,0.426,0.444,58,77,0.753,91,212,303,112,51,16,61,137,448,11.1,0.474,0.342,0.175,7.3,17.0,12.1,10.4,1.8,0.7,11.4,15.6,0.7,1.6,2.3,0.082,-0.7,0.1,-0.6,0.5,0,0.0,OOR,1988
Ron Anderson,SF,29,74,1097,217,436,0.498,0,2,0.0,217,434,0.5,0.498,108,141,0.766,89,127,216,78,41,6,73,98,542,16.2,0.544,0.005,0.323,8.9,12.6,10.8,10.5,1.8,0.3,12.8,22.0,1.3,1.2,2.5,0.108,0.9,-0.3,0.6,0.7,0,0.0,OOR,1988
Joe Arlauckas,SF,22,9,85,14,43,0.326,0,0,0.0,14,43,0.326,0.326,6,8,0.75,6,7,13,8,3,4,4,16,34,7.9,0.365,0.0,0.186,7.6,9.0,8.3,13.3,1.7,2.6,7.9,24.0,-0.1,0.1,-0.1,-0.045,-5.1,-1.7,-6.8,-0.1,0,0.0,OOR,1988
Vincent Askew,SG,21,14,234,22,74,0.297,0,0,0.0,22,74,0.297,0.297,8,11,0.727,6,16,22,33,10,6,12,12,52,7.1,0.33,0.0,0.149,3.0,8.0,5.5,19.8,2.1,1.5,13.2,16.4,-0.4,0.2,-0.2,-0.043,-3.3,0.5,-2.8,0.0,0,0.0,OOR,1988
John Bagley,PG,27,82,2774,393,896,0.439,47,161,0.292,346,735,0.471,0.465,148,180,0.822,61,196,257,479,110,10,201,162,981,12.4,0.503,0.18,0.201,2.5,8.5,5.4,25.8,1.9,0.2,17.1,17.9,0.8,1.7,2.6,0.044,-0.7,-0.7,-1.4,0.4,0,0.0,OOR,1988
James Bailey,PF,30,65,869,109,241,0.452,0,4,0.0,109,237,0.46,0.452,70,89,0.787,73,137,210,42,17,28,70,180,288,8.3,0.514,0.017,0.369,9.4,17.9,13.6,6.2,0.9,1.9,20.0,16.4,-0.2,0.6,0.4,0.023,-5.1,-0.7,-5.7,-0.8,0,0.0,OOR,1988
Thurl Bailey,SF,26,82,2804,633,1286,0.492,1,3,0.333,632,1283,0.493,0.493,337,408,0.826,134,397,531,158,49,125,190,186,1604,16.3,0.547,0.002,0.317,5.4,14.6,10.2,8.6,0.8,2.6,11.5,24.2,2.7,4.1,6.8,0.116,0.3,-0.1,0.2,1.6,0,0.0,OOR,1988
Charles Barkley,PF,24,80,3170,753,1283,0.587,44,157,0.28,709,1126,0.63,0.604,714,951,0.751,385,566,951,254,100,103,304,278,2264,27.6,0.665,0.122,0.741,14.0,20.8,17.4,14.1,1.6,1.9,15.2,26.7,13.4,3.3,16.7,0.253,7.3,0.1,7.4,7.5,1,0.136,Candidate,1988
John Battle,SG,25,67,1227,278,613,0.454,16,41,0.39,262,572,0.458,0.467,141,188,0.75,26,87,113,158,31,5,75,84,713,16.3,0.512,0.067,0.307,2.3,7.9,5.1,20.0,1.3,0.2,9.7,26.4,1.5,0.8,2.3,0.092,1.4,-1.0,0.4,0.7,0,0.0,OOR,1988
William Bedford,C,24,38,298,44,101,0.436,0,0,0.0,44,101,0.436,0.436,13,23,0.565,27,38,65,4,8,17,19,47,101,9.0,0.454,0.0,0.228,10.4,13.9,12.2,1.8,1.3,3.3,14.6,18.2,-0.2,0.5,0.2,0.039,-4.4,0.6,-3.8,-0.1,0,0.0,OOR,1988
Benoit Benjamin,C,23,66,2171,340,693,0.491,0,8,0.0,340,685,0.496,0.491,180,255,0.706,112,418,530,172,50,225,223,203,860,14.1,0.534,0.012,0.368,5.3,21.2,13.0,12.2,1.1,5.9,21.7,19.3,-1.4,3.5,2.0,0.045,-2.8,2.8,-0.1,1.0,0,0.0,OOR,1988
Kent Benson,C,33,2,12,2,2,1.0,0,0,0.0,2,2,1.0,1.0,1,2,0.5,0,1,1,0,1,1,2,2,5,11.8,0.868,0.0,1.0,0.0,9.6,4.9,0.0,4.1,4.9,41.0,17.4,0.0,0.0,0.0,0.015,-6.3,2.4,-3.9,0.0,0,0.0,OOR,1988
Walter Berry,SF,23,73,1922,540,960,0.563,0,0,0.0,540,960,0.563,0.563,192,320,0.6,176,219,395,110,55,63,162,207,1272,18.8,0.578,0.0,0.333,9.8,12.4,11.1,8.7,1.3,1.8,12.8,25.9,2.7,0.7,3.4,0.086,1.6,-2.0,-0.4,0.8,0,0.0,OOR,1988
Larry Bird,SF,31,76,2965,881,1672,0.527,98,237,0.414,783,1435,0.546,0.556,415,453,0.916,108,595,703,467,125,57,213,157,2275,27.8,0.608,0.142,0.271,4.6,22.3,14.0,25.7,2.1,1.1,10.2,30.2,11.2,3.8,15.0,0.243,7.8,1.0,8.8,8.1,16,0.659,Candidate,1988
Otis Birdsong,SG,32,67,1882,337,736,0.458,9,25,0.36,328,711,0.461,0.464,47,92,0.511,73,94,167,222,54,11,129,143,730,10.4,0.47,0.034,0.125,4.3,6.0,5.1,18.7,1.4,0.4,14.2,20.3,-0.9,0.8,-0.1,-0.003,-2.0,-1.4,-3.4,-0.7,0,0.0,OOR,1988
Uwe Blab,C,25,73,658,58,132,0.439,0,0,0.0,58,132,0.439,0.439,46,65,0.708,52,82,134,35,8,29,49,108,162,7.4,0.504,0.0,0.492,8.7,13.3,11.1,6.9,0.6,2.5,23.4,13.2,-0.1,0.6,0.5,0.036,-4.7,0.3,-4.5,-0.4,0,0.0,OOR,1988
Rolando Blackman,SG,28,71,2580,497,1050,0.473,0,5,0.0,497,1045,0.476,0.473,331,379,0.873,82,164,246,262,64,18,144,112,1325,16.0,0.544,0.005,0.361,3.5,6.8,5.2,15.1,1.2,0.4,10.6,21.8,5.1,1.6,6.8,0.126,1.0,-0.8,0.2,1.4,0,0.0,OOR,1988
Nate Blackwell,PG,22,10,112,15,41,0.366,2,11,0.182,13,30,0.433,0.39,5,6,0.833,2,4,6,18,3,0,8,16,37,6.1,0.424,0.268,0.146,1.9,3.9,2.9,20.0,1.2,0.0,15.5,18.2,-0.1,0.0,-0.1,-0.045,-4.6,-2.6,-7.2,-0.1,0,0.0,OOR,1988
Muggsy Bogues,PG,23,79,1628,166,426,0.39,3,16,0.188,163,410,0.398,0.393,58,74,0.784,35,101,136,404,127,3,101,138,393,12.7,0.429,0.038,0.174,2.4,7.0,4.7,33.5,3.8,0.1,18.0,14.2,0.2,2.1,2.3,0.066,-1.0,1.9,0.9,1.2,0,0.0,OOR,1988
Manute Bol,C,25,77,1136,75,165,0.455,0,1,0.0,75,164,0.457,0.455,26,49,0.531,72,203,275,13,11,208,35,160,176,10.8,0.472,0.006,0.297,7.0,20.2,13.5,1.5,0.5,10.6,15.8,8.0,-0.1,2.1,2.0,0.085,-3.4,4.5,1.1,0.9,0,0.0,OOR,1988
Dudley Bradley,SG,30,65,1437,156,365,0.427,37,102,0.363,119,263,0.452,0.478,74,97,0.763,25,102,127,151,114,43,88,172,423,11.4,0.519,0.279,0.266,1.9,8.5,5.1,15.0,3.9,1.8,17.8,14.6,0.1,1.8,1.9,0.064,-2.2,3.1,0.8,1.0,0,0.0,OOR,1988
Adrian Branch,SF,24,20,308,56,134,0.418,1,5,0.2,55,129,0.426,0.422,20,23,0.87,20,28,48,16,16,11,29,41,133,10.4,0.461,0.037,0.172,7.3,10.9,9.0,8.3,2.5,2.2,16.8,23.7,-0.5,0.3,-0.1,-0.021,-3.8,-0.4,-4.3,-0.2,0,0.0,OOR,1988
Randy Breuer,C,27,81,2258,390,788,0.495,0,0,0.0,390,788,0.495,0.495,188,286,0.657,191,360,551,103,46,107,107,198,968,15.3,0.53,0.0,0.363,9.5,18.0,13.7,6.7,1.0,2.8,10.5,19.0,2.4,2.8,5.1,0.109,-0.1,0.0,-0.1,1.1,0,0.0,OOR,1988
Frank Brickowski,C,28,70,2227,425,805,0.528,1,5,0.2,424,800,0.53,0.529,268,349,0.768,167,316,483,266,74,36,207,275,1119,16.0,0.584,0.006,0.434,8.0,15.5,11.7,16.0,1.5,0.9,17.8,20.7,3.0,1.1,4.1,0.088,0.3,-0.9,-0.6,0.8,0,0.0,OOR,1988
Michael Brooks,SF,29,16,133,20,49,0.408,0,0,0.0,20,49,0.408,0.408,3,4,0.75,19,25,44,13,4,1,12,21,43,9.6,0.424,0.0,0.082,14.5,20.5,17.4,12.2,1.4,0.4,19.1,18.4,-0.1,0.2,0.0,0.016,-4.2,-1.6,-5.7,-0.1,0,0.0,OOR,1988
Mike Brown,C,24,46,591,78,174,0.448,0,1,0.0,78,173,0.451,0.448,41,71,0.577,66,93,159,28,11,4,38,85,197,10.0,0.48,0.006,0.408,12.9,17.9,15.4,6.5,0.9,0.4,15.6,17.7,0.0,0.7,0.7,0.058,-3.9,-1.6,-5.5,-0.5,0,0.0,OOR,1988
Steve Burtt,SG,25,19,312,62,138,0.449,0,4,0.0,62,134,0.463,0.449,47,69,0.681,6,21,27,38,10,5,40,56,171,10.2,0.508,0.029,0.5,2.0,7.4,4.6,20.1,1.5,0.9,19.2,27.2,-0.4,0.2,-0.1,-0.019,-4.5,-0.8,-5.3,-0.3,0,0.0,OOR,1988
Michael Cage,PF,26,72,2660,360,766,0.47,0,1,0.0,360,765,0.471,0.47,326,474,0.688,371,567,938,110,91,58,160,194,1046,16.4,0.537,0.001,0.619,14.3,23.5,18.8,6.2,1.6,1.2,14.1,17.3,2.9,3.8,6.7,0.121,0.0,-0.6,-0.6,0.9,0,0.0,OOR,1988
Tony Campbell,SF,25,13,242,57,101,0.564,1,3,0.333,56,98,0.571,0.569,28,39,0.718,8,19,27,15,11,2,26,41,143,14.2,0.605,0.03,0.386,3.9,8.5,6.3,9.3,2.2,0.5,18.0,24.9,0.2,0.2,0.4,0.079,-2.9,-0.6,-3.5,-0.1,0,0.0,OOR,1988
Rick Carlisle,SG,28,26,204,29,67,0.433,6,17,0.353,23,50,0.46,0.478,10,11,0.909,6,7,13,32,11,4,22,39,74,9.0,0.515,0.254,0.164,3.3,4.1,3.6,22.2,2.6,1.2,23.4,18.7,-0.1,0.2,0.2,0.036,-2.5,1.0,-1.5,0.0,0,0.0,OOR,1988
Antoine Carr,PF,26,80,1483,281,517,0.544,1,4,0.25,280,513,0.546,0.544,142,182,0.78,94,195,289,103,38,83,116,272,705,15.5,0.59,0.008,0.352,7.0,14.7,10.8,10.2,1.3,3.4,16.3,20.2,2.0,1.8,3.8,0.122,-1.0,1.3,0.3,0.9,0,0.0,OOR,1988
Joe Barry Carroll,C,29,77,2004,402,924,0.435,0,2,0.0,402,922,0.436,0.435,172,225,0.764,131,358,489,113,50,106,164,195,976,13.6,0.477,0.002,0.244,6.9,18.9,12.9,8.3,1.2,3.0,13.8,23.8,-1.1,2.7,1.6,0.039,-2.2,0.1,-2.2,-0.1,0,0.0,OOR,1988
Bill Cartwright,C,30,82,1676,287,528,0.544,0,0,0.0,287,528,0.544,0.544,340,426,0.798,127,257,384,85,43,43,135,234,914,17.8,0.639,0.0,0.807,8.4,18.1,13.1,7.5,1.2,1.6,15.9,20.6,4.3,2.1,6.4,0.183,1.5,0.5,2.0,1.7,0,0.0,OOR,1988
Terry Catledge,PF,24,70,1610,296,585,0.506,0,2,0.0,296,583,0.508,0.506,154,235,0.655,180,217,397,63,33,9,101,172,746,14.7,0.542,0.003,0.402,12.4,15.2,13.8,5.9,1.0,0.3,12.8,20.2,2.0,1.5,3.5,0.103,0.0,-1.6,-1.6,0.1,0,0.0,OOR,1988
Tom Chambers,PF,28,82,2680,611,1364,0.448,33,109,0.303,578,1255,0.461,0.46,419,519,0.807,135,355,490,212,87,53,209,297,1674,16.8,0.526,0.08,0.38,5.5,15.3,10.3,11.9,1.6,1.2,11.6,27.0,3.7,2.7,6.4,0.114,0.8,-0.8,0.0,1.3,0,0.0,OOR,1988
Maurice Cheeks,PG,31,79,2871,428,865,0.495,3,22,0.136,425,843,0.504,0.497,227,275,0.825,59,194,253,635,167,22,160,116,1086,18.0,0.551,0.025,0.318,2.4,7.9,5.1,33.6,2.9,0.5,14.0,16.9,6.1,2.2,8.3,0.138,2.6,0.8,3.4,3.9,0,0.0,OOR,1988
Ben Coleman,PF,26,70,1498,226,453,0.499,0,3,0.0,226,450,0.502,0.499,141,185,0.762,116,234,350,62,43,41,127,230,593,12.0,0.555,0.007,0.408,8.8,18.5,13.5,6.4,1.4,1.6,19.2,18.6,0.4,1.4,1.8,0.058,-2.8,-0.3,-3.1,-0.4,0,0.0,OOR,1988
Norris Coleman,SF,26,29,431,66,191,0.346,1,2,0.5,65,189,0.344,0.348,20,36,0.556,36,45,81,13,11,6,16,51,153,6.6,0.37,0.01,0.188,8.6,11.5,10.0,4.6,1.2,0.8,7.2,21.0,-0.8,0.4,-0.4,-0.046,-5.2,-1.9,-7.1,-0.6,0,0.0,OOR,1988
Steve Colter,PG,25,68,1513,203,441,0.46,3,10,0.3,200,431,0.464,0.464,75,95,0.789,58,115,173,261,62,14,88,132,484,12.8,0.501,0.023,0.215,4.3,8.6,6.4,24.4,2.0,0.5,15.4,15.6,1.2,1.4,2.6,0.081,-0.4,0.7,0.4,0.9,0,0.0,OOR,1988
Dallas Comegys,PF,23,75,1122,156,363,0.43,0,1,0.0,156,362,0.431,0.43,106,150,0.707,54,164,218,65,36,70,116,175,418,9.5,0.487,0.003,0.413,5.4,17.5,11.3,8.6,1.6,3.8,21.3,20.5,-1.6,1.3,-0.3,-0.012,-5.0,0.9,-4.2,-0.6,0,0.0,OOR,1988
Lester Conner,PG,28,52,399,50,108,0.463,0,7,0.0,50,101,0.495,0.463,32,41,0.78,20,18,38,59,38,1,33,31,132,13.6,0.524,0.065,0.38,5.3,4.7,5.0,19.6,4.5,0.1,20.7,16.0,0.1,0.6,0.7,0.09,-1.5,3.1,1.6,0.4,0,0.0,OOR,1988
Jeff Cook,PF,31,33,359,14,59,0.237,0,1,0.0,14,58,0.241,0.237,23,28,0.821,37,69,106,14,9,8,14,64,51,5.7,0.358,0.017,0.475,11.5,21.8,16.6,4.5,1.2,1.3,16.4,9.7,-0.2,0.3,0.1,0.017,-4.6,-0.8,-5.4,-0.3,0,0.0,OOR,1988
Michael Cooper,SG,31,61,1793,189,482,0.392,57,178,0.32,132,304,0.434,0.451,97,113,0.858,50,178,228,289,66,26,101,136,532,11.6,0.5,0.369,0.234,3.3,10.7,7.2,20.2,1.8,0.8,16.0,14.7,1.3,1.8,3.1,0.082,-0.1,0.9,0.8,1.3,0,0.0,OOR,1988
Wayne Cooper,C,31,45,865,118,270,0.437,0,1,0.0,118,269,0.439,0.437,50,67,0.746,98,172,270,30,12,94,59,145,286,11.7,0.477,0.004,0.248,11.5,21.7,16.4,4.2,0.6,6.2,16.5,16.1,-0.2,1.4,1.2,0.068,-3.9,0.7,-3.2,-0.3,0,0.0,OOR,1988
Tyrone Corbin,SF,25,84,1739,257,525,0.49,1,6,0.167,256,519,0.493,0.49,110,138,0.797,127,223,350,115,72,18,104,181,625,12.4,0.534,0.011,0.263,8.6,14.6,11.7,9.2,2.0,0.6,15.1,16.6,1.1,1.9,3.0,0.082,-1.3,0.0,-1.3,0.3,0,0.0,OOR,1988
Dave Corzine,C,31,80,2328,344,715,0.481,1,9,0.111,343,706,0.486,0.482,115,153,0.752,170,357,527,154,36,95,109,149,804,13.6,0.514,0.013,0.214,8.4,17.5,13.0,9.2,0.8,2.5,12.2,16.4,1.9,3.0,4.9,0.101,-0.4,0.1,-0.3,1.0,0,0.0,OOR,1988
Winston Crite,SF,22,29,258,34,68,0.5,0,0,0.0,34,68,0.5,0.5,19,25,0.76,27,37,64,15,5,8,25,42,87,9.8,0.551,0.0,0.368,11.7,16.2,14.0,7.6,0.9,1.8,24.0,16.4,0.0,0.2,0.1,0.025,-3.8,-1.2,-5.0,-0.2,0,0.0,OOR,1988
Pat Cummings,PF,31,62,946,140,307,0.456,0,1,0.0,140,306,0.458,0.456,59,80,0.738,82,153,235,37,20,10,65,143,339,9.6,0.495,0.003,0.261,9.6,19.1,14.2,5.6,1.0,0.7,16.0,17.5,0.0,1.1,1.1,0.055,-3.2,-0.5,-3.7,-0.4,0,0.0,OOR,1988
Terry Cummings,PF,26,76,2629,675,1392,0.485,1,3,0.333,674,1389,0.485,0.485,270,406,0.665,184,369,553,181,78,46,170,274,1621,17.4,0.516,0.002,0.292,7.9,15.8,11.8,11.6,1.5,1.0,9.8,27.9,2.2,2.9,5.2,0.094,0.7,-0.7,-0.1,1.3,0,0.0,OOR,1988
Earl Cureton,PF,30,69,1128,133,310,0.429,0,3,0.0,133,307,0.433,0.429,33,63,0.524,97,174,271,63,32,36,58,135,299,9.2,0.443,0.01,0.203,8.8,17.0,12.8,8.1,1.4,1.8,14.7,14.3,-0.6,1.3,0.7,0.029,-4.1,0.2,-4.0,-0.6,0,0.0,OOR,1988
Dell Curry,SG,23,79,1499,340,742,0.458,28,81,0.346,312,661,0.472,0.477,79,101,0.782,43,123,166,149,94,22,108,128,787,15.1,0.5,0.109,0.136,3.5,9.4,6.5,16.3,3.1,0.9,12.1,25.5,0.0,2.0,2.0,0.064,-0.8,0.7,-0.2,0.7,0,0.0,OOR,1988
Quintin Dailey,SG,27,67,1282,328,755,0.434,2,12,0.167,326,743,0.439,0.436,243,313,0.776,62,92,154,109,69,4,123,128,901,16.8,0.505,0.016,0.415,5.0,7.9,6.4,15.5,2.6,0.2,12.1,32.2,0.1,1.2,1.3,0.05,0.1,-0.2,-0.1,0.6,0,0.0,OOR,1988
Adrian Dantley,SF,32,69,2144,444,863,0.514,0,2,0.0,444,861,0.516,0.514,492,572,0.86,84,143,227,171,39,10,135,144,1380,19.9,0.619,0.002,0.663,4.5,7.3,5.9,11.9,0.9,0.3,10.8,24.2,7.5,1.9,9.4,0.21,3.7,-0.2,3.5,2.9,0,0.001,Candidate,1988
Brad Daugherty,C,22,79,2957,551,1081,0.51,0,2,0.0,551,1079,0.511,0.51,378,528,0.716,151,514,665,333,48,56,267,235,1480,16.2,0.563,0.002,0.488,6.2,19.9,13.2,17.3,0.8,1.1,16.9,22.8,3.0,3.6,6.6,0.107,0.7,-0.1,0.5,1.9,0,0.0,OOR,1988
Brad Davis,PG,32,75,1480,208,415,0.501,30,74,0.405,178,341,0.522,0.537,91,108,0.843,18,84,102,303,51,18,91,149,537,14.5,0.581,0.178,0.26,1.3,6.1,3.7,28.3,1.7,0.7,16.4,15.5,2.9,1.1,4.0,0.13,0.6,0.3,0.8,1.1,0,0.0,OOR,1988
Charles Davis,SF,29,21,226,48,115,0.417,1,17,0.059,47,98,0.48,0.422,7,10,0.7,16,25,41,20,2,4,18,29,104,8.7,0.436,0.148,0.087,7.6,12.1,9.8,12.5,0.4,1.0,13.1,24.3,-0.3,0.0,-0.3,-0.055,-3.1,-2.8,-5.9,-0.2,0,0.0,OOR,1988
Walter Davis,SF,33,68,1951,488,1031,0.473,36,96,0.375,452,935,0.483,0.491,205,231,0.887,32,127,159,278,86,3,126,131,1217,17.8,0.537,0.093,0.224,1.8,7.4,4.6,21.9,2.1,0.1,10.0,26.3,3.0,0.9,3.8,0.094,1.8,-1.2,0.6,1.3,0,0.0,OOR,1988
Darryl Dawkins,C,31,6,33,2,9,0.222,0,0,0.0,2,9,0.222,0.222,6,15,0.4,2,3,5,2,0,2,7,14,10,-9.5,0.321,0.0,1.667,6.8,9.4,8.1,7.7,0.0,3.5,31.0,28.1,-0.3,0.0,-0.2,-0.313,-20.1,-1.1,-21.2,-0.2,0,0.0,OOR,1988
Johnny Dawkins,PG,24,65,2179,405,835,0.485,19,61,0.311,386,774,0.499,0.496,198,221,0.896,66,138,204,480,88,2,154,95,1027,17.0,0.551,0.073,0.265,3.2,6.9,5.1,29.4,1.9,0.1,14.2,19.7,4.0,0.3,4.3,0.095,1.9,-1.9,0.0,1.1,0,0.0,OOR,1988
Darren Daye,SF,27,47,655,112,217,0.516,0,1,0.0,112,216,0.519,0.516,59,87,0.678,30,46,76,71,29,4,44,68,283,13.6,0.554,0.005,0.401,5.8,7.8,6.9,14.7,2.2,0.4,14.7,19.6,0.7,0.5,1.2,0.086,-0.5,0.0,-0.4,0.2,0,0.0,OOR,1988
James Donaldson,C,30,81,2523,212,380,0.558,0,0,0.0,212,380,0.558,0.558,147,189,0.778,247,508,755,66,40,104,113,175,571,12.4,0.616,0.0,0.497,10.8,21.5,16.3,3.4,0.8,2.4,19.6,9.4,3.0,3.3,6.2,0.119,-0.4,0.4,0.0,1.3,0,0.0,OOR,1988
Billy Donovan,PG,22,44,364,44,109,0.404,0,7,0.0,44,102,0.431,0.404,17,21,0.81,5,20,25,87,16,1,42,33,105,8.7,0.444,0.064,0.193,1.5,6.5,3.9,32.8,2.1,0.2,26.2,17.9,-0.4,0.3,-0.1,-0.009,-2.7,-1.1,-3.7,-0.2,0,0.0,OOR,1988
Greg Dreiling,C,25,20,74,8,17,0.471,0,0,0.0,8,17,0.471,0.471,18,26,0.692,3,14,17,5,2,4,11,19,34,10.5,0.598,0.0,1.529,4.5,20.6,12.6,8.8,1.3,3.2,27.9,22.5,0.0,0.1,0.1,0.048,-6.7,1.5,-5.2,-0.1,0,0.0,OOR,1988
Larry Drew,PG,29,74,2024,328,720,0.456,26,90,0.289,302,630,0.479,0.474,83,108,0.769,21,98,119,383,65,0,152,114,765,11.7,0.498,0.125,0.15,1.1,5.3,3.1,29.4,1.5,0.0,16.5,18.5,0.1,1.2,1.2,0.03,-1.7,-1.4,-3.1,-0.6,0,0.0,OOR,1988
Clyde Drexler,SG,25,81,3060,849,1679,0.506,11,52,0.212,838,1627,0.515,0.509,476,587,0.811,261,272,533,467,203,52,236,250,2185,24.1,0.564,0.031,0.35,9.2,9.6,9.4,23.5,3.1,1.0,10.9,28.0,9.3,3.9,13.2,0.207,5.7,1.4,7.0,7.0,0,0.108,Candidate,1988
Kevin Duckworth,C,23,78,2223,450,907,0.496,0,0,0.0,450,907,0.496,0.496,331,430,0.77,224,352,576,66,31,32,177,280,1231,14.9,0.561,0.0,0.474,10.9,17.1,14.0,4.1,0.6,0.8,13.9,22.6,3.0,2.1,5.2,0.112,-0.8,-2.0,-2.8,-0.4,0,0.0,OOR,1988
Chris Dudley,C,22,55,513,65,137,0.474,0,0,0.0,65,137,0.474,0.474,40,71,0.563,74,70,144,23,13,19,31,87,170,12.1,0.505,0.0,0.518,17.5,15.7,16.5,6.3,1.2,2.2,15.6,16.6,0.3,0.7,1.0,0.093,-2.4,-0.6,-3.1,-0.1,0,0.0,OOR,1988
Joe Dumars,SG,24,82,2732,453,960,0.472,4,19,0.211,449,941,0.477,0.474,251,308,0.815,63,137,200,387,87,15,172,155,1161,13.7,0.53,0.02,0.321,2.6,5.5,4.1,20.0,1.6,0.3,13.6,19.3,3.2,2.7,5.9,0.103,0.3,0.3,0.6,1.8,0,0.0,OOR,1988
T.R. Dunn,SG,32,82,1534,70,156,0.449,0,1,0.0,70,155,0.452,0.449,40,52,0.769,110,130,240,87,101,11,26,152,180,8.3,0.503,0.006,0.333,7.3,9.3,8.2,6.3,3.0,0.4,12.7,5.2,1.3,2.0,3.2,0.102,-2.0,2.4,0.4,0.9,0,0.0,OOR,1988
Mark Eaton,C,31,82,2731,226,541,0.418,0,0,0.0,226,541,0.418,0.418,119,191,0.623,230,487,717,55,41,304,131,320,571,9.5,0.457,0.0,0.353,9.5,18.3,14.1,2.5,0.7,6.4,17.3,11.3,-1.1,5.2,4.1,0.072,-3.8,2.0,-1.8,0.1,0,0.0,OOR,1988
Franklin Edwards,PG,28,16,414,54,115,0.47,0,2,0.0,54,113,0.478,0.47,24,32,0.75,4,15,19,92,10,1,47,10,132,9.9,0.511,0.017,0.278,1.0,4.0,2.5,29.9,1.1,0.1,26.7,17.1,-0.2,0.0,-0.2,-0.025,-1.4,-3.0,-4.5,-0.3,0,0.0,OOR,1988
James Edwards,C,32,69,1705,302,643,0.47,0,1,0.0,302,642,0.47,0.47,210,321,0.654,119,293,412,78,16,37,130,216,814,12.1,0.519,0.002,0.499,7.8,19.3,13.6,6.4,0.4,1.3,14.2,21.9,0.3,1.2,1.5,0.042,-2.3,-1.8,-4.1,-0.9,0,0.0,OOR,1988
Craig Ehlo,SG,26,79,1709,226,485,0.466,22,64,0.344,204,421,0.485,0.489,89,132,0.674,86,188,274,206,82,30,107,182,563,12.5,0.518,0.132,0.272,6.1,12.6,9.4,17.1,2.4,1.0,16.5,16.2,0.9,2.3,3.1,0.088,-0.8,1.4,0.6,1.1,0,0.0,OOR,1988
Dale Ellis,SG,27,75,2790,764,1519,0.503,107,259,0.413,657,1260,0.521,0.538,303,395,0.767,167,173,340,197,74,11,172,221,1938,19.3,0.572,0.171,0.26,6.6,7.2,6.9,11.4,1.3,0.2,9.2,26.8,7.4,1.6,9.0,0.155,4.3,-1.8,2.5,3.2,0,0.0,OOR,1988
Chris Engler,C,28,54,399,36,88,0.409,0,0,0.0,36,88,0.409,0.409,31,35,0.886,32,66,98,15,9,6,29,73,103,7.1,0.498,0.0,0.398,9.0,19.9,14.2,5.2,1.1,0.9,21.9,14.0,-0.2,0.3,0.2,0.022,-5.3,-0.7,-6.0,-0.4,0,0.0,OOR,1988
Alex English,SF,34,80,2818,843,1704,0.495,0,6,0.0,843,1698,0.496,0.495,314,379,0.828,166,207,373,377,70,23,181,193,2000,19.8,0.535,0.004,0.222,6.0,8.0,7.0,20.5,1.1,0.5,8.8,28.4,5.3,2.2,7.6,0.129,3.4,-1.4,2.0,2.9,0,0.005,Candidate,1988
Mike Evans,PG,32,56,656,139,307,0.453,36,91,0.396,103,216,0.477,0.511,30,37,0.811,9,39,48,81,34,6,43,78,344,13.7,0.532,0.296,0.121,1.4,6.5,3.8,16.7,2.4,0.5,11.7,21.8,0.4,0.7,1.1,0.082,-0.3,0.0,-0.3,0.3,0,0.0,OOR,1988
Patrick Ewing,C,25,82,2546,656,1183,0.555,0,3,0.0,656,1180,0.556,0.555,341,476,0.716,245,431,676,125,104,245,287,332,1653,21.9,0.594,0.003,0.402,10.7,20.0,15.2,8.3,2.0,6.0,17.1,26.8,3.4,4.7,8.1,0.154,1.9,2.4,4.2,4.0,0,0.0,OOR,1988
Jim Farmer,SG,23,30,157,26,69,0.377,0,6,0.0,26,63,0.413,0.377,9,10,0.9,9,9,18,16,3,1,22,18,61,4.4,0.416,0.087,0.145,6.3,6.1,6.2,14.6,0.9,0.4,23.1,25.1,-0.4,0.1,-0.4,-0.111,-7.0,-2.9,-9.9,-0.3,0,0.0,OOR,1988
Dave Feitl,C,25,70,1128,182,404,0.45,0,4,0.0,182,400,0.455,0.45,94,134,0.701,83,252,335,53,15,9,87,146,458,10.7,0.495,0.01,0.332,8.0,25.5,16.5,6.6,0.6,0.5,15.8,19.7,-0.4,0.7,0.3,0.011,-3.1,-2.6,-5.7,-1.1,0,0.0,OOR,1988
Kenny Fields,SF,25,7,154,16,36,0.444,0,0,0.0,16,36,0.444,0.444,20,26,0.769,13,16,29,10,5,2,19,17,52,8.7,0.548,0.0,0.722,8.7,11.5,10.0,9.3,1.5,0.7,28.6,17.5,-0.1,0.1,0.0,0.0,-3.9,-0.5,-4.4,-0.1,0,0.0,OOR,1988
Vern Fleming,PG,25,80,2733,442,845,0.523,0,13,0.0,442,832,0.531,0.523,227,283,0.802,106,258,364,568,115,11,175,225,1111,17.5,0.573,0.015,0.335,4.3,10.3,7.3,29.3,2.1,0.2,15.3,17.7,5.6,2.8,8.4,0.148,1.9,0.9,2.8,3.3,0,0.0,OOR,1988
Sleepy Floyd,PG,27,77,2514,420,969,0.433,14,72,0.194,406,897,0.453,0.441,301,354,0.85,77,219,296,544,95,12,223,190,1155,15.4,0.513,0.074,0.365,3.3,9.3,6.3,30.5,1.8,0.3,16.5,21.6,2.2,2.1,4.4,0.084,0.6,-0.4,0.2,1.4,0,0.0,OOR,1988
Tellis Frank,PF,22,78,1597,242,565,0.428,0,1,0.0,242,564,0.429,0.428,150,207,0.725,95,235,330,111,53,23,109,267,634,10.2,0.483,0.002,0.366,6.4,16.8,11.5,9.6,1.6,0.8,14.2,19.4,-0.3,0.9,0.6,0.018,-3.9,-1.2,-5.1,-1.2,0,0.0,OOR,1988
World B. Free,SG,34,58,682,143,350,0.409,8,35,0.229,135,315,0.429,0.42,80,100,0.8,14,30,44,60,20,3,49,74,374,11.1,0.475,0.1,0.286,2.2,4.6,3.4,13.1,1.4,0.2,11.1,26.1,-0.1,0.5,0.4,0.028,-3.1,-1.7,-4.7,-0.5,0,0.0,OOR,1988
Kevin Gamble,SF,22,9,19,0,3,0.0,0,1,0.0,0,2,0.0,0.0,0,0,0.0,2,1,3,1,2,0,2,2,0,-1.0,0.0,0.333,0.0,11.4,5.7,8.5,5.7,4.9,0.0,40.0,10.4,-0.1,0.0,-0.1,-0.139,-7.2,0.2,-7.0,0.0,0,0.0,OOR,1988
Winston Garland,PG,23,67,2122,340,775,0.439,13,39,0.333,327,736,0.444,0.447,138,157,0.879,68,159,227,429,116,7,167,188,831,13.8,0.492,0.05,0.203,3.5,8.6,6.0,28.3,2.6,0.2,16.5,19.3,0.8,0.9,1.7,0.039,-0.9,-0.9,-1.8,0.1,0,0.0,OOR,1988
Armen Gilliam,PF,23,55,1807,342,720,0.475,0,0,0.0,342,720,0.475,0.475,131,193,0.679,134,300,434,72,58,29,123,143,815,12.9,0.506,0.0,0.268,8.3,18.8,13.5,5.6,1.5,0.9,13.3,20.9,-0.1,1.4,1.3,0.035,-1.7,-1.7,-3.4,-0.6,0,0.0,OOR,1988
Artis Gilmore,C,38,71,893,99,181,0.547,0,0,0.0,99,181,0.547,0.547,67,128,0.523,69,142,211,21,15,30,67,148,265,8.4,0.558,0.0,0.707,9.6,17.8,13.9,3.0,0.8,2.0,22.0,14.6,-0.1,1.0,0.9,0.048,-4.5,-0.8,-5.3,-0.7,0,0.0,OOR,1988
Mike Gminski,C,28,81,2961,505,1126,0.448,0,2,0.0,505,1124,0.449,0.448,355,392,0.906,245,569,814,139,64,118,177,176,1365,16.8,0.526,0.002,0.348,9.5,22.7,15.9,7.4,1.1,2.4,12.0,21.0,3.4,3.0,6.5,0.105,0.7,-0.5,0.1,1.6,0,0.0,OOR,1988
Lancaster Gordon,SG,25,8,65,11,31,0.355,0,0,0.0,11,31,0.355,0.355,6,6,1.0,2,2,4,7,1,2,4,8,28,8.0,0.416,0.0,0.194,3.2,3.4,3.3,16.9,0.7,1.7,10.6,23.5,-0.1,0.0,0.0,-0.035,-4.5,-2.1,-6.6,-0.1,0,0.0,OOR,1988
Horace Grant,PF,22,81,1827,254,507,0.501,0,2,0.0,254,505,0.503,0.501,114,182,0.626,155,292,447,89,51,53,86,221,622,13.0,0.53,0.004,0.359,9.8,18.2,14.0,6.7,1.4,1.7,12.8,15.8,1.6,2.6,4.2,0.111,-1.8,0.1,-1.7,0.2,0,0.0,OOR,1988
Stuart Gray,C,24,74,807,90,193,0.466,0,1,0.0,90,192,0.469,0.466,44,73,0.603,70,180,250,44,11,32,50,152,224,9.9,0.498,0.005,0.378,9.6,24.3,17.0,7.2,0.7,2.3,18.2,14.4,0.0,1.2,1.1,0.067,-3.9,0.6,-3.3,-0.3,0,0.0,OOR,1988
A.C. Green,PF,24,82,2636,322,640,0.503,0,2,0.0,322,638,0.505,0.503,293,379,0.773,245,465,710,93,87,45,120,204,937,14.5,0.581,0.003,0.592,11.1,19.1,15.3,4.5,1.6,1.0,12.9,14.7,4.5,3.4,7.9,0.144,0.4,-0.1,0.3,1.5,0,0.0,OOR,1988
Rickey Green,PG,33,81,1116,157,370,0.424,4,19,0.211,153,351,0.436,0.43,75,83,0.904,14,66,80,300,57,1,94,83,393,13.2,0.483,0.051,0.224,1.4,6.1,3.8,36.2,2.4,0.1,18.8,18.4,0.4,1.4,1.8,0.078,-0.8,0.1,-0.7,0.4,0,0.0,OOR,1988
Sidney Green,PF,27,82,2049,258,585,0.441,0,2,0.0,258,583,0.443,0.441,126,190,0.663,221,421,642,93,65,32,148,318,642,10.3,0.48,0.003,0.325,12.0,24.3,17.9,6.3,1.5,1.0,18.1,16.2,-0.4,3.1,2.7,0.063,-3.1,-0.1,-3.2,-0.6,0,0.0,OOR,1988
Dave Greenwood,PF,30,45,1236,151,328,0.46,0,2,0.0,151,326,0.463,0.46,83,111,0.748,92,208,300,97,33,22,74,134,385,10.8,0.511,0.006,0.338,8.0,18.4,13.1,9.6,1.2,1.0,16.4,14.4,0.5,0.6,1.1,0.043,-2.1,-1.0,-3.1,-0.3,0,0.0,OOR,1988
Claude Gregory,PF,29,23,313,61,134,0.455,0,1,0.0,61,133,0.459,0.455,12,36,0.333,37,58,95,16,9,13,22,37,134,12.8,0.447,0.007,0.269,12.1,20.4,16.1,8.4,1.4,2.4,12.8,22.3,-0.3,0.4,0.1,0.011,-3.2,-0.8,-4.0,-0.2,0,0.0,OOR,1988
Darrell Griffith,SG,29,52,1052,251,585,0.429,28,102,0.275,223,483,0.462,0.453,59,92,0.641,36,91,127,91,52,5,67,102,589,12.7,0.471,0.174,0.157,3.8,8.9,6.5,13.4,2.3,0.3,9.7,26.9,-0.7,1.5,0.8,0.037,-2.0,0.0,-2.1,0.0,0,0.0,OOR,1988
Pétur Guðmundsson,C,29,69,1017,139,280,0.496,0,1,0.0,139,279,0.498,0.496,117,145,0.807,93,230,323,86,18,61,103,197,395,12.9,0.574,0.004,0.518,9.8,24.7,17.2,10.6,0.8,3.3,23.1,17.3,0.5,0.9,1.4,0.064,-3.0,0.3,-2.7,-0.2,0,0.0,OOR,1988
Bob Hansen,SG,27,81,1796,316,611,0.517,32,97,0.33,284,514,0.553,0.543,113,152,0.743,64,123,187,175,65,5,91,193,777,12.9,0.573,0.159,0.249,4.0,7.0,5.6,13.8,1.7,0.2,11.8,17.5,2.3,2.1,4.4,0.118,-1.0,0.3,-0.7,0.6,0,0.0,OOR,1988
Bill Hanzlik,SF,30,77,1334,109,287,0.38,3,16,0.188,106,271,0.391,0.385,129,163,0.791,39,132,171,166,64,17,95,185,350,8.2,0.488,0.056,0.568,3.0,10.8,6.7,14.3,2.2,0.7,20.9,13.3,-0.3,1.6,1.3,0.046,-3.9,1.1,-2.8,-0.3,0,0.0,OOR,1988
Derek Harper,PG,26,82,3032,536,1167,0.459,60,192,0.313,476,975,0.488,0.485,261,344,0.759,71,175,246,634,168,35,190,164,1393,18.1,0.528,0.165,0.295,2.6,6.2,4.4,30.4,2.7,0.7,12.6,20.6,6.1,3.0,9.1,0.145,2.7,0.8,3.5,4.2,0,0.0,OOR,1988
Ron Harper,SG,24,57,1830,340,732,0.464,3,20,0.15,337,712,0.473,0.467,196,278,0.705,64,159,223,281,122,52,158,157,879,16.6,0.514,0.027,0.38,4.2,10.0,7.2,23.6,3.3,1.7,15.6,23.6,0.8,2.7,3.5,0.092,0.5,1.8,2.3,2.0,0,0.0,OOR,1988
Steve Harris,SG,24,58,1084,223,487,0.458,0,7,0.0,223,480,0.465,0.458,89,113,0.788,53,73,126,87,50,8,56,89,535,14.0,0.498,0.014,0.232,5.3,7.6,6.4,12.0,2.2,0.4,9.4,22.1,0.7,0.5,1.2,0.052,-0.8,-1.2,-2.0,0.0,0,0.0,OOR,1988
Scott Hastings,PF,27,55,403,40,82,0.488,5,12,0.417,35,70,0.5,0.518,25,27,0.926,27,70,97,16,8,10,14,67,110,10.8,0.586,0.146,0.329,7.4,19.4,13.4,5.1,1.0,1.5,13.0,11.3,0.6,0.5,1.0,0.125,-1.8,0.4,-1.4,0.1,0,0.0,OOR,1988
Dave Henderson,SG,23,22,351,47,116,0.405,0,1,0.0,47,115,0.409,0.405,32,47,0.681,11,24,35,34,12,5,40,41,126,6.7,0.461,0.009,0.405,3.6,8.0,5.8,14.4,1.7,0.9,22.6,21.3,-0.6,0.2,-0.4,-0.058,-5.5,-1.6,-7.1,-0.4,0,0.0,OOR,1988
Gerald Henderson,PG,32,75,1505,194,453,0.428,69,163,0.423,125,290,0.431,0.504,138,170,0.812,27,80,107,231,69,5,133,187,595,12.1,0.564,0.36,0.375,2.1,6.2,4.1,22.5,2.3,0.2,20.1,18.5,1.3,0.9,2.2,0.071,-0.8,-0.6,-1.4,0.2,0,0.0,OOR,1988
Kevin Henderson,SG,23,17,190,21,53,0.396,0,1,0.0,21,52,0.404,0.396,15,26,0.577,9,12,21,23,8,0,17,26,57,6.7,0.442,0.019,0.491,5.3,7.2,6.2,15.9,2.0,0.0,20.9,17.5,-0.2,0.1,-0.2,-0.045,-5.0,-1.4,-6.3,-0.2,0,0.0,OOR,1988
Conner Henry,SG,24,39,433,62,150,0.413,20,45,0.444,42,105,0.4,0.48,39,47,0.83,13,36,49,67,12,5,39,37,183,12.4,0.536,0.3,0.313,3.4,9.2,6.4,21.1,1.3,0.7,18.6,20.0,0.2,0.2,0.4,0.049,0.0,-0.9,-0.9,0.1,0,0.0,OOR,1988
Rod Higgins,SF,28,68,2188,381,725,0.526,19,39,0.487,362,686,0.528,0.539,273,322,0.848,94,199,293,188,70,31,111,188,1054,16.3,0.608,0.054,0.444,4.7,10.4,7.5,12.3,1.5,0.8,11.4,18.1,5.0,0.6,5.7,0.124,1.7,-0.8,0.9,1.6,0,0.0,OOR,1988
Roy Hinson,SF,26,77,2592,453,930,0.487,0,2,0.0,453,928,0.488,0.487,272,351,0.775,159,358,517,99,69,140,169,275,1178,14.8,0.543,0.002,0.377,6.9,16.4,11.6,6.0,1.3,3.2,13.5,20.4,1.9,2.6,4.5,0.083,-1.1,0.0,-1.1,0.6,0,0.0,OOR,1988
Craig Hodges,SG,27,66,1445,242,523,0.463,86,175,0.491,156,348,0.448,0.545,59,71,0.831,19,59,78,153,46,2,77,118,629,12.2,0.567,0.335,0.136,1.5,4.6,3.0,15.2,1.5,0.1,12.2,18.2,1.6,0.7,2.4,0.078,0.3,-0.7,-0.4,0.6,0,0.0,OOR,1988
Michael Holton,PG,26,82,1279,163,353,0.462,3,15,0.2,160,338,0.473,0.466,107,129,0.829,50,99,149,211,41,10,86,154,436,11.4,0.532,0.042,0.365,4.2,8.4,6.3,20.6,1.5,0.4,17.3,15.3,1.3,1.1,2.3,0.087,-1.5,-0.1,-1.5,0.1,0,0.0,OOR,1988
Dave Hoppen,C,23,39,642,84,183,0.459,0,1,0.0,84,182,0.462,0.459,54,62,0.871,58,116,174,32,13,6,37,87,222,11.4,0.528,0.005,0.339,9.8,20.6,15.1,6.7,1.0,0.5,15.0,15.6,0.5,0.4,0.8,0.061,-2.5,-2.2,-4.8,-0.5,0,0.0,OOR,1988
Dennis Hopson,SG,22,61,1365,222,549,0.404,12,45,0.267,210,504,0.417,0.415,131,177,0.74,63,80,143,118,57,25,119,145,587,10.2,0.468,0.082,0.322,5.2,7.0,6.1,13.3,2.0,1.1,16.0,23.1,-1.3,1.0,-0.3,-0.012,-2.8,-0.8,-3.6,-0.5,0,0.0,OOR,1988
Jeff Hornacek,SG,24,82,2243,306,605,0.506,17,58,0.293,289,547,0.528,0.52,152,185,0.822,71,191,262,540,107,10,156,151,781,15.9,0.569,0.096,0.306,3.5,9.6,6.6,31.5,2.3,0.3,18.5,15.3,3.7,1.3,5.0,0.106,1.4,0.0,1.4,1.9,0,0.0,OOR,1988
Phil Hubbard,SF,31,78,1631,237,485,0.489,0,5,0.0,237,480,0.494,0.489,182,243,0.749,117,164,281,81,50,7,118,167,656,11.8,0.554,0.01,0.501,8.7,11.5,10.1,7.2,1.5,0.3,16.6,18.6,1.1,1.6,2.7,0.081,-1.8,-1.0,-2.7,-0.3,0,0.0,OOR,1988
Eddie Hughes,PG,27,11,42,5,13,0.385,1,6,0.167,4,7,0.571,0.423,6,6,1.0,3,1,4,8,0,0,6,5,17,8.8,0.543,0.462,0.462,8.0,2.5,5.1,24.9,0.0,0.0,27.7,21.1,0.0,0.0,0.0,0.021,-1.8,-3.8,-5.6,0.0,0,0.0,OOR,1988
Jay Humphries,PG,25,68,1809,284,538,0.528,3,18,0.167,281,520,0.54,0.531,112,153,0.732,49,125,174,395,81,5,127,177,683,14.8,0.564,0.033,0.284,3.0,7.8,5.4,29.7,2.1,0.2,17.3,16.6,2.5,1.0,3.5,0.093,0.4,-0.3,0.1,1.0,0,0.0,OOR,1988
Marc Iavaroni,PF,31,81,1238,143,308,0.464,0,2,0.0,143,306,0.467,0.464,78,99,0.788,94,174,268,67,23,25,83,162,364,8.6,0.518,0.006,0.321,8.5,14.5,11.6,7.0,0.9,1.2,19.1,14.4,0.0,1.7,1.7,0.064,-3.5,0.0,-3.5,-0.5,0,0.0,OOR,1988
Mark Jackson,PG,22,82,3249,438,1013,0.432,32,126,0.254,406,887,0.458,0.448,206,266,0.774,120,276,396,868,205,6,258,244,1114,15.7,0.493,0.124,0.263,4.1,10.0,7.0,37.4,3.1,0.1,18.6,17.3,3.5,4.2,7.6,0.113,1.6,1.1,2.7,3.9,0,0.003,Candidate,1988
Michael Jackson,PG,23,58,760,64,171,0.374,6,25,0.24,58,146,0.397,0.392,23,32,0.719,17,42,59,179,20,5,58,81,157,7.8,0.424,0.146,0.187,2.4,6.0,4.2,29.8,1.3,0.4,23.9,12.9,-0.3,0.1,-0.2,-0.011,-3.3,-1.7,-4.9,-0.6,0,0.0,OOR,1988
Buck Johnson,SF,24,70,879,155,298,0.52,1,8,0.125,154,290,0.531,0.522,67,91,0.736,77,91,168,49,30,26,54,127,378,13.9,0.559,0.027,0.305,9.2,10.7,10.0,7.9,1.6,1.7,13.8,17.9,1.1,1.1,2.1,0.116,-1.1,0.3,-0.8,0.3,0,0.0,OOR,1988
Clemon Johnson,C,31,74,723,49,105,0.467,0,0,0.0,49,105,0.467,0.467,22,32,0.688,66,108,174,17,13,24,29,104,120,7.1,0.504,0.0,0.305,10.0,17.2,13.5,2.9,0.9,2.1,19.6,8.2,0.2,0.7,0.9,0.061,-3.1,-0.1,-3.3,-0.2,0,0.0,OOR,1988
Dennis Johnson,PG,33,77,2670,352,803,0.438,12,46,0.261,340,757,0.449,0.446,255,298,0.856,62,178,240,598,93,29,195,204,971,14.0,0.52,0.057,0.371,2.9,7.4,5.3,28.8,1.7,0.6,17.3,18.1,3.4,1.7,5.0,0.091,0.7,-0.6,0.1,1.4,0,0.0,OOR,1988
Eddie Johnson,SF,28,73,2177,533,1110,0.48,24,94,0.255,509,1016,0.501,0.491,204,240,0.85,121,197,318,180,33,9,139,190,1294,15.2,0.532,0.085,0.216,6.2,10.3,8.2,12.6,0.7,0.2,10.3,25.4,2.5,0.5,3.0,0.065,0.8,-2.8,-2.0,0.0,0,0.0,OOR,1988
Frank Johnson,PG,29,75,1258,216,498,0.434,1,9,0.111,215,489,0.44,0.435,121,149,0.812,39,82,121,188,70,4,99,120,554,13.5,0.492,0.018,0.299,3.4,7.4,5.4,22.2,2.7,0.2,14.9,21.7,0.4,1.3,1.6,0.063,-1.4,0.3,-1.0,0.3,0,0.0,OOR,1988
Kannard Johnson,SF,22,4,12,1,3,0.333,0,0,0.0,1,3,0.333,0.333,0,0,0.0,0,0,0,0,1,0,2,1,2,-4.6,0.333,0.0,0.0,0.0,0.0,0.0,0.0,4.1,0.0,40.0,17.8,-0.1,0.0,-0.1,-0.238,-9.3,-0.3,-9.7,0.0,0,0.0,OOR,1988
Kevin Johnson,PG,21,80,1917,275,596,0.461,5,24,0.208,270,572,0.472,0.466,177,211,0.839,36,155,191,437,103,24,146,155,732,15.5,0.531,0.04,0.354,2.1,9.2,5.7,31.4,2.6,0.7,17.5,18.2,2.2,1.9,4.0,0.101,0.3,0.6,0.9,1.4,0,0.0,OOR,1988
Magic Johnson,PG,28,72,2637,490,996,0.492,11,56,0.196,479,940,0.51,0.497,417,489,0.853,88,361,449,858,114,13,269,147,1408,23.1,0.581,0.056,0.491,4.0,14.8,9.7,45.4,2.1,0.3,18.2,23.4,7.8,3.1,10.9,0.199,5.2,0.8,6.0,5.3,16,0.635,Candidate,1988
Steve Johnson,C,30,43,1050,258,488,0.529,0,1,0.0,258,487,0.53,0.529,146,249,0.586,84,158,242,57,17,32,122,151,662,14.9,0.554,0.002,0.51,8.6,16.3,12.5,8.0,0.8,1.7,17.0,27.0,0.2,1.1,1.3,0.058,-1.7,-1.4,-3.1,-0.3,0,0.0,OOR,1988
Vinnie Johnson,SG,31,82,1935,425,959,0.443,5,24,0.208,420,935,0.449,0.446,147,217,0.677,90,141,231,267,58,18,152,164,1002,13.8,0.475,0.025,0.226,5.3,8.0,6.7,21.1,1.5,0.5,12.6,25.9,0.2,2.1,2.3,0.056,-0.5,-0.4,-0.9,0.5,0,0.0,OOR,1988
Caldwell Jones,C,37,79,1778,128,263,0.487,0,4,0.0,128,259,0.494,0.487,78,106,0.736,105,303,408,81,29,99,82,251,334,8.0,0.539,0.015,0.403,6.4,18.5,12.4,5.3,0.8,3.2,20.9,8.7,0.5,2.2,2.7,0.073,-3.0,1.4,-1.7,0.1,0,0.0,OOR,1988
Charles Jones,PF,30,69,1313,72,177,0.407,0,1,0.0,72,176,0.409,0.407,53,75,0.707,106,219,325,59,53,113,57,226,197,9.3,0.469,0.006,0.424,8.9,18.8,13.8,5.7,2.0,5.0,21.3,8.4,0.0,2.2,2.2,0.082,-3.6,3.4,-0.2,0.6,0,0.0,OOR,1988
Charles Jones,PF,26,37,186,16,40,0.4,0,1,0.0,16,39,0.41,0.4,19,33,0.576,11,20,31,8,3,6,12,28,51,5.9,0.468,0.025,0.825,6.4,11.6,9.0,5.1,0.7,1.9,18.0,14.1,-0.1,0.2,0.1,0.017,-5.1,-0.9,-6.0,-0.2,0,0.0,OOR,1988
Michael Jordan,SG,24,82,3311,1069,1998,0.535,7,53,0.132,1062,1945,0.546,0.537,723,860,0.841,139,310,449,485,259,131,252,270,2868,31.7,0.603,0.027,0.43,4.8,10.7,7.8,27.0,3.9,2.4,9.6,34.1,15.2,6.1,21.2,0.308,8.8,4.2,13.0,12.5,47,0.831,MVP,1988
Jerome Kersey,SF,25,79,2888,611,1225,0.499,3,15,0.2,608,1210,0.502,0.5,291,396,0.735,211,446,657,243,127,65,161,302,1516,17.3,0.542,0.012,0.323,7.9,16.7,12.3,11.7,2.0,1.3,10.3,21.3,4.8,3.8,8.6,0.144,1.2,0.6,1.8,2.8,0,0.0,OOR,1988
Albert King,SF,28,72,1593,211,540,0.391,17,49,0.347,194,491,0.395,0.406,78,103,0.757,71,145,216,109,39,18,93,219,517,7.2,0.442,0.091,0.191,5.2,10.6,7.9,10.1,1.2,0.7,13.7,18.0,-0.9,0.8,-0.1,-0.004,-4.2,-1.2,-5.4,-1.4,0,0.0,OOR,1988
Bernard King,SF,31,69,2044,470,938,0.501,1,6,0.167,469,932,0.503,0.502,247,324,0.762,86,194,280,192,49,10,211,202,1188,15.0,0.55,0.006,0.345,4.7,10.7,7.7,15.3,1.2,0.3,16.3,26.1,1.2,1.6,2.8,0.066,-0.1,-1.2,-1.3,0.3,0,0.0,OOR,1988
Greg Kite,C,26,53,1063,92,205,0.449,0,1,0.0,92,204,0.451,0.449,40,79,0.506,85,179,264,47,19,58,73,153,224,7.3,0.467,0.005,0.385,8.4,18.6,13.3,6.1,0.9,3.1,23.3,12.0,-1.0,1.3,0.3,0.014,-5.4,0.7,-4.7,-0.7,0,0.0,OOR,1988
Joe Kleine,C,26,82,1999,324,686,0.472,0,0,0.0,324,686,0.472,0.472,153,188,0.814,179,400,579,93,28,59,107,228,801,13.4,0.521,0.0,0.274,9.7,21.9,15.8,6.5,0.7,1.6,12.2,17.7,1.7,1.3,3.1,0.074,-1.7,-1.3,-3.0,-0.5,0,0.0,OOR,1988
Bart Kofoed,SG,23,36,225,18,48,0.375,2,7,0.286,16,41,0.39,0.396,8,13,0.615,4,11,15,23,6,1,18,42,46,1.9,0.428,0.146,0.271,2.0,5.0,3.6,12.7,1.3,0.3,25.1,13.0,-0.4,0.2,-0.1,-0.026,-7.4,-0.5,-7.9,-0.3,0,0.0,OOR,1988
Jon Koncak,C,24,49,1073,98,203,0.483,0,2,0.0,98,201,0.488,0.483,83,136,0.61,103,230,333,19,36,56,53,161,279,11.8,0.531,0.01,0.67,10.6,24.0,17.3,2.3,1.7,3.2,16.8,12.4,0.6,1.8,2.3,0.104,-2.4,1.3,-1.0,0.3,0,0.0,OOR,1988
Larry Krystkowiak,PF,23,50,1050,128,266,0.481,0,3,0.0,128,263,0.487,0.481,103,127,0.811,88,143,231,50,18,8,57,137,359,11.1,0.558,0.011,0.477,9.4,15.4,12.4,6.5,0.8,0.5,15.0,15.2,1.1,1.0,2.1,0.096,-2.0,-0.9,-2.9,-0.2,0,0.0,OOR,1988
Bill Laimbeer,C,30,82,2897,455,923,0.493,13,39,0.333,442,884,0.5,0.5,187,214,0.874,165,667,832,199,66,78,136,284,1110,15.1,0.546,0.042,0.232,6.5,25.1,16.0,9.6,1.1,1.6,11.8,16.5,3.8,5.0,8.8,0.146,0.5,1.7,2.2,3.1,0,0.0,OOR,1988
Jeff Lamp,SF,28,3,7,0,0,0.0,0,0,0.0,0,0,0.0,0.0,2,2,1.0,0,0,0,0,0,0,0,1,2,9.2,1.136,0.0,0.0,0.0,0.0,0.0,0.0,0.0,0.0,0.0,5.2,0.0,0.0,0.0,0.227,-0.2,1.4,1.2,0.0,0,0.0,OOR,1988
Allen Leavell,SG,30,80,2150,291,666,0.437,19,88,0.216,272,578,0.471,0.451,218,251,0.869,22,126,148,405,124,9,130,162,819,14.3,0.527,0.132,0.377,1.1,6.1,3.6,25.3,2.7,0.2,14.3,16.9,2.6,2.5,5.1,0.115,-0.3,1.1,0.8,1.5,0,0.0,OOR,1988
Fat Lever,SG,27,82,3061,643,1360,0.473,12,57,0.211,631,1303,0.484,0.477,248,316,0.785,203,462,665,639,223,21,182,214,1546,20.5,0.516,0.042,0.232,6.7,16.5,11.4,28.1,3.3,0.4,10.8,21.4,5.5,4.9,10.4,0.163,3.0,2.2,5.1,5.5,0,0.033,Candidate,1988
Cliff Levingston,PF,27,82,2135,314,564,0.557,1,2,0.5,313,562,0.557,0.558,190,246,0.772,228,276,504,71,52,84,94,287,819,15.5,0.609,0.004,0.436,11.8,14.5,13.1,4.6,1.2,2.4,12.3,15.1,4.6,2.3,7.0,0.157,0.5,0.3,0.8,1.5,0,0.0,OOR,1988
Ralph Lewis,SG,24,50,310,27,87,0.31,0,1,0.0,27,86,0.314,0.31,29,48,0.604,17,34,51,14,13,4,19,36,83,5.6,0.384,0.011,0.552,6.3,12.0,9.2,5.7,2.0,0.8,14.9,17.0,-0.5,0.4,-0.1,-0.008,-5.4,0.6,-4.8,-0.2,0,0.0,OOR,1988
Reggie Lewis,SG,22,49,405,90,193,0.466,0,4,0.0,90,189,0.476,0.466,40,57,0.702,28,35,63,26,16,15,30,54,220,14.3,0.504,0.021,0.295,8.8,9.6,9.2,9.3,1.9,2.1,12.1,26.3,0.1,0.4,0.4,0.052,-2.2,-1.2,-3.4,-0.1,0,0.0,OOR,1988
Alton Lister,C,29,82,1812,173,343,0.504,1,2,0.5,172,341,0.504,0.506,114,188,0.606,200,427,627,58,27,140,90,319,461,12.0,0.541,0.006,0.548,12.1,27.2,19.5,4.0,0.7,4.8,17.5,11.4,1.4,2.8,4.1,0.11,-2.5,1.0,-1.5,0.2,0,0.0,OOR,1988
Brad Lohaus,PF,23,70,718,122,246,0.496,3,13,0.231,119,233,0.511,0.502,50,62,0.806,46,92,138,49,20,41,59,123,297,12.2,0.543,0.053,0.252,8.1,14.2,11.4,9.2,1.4,3.3,17.8,19.9,0.2,0.8,0.9,0.063,-3.0,0.4,-2.7,-0.1,0,0.0,OOR,1988
John Long,SG,31,81,2022,417,879,0.474,34,77,0.442,383,802,0.478,0.494,166,183,0.907,72,157,229,173,84,11,127,164,1034,15.2,0.539,0.088,0.208,3.9,8.5,6.2,12.9,2.0,0.3,11.7,22.7,2.0,1.9,3.9,0.093,0.2,0.0,0.3,1.2,0,0.0,OOR,1988
John Lucas,PG,34,81,1766,281,631,0.445,51,151,0.338,230,480,0.479,0.486,130,162,0.802,29,130,159,392,88,3,125,102,743,16.1,0.529,0.239,0.257,1.8,8.3,5.1,32.1,2.5,0.1,15.1,19.7,2.2,1.7,3.9,0.106,1.8,0.3,2.0,1.8,0,0.0,OOR,1988
Maurice Lucas,PF,35,73,1191,168,373,0.45,0,3,0.0,168,370,0.454,0.45,109,148,0.736,101,214,315,94,33,10,73,188,445,11.5,0.508,0.008,0.397,9.2,19.5,14.3,10.0,1.3,0.5,14.3,16.9,0.9,1.4,2.3,0.091,-2.2,-0.1,-2.2,-0.1,0,0.0,OOR,1988
Rick Mahorn,PF,29,67,1963,276,481,0.574,1,2,0.5,275,479,0.574,0.575,164,217,0.756,159,406,565,60,43,42,119,262,717,13.7,0.622,0.004,0.451,9.3,22.6,16.1,4.2,1.1,1.3,17.1,14.7,2.8,3.2,5.9,0.145,-0.8,0.9,0.2,1.1,0,0.0,OOR,1988
Jeff Malone,SG,26,80,2655,648,1360,0.476,10,24,0.417,638,1336,0.478,0.48,335,380,0.882,44,162,206,237,51,13,172,198,1641,16.1,0.537,0.018,0.279,1.8,6.9,4.3,14.9,0.9,0.3,10.1,26.4,4.0,1.5,5.6,0.101,1.0,-1.4,-0.3,1.1,0,0.0,OOR,1988
Karl Malone,PF,24,82,3198,858,1650,0.52,0,5,0.0,858,1645,0.522,0.52,552,789,0.7,277,709,986,199,117,50,325,296,2268,20.7,0.568,0.003,0.478,9.7,22.8,16.6,10.1,1.7,0.9,14.0,29.7,4.0,6.1,10.1,0.152,1.7,-0.2,1.5,2.9,0,0.045,Candidate,1988
Moses Malone,C,32,79,2692,531,1090,0.487,2,7,0.286,529,1083,0.488,0.488,543,689,0.788,372,512,884,112,59,72,249,160,1607,21.1,0.577,0.006,0.632,15.3,21.5,18.3,6.4,1.1,1.6,15.2,25.2,5.7,3.4,9.2,0.163,3.0,-1.4,1.6,2.5,0,0.0,OOR,1988
Pace Mannion,SF,27,35,477,48,118,0.407,2,12,0.167,46,106,0.434,0.415,25,37,0.676,17,34,51,55,13,7,24,53,123,8.0,0.458,0.102,0.314,4.0,8.0,6.0,15.4,1.3,0.9,15.2,14.0,0.0,0.4,0.3,0.032,-3.1,0.5,-2.6,-0.1,0,0.0,OOR,1988
Bill Martin,SF,25,10,101,16,51,0.314,0,1,0.0,16,50,0.32,0.314,8,13,0.615,9,18,27,6,5,0,9,16,40,5.7,0.353,0.02,0.255,10.0,20.2,15.0,8.0,2.3,0.0,13.7,26.5,-0.3,0.1,-0.2,-0.117,-6.9,-2.0,-8.9,-0.2,0,0.0,OOR,1988
Maurice Martin,SF,23,26,136,23,61,0.377,1,4,0.25,22,57,0.386,0.385,10,21,0.476,13,11,24,14,6,3,10,21,57,9.2,0.406,0.066,0.344,9.7,8.8,9.3,13.1,2.0,1.3,12.5,23.0,-0.2,0.2,0.0,-0.014,-4.4,-1.4,-5.9,-0.1,0,0.0,OOR,1988
Wes Matthews,PG,28,51,706,114,248,0.46,7,30,0.233,107,218,0.491,0.474,54,65,0.831,16,50,66,138,25,3,69,65,289,12.4,0.522,0.121,0.262,2.7,7.7,5.3,26.4,1.7,0.2,20.0,20.4,0.2,0.6,0.8,0.054,-1.5,-1.0,-2.5,-0.1,0,0.0,OOR,1988
Cedric Maxwell,SF,32,71,848,80,171,0.468,0,2,0.0,80,169,0.473,0.468,110,143,0.769,74,105,179,60,22,12,54,75,270,12.2,0.577,0.012,0.836,9.2,12.9,11.0,9.0,1.2,0.8,18.8,13.6,1.0,1.0,2.0,0.112,-0.5,0.2,-0.3,0.4,0,0.0,OOR,1988
Tim McCormick,C,25,70,2114,348,648,0.537,0,2,0.0,348,646,0.539,0.537,145,215,0.674,146,321,467,118,32,23,111,234,841,13.4,0.566,0.003,0.332,7.8,18.1,12.8,8.7,0.7,0.7,13.0,17.0,2.5,1.4,3.9,0.089,-0.6,-0.9,-1.5,0.3,0,0.0,OOR,1988
Rodney McCray,SF,26,81,2689,359,746,0.481,0,4,0.0,359,742,0.484,0.481,288,367,0.785,232,399,631,264,57,51,144,166,1006,15.1,0.554,0.005,0.492,9.1,15.4,12.3,13.1,1.0,1.1,13.7,15.7,4.4,3.2,7.6,0.135,1.2,0.4,1.6,2.5,0,0.0,OOR,1988
Xavier McDaniel,SF,24,78,2703,687,1407,0.488,14,50,0.28,673,1357,0.496,0.493,281,393,0.715,206,312,518,263,96,52,223,230,1669,18.2,0.528,0.036,0.279,8.4,13.3,10.8,15.2,1.7,1.2,12.4,26.8,3.6,2.6,6.2,0.11,2.2,-0.8,1.4,2.3,0,0.0,OOR,1988
Ben McDonald,PF,25,81,2039,258,552,0.467,9,35,0.257,249,517,0.482,0.476,87,111,0.784,133,202,335,138,39,8,93,246,612,9.0,0.509,0.063,0.201,7.1,11.3,9.1,9.0,0.9,0.2,13.4,13.8,1.0,0.3,1.3,0.031,-2.4,-1.8,-4.2,-1.1,0,0.0,OOR,1988
Mike McGee,SF-SG,28,48,1003,223,530,0.421,53,160,0.331,170,370,0.459,0.471,76,102,0.745,55,73,128,71,52,6,65,81,575,14.9,0.5,0.302,0.192,5.9,8.0,7.0,10.8,2.5,0.3,10.2,25.8,0.5,0.6,1.1,0.052,0.3,-1.0,-0.7,0.3,0,0.0,OOR,1988
Kevin McHale,PF,30,64,2390,550,911,0.604,0,0,0.0,550,911,0.604,0.604,346,434,0.797,159,377,536,171,27,92,141,179,1446,21.9,0.656,0.0,0.476,8.4,17.5,13.3,10.5,0.6,2.2,11.3,22.3,8.2,2.0,10.2,0.205,4.0,-0.5,3.5,3.3,0,0.0,OOR,1988
Kevin McKenna,SG,29,31,393,43,109,0.394,16,50,0.32,27,59,0.458,0.468,24,25,0.96,4,27,31,40,15,2,19,55,126,9.2,0.525,0.459,0.229,1.1,8.2,4.6,14.5,1.9,0.3,13.7,14.9,0.2,0.2,0.5,0.061,-2.8,0.1,-2.8,-0.1,0,0.0,OOR,1988
Derrick McKey,SF,21,82,1706,255,519,0.491,11,30,0.367,244,489,0.499,0.502,173,224,0.772,115,213,328,107,70,63,108,237,694,13.8,0.562,0.058,0.432,7.4,14.4,10.8,8.4,2.0,2.3,14.9,17.1,2.1,2.0,4.1,0.116,-0.7,0.9,0.2,0.9,0,0.0,OOR,1988
Nate McMillan,PG,23,82,2453,235,496,0.474,9,24,0.375,226,472,0.479,0.483,145,205,0.707,117,221,338,702,169,47,189,238,624,15.9,0.532,0.048,0.413,5.2,10.4,7.7,35.9,3.3,1.2,24.4,12.7,3.4,3.1,6.5,0.127,1.4,1.9,3.3,3.3,0,0.0,OOR,1988
Mark McNamara,C,28,42,581,52,133,0.391,0,0,0.0,52,133,0.391,0.391,48,66,0.727,66,91,157,18,4,12,26,67,152,9.4,0.469,0.0,0.496,13.1,18.3,15.7,4.3,0.3,1.2,13.8,13.7,0.3,0.3,0.6,0.052,-2.3,-2.1,-4.4,-0.4,0,0.0,OOR,1988
Chris McNealy,PF,26,19,265,23,74,0.311,0,0,0.0,23,74,0.311,0.311,21,31,0.677,24,40,64,23,16,2,17,50,67,7.7,0.382,0.0,0.419,10.0,17.9,13.8,11.4,2.9,0.5,16.2,16.0,-0.3,0.4,0.2,0.03,-3.6,1.6,-2.0,0.0,0,0.0,OOR,1988
Reggie Miller,SG,22,82,1840,306,627,0.488,61,172,0.355,245,455,0.538,0.537,149,186,0.801,95,95,190,132,53,19,101,157,822,14.0,0.58,0.274,0.297,5.7,5.6,5.7,10.2,1.4,0.6,12.5,18.6,2.9,1.3,4.2,0.11,1.1,-0.4,0.7,1.3,0,0.0,OOR,1988
Dirk Minniefield,PG,27,72,1070,108,221,0.489,4,16,0.25,104,205,0.507,0.498,41,55,0.745,30,66,96,228,59,3,93,133,261,10.4,0.532,0.072,0.249,3.4,6.9,5.2,26.5,2.7,0.2,27.5,13.4,0.3,0.8,1.1,0.05,-2.0,0.4,-1.6,0.1,0,0.0,OOR,1988
Mike Mitchell,SF,32,68,1501,378,784,0.482,3,12,0.25,375,772,0.486,0.484,160,194,0.825,54,144,198,68,31,13,52,101,919,15.7,0.529,0.015,0.247,3.9,10.5,7.1,6.6,0.9,0.5,5.6,24.2,2.2,0.2,2.4,0.076,0.4,-2.8,-2.4,-0.2,0,0.0,OOR,1988
Paul Mokeski,C,31,60,848,100,210,0.476,0,4,0.0,100,206,0.485,0.476,51,72,0.708,70,151,221,22,27,27,49,194,251,8.8,0.519,0.019,0.343,9.3,20.1,14.7,3.5,1.6,1.9,16.9,14.4,0.1,1.2,1.3,0.073,-5.1,0.6,-4.5,-0.5,0,0.0,OOR,1988
Sidney Moncrief,SG,30,56,1428,217,444,0.489,5,31,0.161,212,413,0.513,0.494,164,196,0.837,58,122,180,204,41,14,86,109,603,15.2,0.569,0.07,0.441,4.6,9.6,7.1,20.4,1.4,0.6,14.0,18.2,2.5,1.2,3.7,0.123,1.1,-0.2,0.9,1.1,0,0.0,OOR,1988
Andre Moore,PF-SF,23,10,50,9,27,0.333,0,0,0.0,9,27,0.333,0.333,6,8,0.75,6,8,14,6,2,1,4,6,24,12.1,0.393,0.0,0.296,12.4,17.6,14.9,16.1,1.8,1.1,11.6,27.2,-0.1,0.1,0.0,-0.013,-3.6,-2.4,-6.0,-0.1,0,0.0,OOR,1988
Johnny Moore,PG,29,5,61,4,10,0.4,0,1,0.0,4,9,0.444,0.4,0,0,0.0,2,4,6,12,3,0,7,1,8,5.9,0.4,0.1,0.0,3.6,7.3,5.4,23.1,2.3,0.0,41.2,11.2,-0.1,0.0,-0.1,-0.077,-4.1,-2.0,-6.0,-0.1,0,0.0,OOR,1988
Ron Moore,C,26,14,59,9,29,0.31,0,0,0.0,9,29,0.31,0.31,6,8,0.75,2,6,8,1,5,0,4,21,24,2.0,0.369,0.0,0.276,3.9,11.5,7.6,2.4,4.1,0.0,11.0,25.5,-0.2,0.1,-0.1,-0.074,-11.5,-1.0,-12.5,-0.2,0,0.0,OOR,1988
Chris Mullin,SF,24,60,2033,470,926,0.508,34,97,0.351,436,829,0.526,0.526,239,270,0.885,58,147,205,290,113,32,156,136,1213,19.8,0.58,0.105,0.292,3.1,8.3,5.6,22.1,2.6,0.9,13.0,23.9,4.1,1.0,5.1,0.121,3.3,-0.1,3.2,2.7,0,0.0,OOR,1988
Jay Murphy,PF,25,9,46,8,23,0.348,0,0,0.0,8,23,0.348,0.348,4,5,0.8,4,12,16,1,0,0,5,5,20,6.6,0.397,0.0,0.217,9.6,29.4,19.4,3.2,0.0,0.0,16.6,27.1,-0.1,0.1,-0.1,-0.085,-6.1,-3.9,-9.9,-0.1,0,0.0,OOR,1988
Ronnie Murphy,SF,23,18,89,14,49,0.286,1,4,0.25,13,45,0.289,0.296,7,11,0.636,5,6,11,6,5,1,8,14,36,2.9,0.334,0.082,0.224,6.1,7.3,6.7,8.7,2.6,0.6,12.9,27.4,-0.3,0.1,-0.2,-0.13,-9.1,-2.5,-11.5,-0.2,0,0.0,OOR,1988
Tod Murphy,PF,24,1,19,1,1,1.0,0,0,0.0,1,1,1.0,1.0,3,4,0.75,1,1,2,2,1,0,0,2,5,15.7,0.906,0.0,4.0,5.4,5.8,5.6,14.0,2.5,0.0,0.0,5.9,0.1,0.0,0.1,0.235,0.6,1.1,1.7,0.0,0,0.0,OOR,1988
Pete Myers,SG,24,22,328,43,95,0.453,0,4,0.0,43,91,0.473,0.453,26,39,0.667,11,26,37,48,17,6,33,30,112,10.1,0.499,0.042,0.411,3.6,8.7,6.1,18.2,2.4,1.0,22.7,17.5,-0.2,0.1,-0.1,-0.009,-2.8,-0.5,-3.2,-0.1,0,0.0,OOR,1988
Larry Nance,PF,28,67,2383,487,920,0.529,2,6,0.333,485,914,0.531,0.53,304,390,0.779,193,414,607,207,63,159,155,242,1280,20.3,0.586,0.007,0.424,9.3,19.8,14.6,12.9,1.3,3.9,12.4,21.7,5.1,2.9,8.0,0.161,2.4,1.1,3.5,3.3,0,0.0,OOR,1988
Calvin Natt,PF,31,27,533,102,208,0.49,0,1,0.0,102,207,0.493,0.49,54,73,0.74,35,61,96,47,13,3,30,43,258,14.4,0.537,0.005,0.351,6.6,12.5,9.5,11.6,1.1,0.3,11.1,19.7,0.6,0.5,1.1,0.102,0.2,-1.1,-0.9,0.2,0,0.0,OOR,1988
Ed Nealy,PF,27,68,837,50,109,0.459,1,2,0.5,49,107,0.458,0.463,41,63,0.651,82,140,222,49,29,5,27,94,142,9.2,0.519,0.018,0.578,10.5,18.3,14.3,6.7,1.6,0.3,16.5,7.7,0.7,0.5,1.2,0.068,-1.8,-0.6,-2.4,-0.1,0,0.0,OOR,1988
Martin Nessley,C,22,44,336,20,52,0.385,0,0,0.0,20,52,0.385,0.385,8,18,0.444,23,59,82,16,8,12,23,89,48,2.8,0.401,0.0,0.346,7.1,19.4,13.0,6.4,1.1,2.0,27.7,10.0,-0.5,0.4,-0.1,-0.014,-9.4,1.2,-8.2,-0.5,0,0.0,OOR,1988
Chuck Nevitt,C,28,17,63,7,21,0.333,0,0,0.0,7,21,0.333,0.333,3,6,0.5,4,14,18,0,1,5,2,12,17,6.6,0.36,0.0,0.286,7.3,24.2,16.0,0.0,0.8,4.7,7.8,16.9,-0.1,0.1,0.0,0.018,-7.0,-0.4,-7.4,-0.1,0,0.0,OOR,1988
Johnny Newman,SF,24,77,1589,270,620,0.435,26,93,0.28,244,527,0.463,0.456,207,246,0.841,87,72,159,62,72,11,103,204,773,12.1,0.531,0.15,0.397,6.1,5.4,5.7,5.7,2.2,0.4,12.4,21.2,1.6,1.5,3.1,0.093,-1.5,-0.4,-1.9,0.1,0,0.0,OOR,1988
Kurt Nimphius,C,29,72,919,128,257,0.498,0,1,0.0,128,256,0.5,0.498,60,83,0.723,62,91,153,53,22,56,49,141,316,10.9,0.538,0.004,0.323,7.2,10.8,9.0,7.2,1.1,3.3,14.3,14.7,0.6,0.4,1.0,0.052,-2.5,-0.4,-2.8,-0.2,0,0.0,OOR,1988
Ken Norman,SF,23,66,1435,241,500,0.482,0,10,0.0,241,490,0.492,0.482,87,170,0.512,100,163,263,78,44,34,103,123,569,11.2,0.495,0.02,0.34,7.2,12.5,9.7,8.5,1.5,1.3,15.2,19.2,-0.8,1.4,0.6,0.021,-2.6,-0.5,-3.1,-0.4,0,0.0,OOR,1988
Mike O'Koren,SF,29,4,52,9,16,0.563,0,1,0.0,9,15,0.6,0.563,0,4,0.0,1,3,4,2,3,2,0,2,18,13.7,0.507,0.063,0.25,2.2,6.9,4.5,6.0,2.8,2.3,0.0,14.4,0.0,0.1,0.1,0.082,0.9,2.2,3.1,0.1,0,0.0,OOR,1988
Charles Oakley,PF,24,82,2816,375,776,0.483,3,12,0.25,372,764,0.487,0.485,261,359,0.727,326,740,1066,248,68,28,241,272,1014,15.4,0.543,0.015,0.463,13.4,30.0,21.7,12.0,1.2,0.6,20.5,17.9,2.0,4.7,6.7,0.114,-0.5,-0.1,-0.6,1.0,0,0.0,OOR,1988
Hakeem Olajuwon,C,25,79,2825,712,1385,0.514,0,4,0.0,712,1381,0.516,0.514,381,548,0.695,302,657,959,163,162,214,243,324,1805,23.4,0.555,0.003,0.396,11.2,24.1,17.7,9.2,2.7,4.2,13.0,26.5,4.4,6.3,10.7,0.182,2.2,2.2,4.4,4.6,0,0.05,Candidate,1988
Jawann Oldham,C,30,54,946,119,250,0.476,0,0,0.0,119,250,0.476,0.476,59,87,0.678,82,222,304,33,12,110,62,143,297,12.9,0.515,0.0,0.348,9.4,25.7,17.5,4.7,0.6,6.5,17.7,14.9,0.0,1.2,1.2,0.062,-3.3,1.4,-1.9,0.0,0,0.0,OOR,1988
Louis Orr,SF,29,29,180,16,50,0.32,0,1,0.0,16,49,0.327,0.32,8,16,0.5,13,21,34,9,6,0,14,27,40,2.7,0.351,0.02,0.32,8.0,13.8,10.8,6.6,1.6,0.0,19.7,16.0,-0.4,0.2,-0.2,-0.059,-6.9,-0.6,-7.5,-0.3,0,0.0,OOR,1988
Robert Parish,C,34,74,2312,442,750,0.589,0,1,0.0,442,749,0.59,0.589,177,241,0.734,173,455,628,115,55,84,154,198,1061,17.2,0.62,0.001,0.321,9.5,21.9,16.1,6.9,1.2,2.1,15.2,18.7,3.8,2.6,6.4,0.134,1.1,-0.3,0.8,1.6,0,0.0,OOR,1988
Jim Paxson,SG,30,45,801,137,298,0.46,5,21,0.238,132,277,0.477,0.468,68,79,0.861,15,30,45,76,30,5,39,73,347,11.7,0.521,0.07,0.265,2.2,4.1,3.2,12.7,1.8,0.4,10.5,19.4,0.7,0.5,1.2,0.071,-1.9,-1.0,-2.9,-0.2,0,0.0,OOR,1988
John Paxson,PG,27,81,1888,287,582,0.493,33,95,0.347,254,487,0.522,0.521,33,45,0.733,16,88,104,303,49,1,64,154,640,12.3,0.532,0.163,0.077,1.0,5.3,3.2,22.5,1.3,0.0,9.6,15.1,2.7,1.5,4.2,0.106,-0.9,-0.5,-1.4,0.3,0,0.0,OOR,1988
Sam Perkins,PF,26,75,2499,394,876,0.45,5,30,0.167,389,846,0.46,0.453,273,332,0.822,201,400,601,118,74,54,119,227,1066,15.0,0.521,0.034,0.379,8.9,17.1,13.1,6.7,1.5,1.2,10.4,18.9,3.7,3.0,6.7,0.128,-0.3,0.0,-0.3,1.1,0,0.0,OOR,1988
Chuck Person,SF,23,79,2807,575,1252,0.459,59,177,0.333,516,1075,0.48,0.483,132,197,0.67,171,365,536,309,73,8,210,266,1341,13.9,0.501,0.141,0.157,6.7,14.2,10.5,16.5,1.3,0.2,13.6,23.3,0.6,2.8,3.3,0.057,0.3,-0.7,-0.4,1.1,0,0.0,OOR,1988
Jim Petersen,PF,25,69,1793,249,488,0.51,1,6,0.167,248,482,0.515,0.511,114,153,0.745,145,291,436,106,36,40,119,203,613,11.8,0.552,0.012,0.314,8.5,16.9,12.7,8.0,0.9,1.2,17.6,15.1,1.1,2.3,3.4,0.091,-1.9,0.3,-1.6,0.2,0,0.0,OOR,1988
Michael Phelps,SG,26,2,23,3,7,0.429,0,0,0.0,3,7,0.429,0.429,3,4,0.75,0,2,2,3,5,0,2,1,9,19.3,0.514,0.0,0.571,0.0,9.6,4.6,19.3,10.3,0.0,18.6,19.0,0.0,0.1,0.1,0.126,-1.6,7.7,6.1,0.0,0,0.0,OOR,1988
Ricky Pierce,SG,28,37,965,248,486,0.51,3,14,0.214,245,472,0.519,0.513,107,122,0.877,30,53,83,73,21,7,57,94,606,16.6,0.561,0.029,0.251,3.5,6.2,4.8,12.7,1.1,0.4,9.6,26.0,1.6,0.6,2.2,0.107,1.0,-1.4,-0.4,0.4,0,0.0,OOR,1988
Ed Pinckney,PF,24,79,1177,179,343,0.522,0,2,0.0,179,341,0.525,0.522,133,178,0.747,94,136,230,66,39,32,77,118,491,14.3,0.583,0.006,0.519,8.6,12.6,10.6,7.8,1.6,1.5,15.5,17.1,1.6,0.7,2.3,0.092,-0.4,-0.4,-0.8,0.4,0,0.0,OOR,1988
Scottie Pippen,SF,22,79,1650,261,564,0.463,4,23,0.174,257,541,0.475,0.466,99,172,0.576,115,183,298,169,91,52,131,214,625,12.9,0.489,0.041,0.305,8.1,12.6,10.4,14.5,2.8,1.9,17.0,20.0,-0.4,2.6,2.3,0.066,-1.9,1.3,-0.6,0.6,0,0.0,OOR,1988
Olden Polynice,C,23,82,1080,118,254,0.465,0,2,0.0,118,252,0.468,0.465,101,158,0.639,122,208,330,33,32,26,81,215,337,9.8,0.521,0.008,0.622,12.4,22.2,17.2,3.9,1.4,1.5,20.0,15.0,0.2,1.4,1.6,0.069,-4.0,-0.7,-4.7,-0.7,0,0.0,OOR,1988
Terry Porter,PG,24,82,2991,462,890,0.519,24,69,0.348,438,821,0.533,0.533,274,324,0.846,65,313,378,831,150,16,244,204,1222,18.1,0.592,0.078,0.364,2.3,11.3,6.8,35.9,2.3,0.3,19.1,16.8,6.5,3.3,9.8,0.157,2.6,0.6,3.2,4.0,0,0.0,OOR,1988
Paul Pressey,SG,29,75,2484,345,702,0.491,8,39,0.205,337,663,0.508,0.497,285,357,0.798,130,245,375,523,112,34,198,233,983,17.0,0.572,0.056,0.509,5.9,11.1,8.5,29.6,2.2,0.8,18.7,17.9,4.3,2.7,7.1,0.136,1.8,1.3,3.0,3.2,0,0.0,OOR,1988
Harold Pressley,SF,24,80,2029,318,702,0.453,36,110,0.327,282,592,0.476,0.479,103,130,0.792,139,230,369,185,84,55,135,211,775,12.7,0.51,0.157,0.185,7.4,12.4,9.9,12.7,2.0,1.5,15.1,17.8,0.9,1.3,2.2,0.052,-0.8,-0.1,-0.8,0.6,0,0.0,OOR,1988
Mark Price,PG,23,80,2626,493,974,0.506,72,148,0.486,421,826,0.51,0.543,221,252,0.877,54,126,180,480,99,12,184,119,1279,17.6,0.589,0.152,0.259,2.5,5.5,4.0,28.1,1.9,0.3,14.5,20.6,5.6,2.2,7.8,0.143,2.9,-0.7,2.2,2.8,0,0.0,OOR,1988
Kurt Rambis,PF,29,70,845,102,186,0.548,0,0,0.0,102,186,0.548,0.548,73,93,0.785,103,165,268,54,39,13,59,103,277,15.0,0.61,0.0,0.5,14.5,21.1,18.0,8.2,2.2,0.9,20.6,14.1,1.3,1.3,2.6,0.147,-0.3,0.5,0.2,0.5,0,0.0,OOR,1988
Blair Rasmussen,C,25,79,1779,435,884,0.492,0,0,0.0,435,884,0.492,0.492,132,170,0.776,130,307,437,78,22,81,73,241,1002,16.0,0.523,0.0,0.192,7.4,18.9,12.9,6.2,0.6,2.6,7.1,22.6,2.1,2.2,4.2,0.114,-0.9,-1.0,-1.8,0.1,0,0.0,OOR,1988
Robert Reid,SG,32,62,980,165,356,0.463,13,34,0.382,152,322,0.472,0.482,50,63,0.794,38,87,125,67,27,5,41,118,393,10.9,0.512,0.096,0.177,4.1,9.2,6.7,9.6,1.3,0.3,9.7,17.4,0.7,0.9,1.7,0.083,-2.3,-0.2,-2.5,-0.1,0,0.0,OOR,1988
Richard Rellford,SF,23,4,42,5,8,0.625,0,0,0.0,5,8,0.625,0.625,6,8,0.75,2,5,7,1,0,3,4,3,16,11.6,0.694,0.0,1.0,5.1,13.0,9.0,2.9,0.0,3.9,25.8,14.6,0.0,0.0,0.0,0.048,-1.6,-0.2,-1.8,0.0,0,0.0,OOR,1988
Jerry Reynolds,SF,25,62,1161,188,419,0.449,3,7,0.429,185,412,0.449,0.452,119,154,0.773,70,90,160,104,74,32,104,97,498,13.6,0.512,0.017,0.368,6.8,8.7,7.8,13.0,3.1,1.6,17.6,21.4,-0.2,1.5,1.3,0.055,-1.0,1.3,0.3,0.7,0,0.0,OOR,1988
Doc Rivers,PG,26,80,2502,403,890,0.453,9,33,0.273,394,857,0.46,0.458,319,421,0.758,83,283,366,747,140,41,210,272,1134,20.4,0.527,0.037,0.473,3.7,12.7,8.1,42.1,2.8,1.0,16.3,21.6,5.1,3.2,8.3,0.159,3.4,1.6,4.9,4.4,0,0.0,OOR,1988
Fred Roberts,PF,27,74,1032,161,330,0.488,0,6,0.0,161,324,0.497,0.488,128,165,0.776,60,102,162,81,16,15,68,118,450,12.6,0.559,0.018,0.5,7.4,11.0,9.3,10.4,0.8,0.8,14.4,19.6,1.3,0.6,1.9,0.087,-0.9,-1.5,-2.3,-0.1,0,0.0,OOR,1988
Alvin Robertson,SG,25,82,2978,655,1408,0.465,27,95,0.284,628,1313,0.478,0.475,273,365,0.748,165,333,498,557,243,69,251,300,1610,18.9,0.513,0.067,0.259,5.9,12.2,9.0,26.1,3.8,1.3,13.8,24.1,3.1,2.8,5.8,0.094,1.7,1.2,2.9,3.7,0,0.0,OOR,1988
Cliff Robinson,SF,27,62,2110,483,1041,0.464,2,9,0.222,481,1032,0.466,0.465,210,293,0.717,116,289,405,131,79,39,161,192,1178,15.7,0.503,0.009,0.281,6.4,16.0,11.1,10.7,1.9,1.1,12.1,26.7,0.7,1.8,2.6,0.059,-0.6,-1.0,-1.7,0.2,0,0.0,OOR,1988
Dennis Rodman,SF,26,82,2147,398,709,0.561,5,17,0.294,393,692,0.568,0.565,152,284,0.535,318,397,715,110,75,45,156,273,953,17.4,0.571,0.024,0.401,16.9,20.2,18.6,7.4,1.7,1.2,15.8,19.2,3.2,3.6,6.8,0.153,1.2,0.4,1.6,2.0,0,0.0,OOR,1988
Johnny Rogers,PF,24,24,168,26,61,0.426,0,2,0.0,26,59,0.441,0.426,10,13,0.769,8,19,27,3,4,3,10,23,62,7.5,0.465,0.033,0.213,5.8,13.0,9.5,2.6,1.2,1.1,13.0,19.5,-0.1,0.2,0.0,0.008,-4.9,-1.5,-6.4,-0.2,0,0.0,OOR,1988
Tree Rollins,C,32,76,1765,133,260,0.512,0,0,0.0,133,260,0.512,0.512,70,80,0.875,142,317,459,20,31,132,51,229,336,10.6,0.569,0.0,0.308,8.9,20.1,14.5,1.4,0.9,4.6,14.7,8.3,1.6,2.5,4.1,0.112,-2.0,1.5,-0.5,0.7,0,0.0,OOR,1988
Scott Roth,SF,24,26,201,30,74,0.405,2,11,0.182,28,63,0.444,0.419,22,30,0.733,7,21,28,16,12,0,11,37,84,10.1,0.482,0.149,0.405,3.9,10.8,7.5,10.8,2.8,0.0,11.2,20.0,0.0,0.3,0.3,0.078,-4.8,1.0,-3.8,-0.1,0,0.0,OOR,1988
Brian Rowsom,PF,22,4,16,0,6,0.0,0,0,0.0,0,6,0.0,0.0,6,6,1.0,1,4,5,1,1,0,1,3,6,8.2,0.347,0.0,1.0,6.9,27.2,17.1,7.2,3.1,0.0,10.4,25.4,0.0,0.0,0.0,-0.008,-7.8,-0.6,-8.4,0.0,0,0.0,OOR,1988
Walker Russell,PG,27,1,1,0,1,0.0,0,1,0.0,0,0,0.0,0.0,0,0,0.0,0,0,0,1,0,0,0,0,0,-1.8,0.0,1.0,0.0,0.0,0.0,0.0,100.0,0.0,0.0,0.0,41.6,0.0,0.0,0.0,-0.54,-10.4,-15.4,-25.8,0.0,0,0.0,OOR,1988
John Salley,C,23,82,2003,258,456,0.566,0,0,0.0,258,456,0.566,0.566,185,261,0.709,166,236,402,113,53,137,120,294,701,14.2,0.614,0.0,0.572,9.5,12.9,11.2,7.6,1.3,4.0,17.4,14.3,3.0,3.1,6.2,0.148,-0.3,2.5,2.2,2.1,0,0.0,OOR,1988
Ralph Sampson,C-PF,27,48,1663,299,682,0.438,2,11,0.182,297,671,0.443,0.44,149,196,0.76,140,322,462,122,41,88,171,164,749,13.4,0.487,0.016,0.287,9.0,21.4,15.1,10.6,1.2,3.0,18.2,22.8,-1.3,1.9,0.6,0.018,-2.2,0.1,-2.2,-0.1,0,0.0,OOR,1988
Mike Sanders,SF,27,59,883,153,303,0.505,0,1,0.0,153,302,0.507,0.505,59,76,0.776,38,71,109,56,31,9,50,131,365,11.1,0.542,0.003,0.251,4.9,9.2,7.1,9.1,1.7,0.6,12.9,18.2,0.6,0.6,1.2,0.066,-2.5,-0.2,-2.7,-0.1,0,0.0,OOR,1988
Danny Schayes,PF,28,81,2166,361,668,0.54,0,2,0.0,361,666,0.542,0.54,407,487,0.836,200,462,662,106,62,92,155,323,1129,18.4,0.64,0.003,0.729,9.3,23.3,16.1,6.2,1.3,2.4,14.9,18.7,5.4,3.3,8.8,0.195,0.4,0.5,0.9,1.6,0,0.0,OOR,1988
Russ Schoene,PF,27,81,973,208,454,0.458,17,58,0.293,191,396,0.482,0.477,51,63,0.81,78,120,198,53,39,13,57,151,484,13.5,0.502,0.128,0.139,8.8,14.2,11.4,8.0,1.9,0.8,10.6,22.2,0.7,1.0,1.8,0.087,-1.3,-1.0,-2.3,-0.1,0,0.0,OOR,1988
Detlef Schrempf,SF,25,82,1587,246,539,0.456,5,32,0.156,241,507,0.475,0.461,201,266,0.756,102,177,279,159,42,32,108,189,698,14.2,0.532,0.059,0.494,7.1,11.9,9.6,14.1,1.3,1.2,14.1,19.9,2.1,1.5,3.6,0.11,-0.3,0.0,-0.3,0.7,0,0.0,OOR,1988
Byron Scott,SG,26,81,3048,710,1348,0.527,62,179,0.346,648,1169,0.554,0.55,272,317,0.858,76,257,333,335,155,27,161,204,1754,19.2,0.59,0.133,0.235,3.0,9.1,6.2,16.4,2.5,0.5,9.8,22.6,7.4,3.3,10.7,0.168,2.5,0.9,3.4,4.2,0,0.0,OOR,1988
Carey Scurry,SF,25,33,455,55,118,0.466,3,8,0.375,52,110,0.473,0.479,27,39,0.692,30,54,84,50,49,23,43,81,140,12.9,0.518,0.068,0.331,7.4,12.3,9.9,14.4,5.1,2.9,24.1,16.0,-0.2,1.1,0.9,0.095,-2.7,5.5,2.8,0.6,0,0.0,OOR,1988
Brad Sellers,SF,25,82,2212,326,714,0.457,1,7,0.143,325,707,0.46,0.457,124,157,0.79,107,143,250,141,34,66,91,174,777,10.7,0.496,0.01,0.22,5.6,7.4,6.5,8.9,0.8,1.8,10.4,17.0,1.3,2.0,3.3,0.071,-1.4,-0.6,-2.0,0.0,0,0.0,OOR,1988
Purvis Short,SG,30,81,1949,474,986,0.481,5,21,0.238,469,965,0.486,0.483,206,240,0.858,71,151,222,162,58,14,118,197,1159,15.8,0.531,0.021,0.243,3.8,8.0,5.9,13.0,1.4,0.4,9.8,24.9,2.6,1.8,4.4,0.108,-0.2,-0.5,-0.6,0.7,0,0.0,OOR,1988
Jerry Sichting,PG,31,52,694,93,172,0.541,10,22,0.455,83,150,0.553,0.57,17,23,0.739,9,27,36,93,21,0,22,60,213,11.1,0.585,0.128,0.134,1.5,4.3,3.0,17.1,1.5,0.0,10.8,12.1,1.1,0.3,1.5,0.103,-0.6,-0.4,-1.1,0.2,0,0.0,OOR,1988
Jack Sikma,C,32,82,2923,514,1058,0.486,3,14,0.214,511,1044,0.489,0.487,321,348,0.922,195,514,709,279,93,80,157,316,1352,17.4,0.558,0.013,0.329,7.5,19.8,13.7,14.1,1.6,1.6,11.5,19.7,5.4,3.9,9.4,0.154,1.3,1.1,2.3,3.2,0,0.0,OOR,1988
Scott Skiles,PG,23,51,760,86,209,0.411,6,20,0.3,80,189,0.423,0.426,45,54,0.833,11,55,66,180,22,3,76,97,223,9.5,0.479,0.096,0.258,1.6,7.9,4.8,31.2,1.4,0.2,24.6,17.1,-0.3,0.6,0.3,0.016,-2.9,-1.3,-4.2,-0.4,0,0.0,OOR,1988
Derek Smith,SG,26,35,899,174,364,0.478,8,23,0.348,166,341,0.487,0.489,87,113,0.77,35,68,103,89,21,17,48,108,443,13.9,0.535,0.063,0.31,4.2,8.3,6.2,14.5,1.1,1.1,10.4,20.7,1.2,0.2,1.5,0.078,-0.4,-1.2,-1.6,0.1,0,0.0,OOR,1988
Kenny Smith,PG,22,61,2170,331,694,0.477,12,39,0.308,319,655,0.487,0.486,167,204,0.819,40,98,138,434,92,8,184,140,841,13.3,0.537,0.056,0.294,2.0,4.9,3.5,27.7,2.0,0.2,19.0,18.0,1.6,0.6,2.2,0.049,-0.5,-1.3,-1.8,0.1,0,0.0,OOR,1988
Larry Smith,PF,30,20,499,58,123,0.472,0,1,0.0,58,122,0.475,0.472,11,27,0.407,79,103,182,25,12,11,36,63,127,10.8,0.471,0.008,0.22,17.2,23.6,20.3,6.6,1.1,1.3,21.1,13.9,-0.1,0.4,0.3,0.025,-2.3,-1.8,-4.1,-0.3,0,0.0,OOR,1988
Otis Smith,SG,24,72,1549,325,662,0.491,13,41,0.317,312,621,0.502,0.501,178,229,0.777,126,121,247,155,91,42,107,160,841,18.4,0.551,0.062,0.346,8.7,8.9,8.8,15.0,2.8,1.6,12.3,22.6,2.5,1.1,3.6,0.111,2.1,-0.2,1.9,1.5,0,0.0,OOR,1988
Mike Smrek,C,25,48,421,44,103,0.427,0,0,0.0,44,103,0.427,0.427,44,66,0.667,27,58,85,8,7,42,30,105,132,7.7,0.5,0.0,0.641,7.6,14.9,11.4,2.4,0.8,5.6,18.5,16.1,-0.2,0.6,0.4,0.047,-7.3,1.3,-6.0,-0.4,0,0.0,OOR,1988
Rory Sparrow,PG,29,58,1044,117,293,0.399,2,13,0.154,115,280,0.411,0.403,24,33,0.727,15,57,72,167,41,3,58,79,260,8.3,0.423,0.044,0.113,1.7,6.2,4.0,21.3,2.0,0.2,15.9,15.0,-0.5,1.0,0.5,0.024,-3.8,-0.2,-4.0,-0.5,0,0.0,OOR,1988
Steve Stipanovich,C,27,80,2692,411,828,0.496,3,15,0.2,408,813,0.502,0.498,254,314,0.809,157,505,662,183,90,69,156,302,1079,15.0,0.558,0.018,0.379,6.4,20.4,13.5,9.5,1.6,1.5,13.9,17.6,3.0,3.8,6.9,0.123,-0.3,1.3,1.0,2.1,0,0.0,OOR,1988
John Stockton,PG,25,82,2842,454,791,0.574,24,67,0.358,430,724,0.594,0.589,272,324,0.84,54,183,237,1128,242,16,262,247,1204,23.2,0.645,0.085,0.41,2.1,6.6,4.5,54.8,4.0,0.3,21.9,17.2,9.2,4.9,14.1,0.238,5.2,3.3,8.5,7.6,0,0.019,Candidate,1988
John Stroeder,PF,29,41,271,29,79,0.367,0,2,0.0,29,77,0.377,0.367,20,30,0.667,24,47,71,20,3,12,24,48,78,7.0,0.423,0.025,0.38,10.0,19.6,14.8,9.9,0.5,2.6,20.7,18.1,-0.4,0.3,-0.1,-0.013,-6.0,-0.1,-6.1,-0.3,0,0.0,OOR,1988
Jon Sundvold,PG,26,52,1024,176,379,0.464,26,64,0.406,150,315,0.476,0.499,43,48,0.896,14,34,48,183,27,2,57,54,421,12.6,0.526,0.169,0.127,1.5,3.6,2.5,23.4,1.2,0.1,12.5,17.6,1.1,-0.1,1.0,0.048,0.1,-2.5,-2.3,-0.1,0,0.0,OOR,1988
Roy Tarpley,PF,23,81,2307,444,888,0.5,0,5,0.0,444,883,0.503,0.5,205,277,0.74,360,599,959,86,103,86,172,313,1093,19.5,0.541,0.006,0.312,17.3,27.8,22.6,5.6,2.2,2.1,14.6,21.2,3.5,4.4,7.8,0.163,0.3,-0.1,0.2,1.3,0,0.0,OOR,1988
Terry Teagle,SG,27,47,958,248,546,0.454,1,9,0.111,247,537,0.46,0.455,97,121,0.802,41,40,81,61,32,4,80,95,594,13.0,0.496,0.016,0.222,4.6,4.8,4.7,10.3,1.6,0.2,11.8,28.7,-0.3,0.1,-0.2,-0.012,-1.5,-2.7,-4.3,-0.6,0,0.0,OOR,1988
Reggie Theus,SG,30,73,2653,619,1318,0.47,16,59,0.271,603,1259,0.479,0.476,320,385,0.831,72,160,232,463,59,16,234,173,1574,16.5,0.529,0.045,0.292,2.9,6.6,4.8,27.2,1.1,0.3,13.6,26.1,3.4,0.3,3.7,0.066,1.5,-2.4,-0.9,0.7,0,0.0,OOR,1988
Isiah Thomas,PG,26,81,2927,621,1341,0.463,30,97,0.309,591,1244,0.475,0.474,305,394,0.774,64,214,278,678,141,17,273,217,1577,18.2,0.521,0.072,0.294,2.5,8.0,5.3,35.0,2.4,0.3,15.3,25.4,3.8,3.7,7.6,0.124,2.6,0.4,3.0,3.7,0,0.004,Candidate,1988
Bernard Thompson,SF,25,37,566,74,159,0.465,0,2,0.0,74,157,0.471,0.465,43,60,0.717,40,36,76,51,21,1,21,75,191,11.0,0.515,0.013,0.377,7.9,7.2,7.6,11.7,1.8,0.1,10.2,14.9,0.7,0.2,0.9,0.074,-1.5,-0.1,-1.6,0.1,0,0.0,OOR,1988
Billy Thompson,SF,24,9,38,3,13,0.231,0,0,0.0,3,13,0.231,0.231,8,10,0.8,2,7,9,1,1,0,6,11,14,-0.8,0.402,0.0,0.769,6.3,19.9,13.4,3.2,1.3,0.0,25.6,25.7,-0.2,0.0,-0.1,-0.135,-13.9,-2.3,-16.2,-0.1,0,0.0,OOR,1988
LaSalle Thompson,C,26,69,1257,215,456,0.471,2,5,0.4,213,451,0.472,0.474,118,164,0.72,138,289,427,68,54,73,109,217,550,15.3,0.521,0.011,0.36,11.9,25.2,18.5,7.7,2.0,3.2,17.1,20.4,0.3,1.6,1.9,0.074,-2.5,0.4,-2.1,0.0,0,0.0,OOR,1988
Mychal Thompson,C,33,80,2007,370,722,0.512,0,3,0.0,370,719,0.515,0.512,185,292,0.634,198,291,489,66,38,79,113,251,925,14.6,0.544,0.004,0.404,11.8,15.7,13.8,4.6,0.9,2.2,11.7,20.0,2.4,2.3,4.6,0.111,-1.3,-1.1,-2.4,-0.2,0,0.0,OOR,1988
Bob Thornton,PF,25,48,593,65,130,0.5,0,2,0.0,65,128,0.508,0.5,34,55,0.618,46,66,112,15,11,3,35,103,164,7.0,0.532,0.015,0.423,8.9,13.0,10.9,3.6,0.9,0.3,18.5,13.4,0.1,0.3,0.4,0.034,-4.4,-1.3,-5.7,-0.6,0,0.0,OOR,1988
Otis Thorpe,PF,25,82,3072,622,1226,0.507,0,6,0.0,622,1220,0.51,0.507,460,609,0.755,279,558,837,266,62,56,228,264,1704,18.7,0.57,0.005,0.497,9.8,19.9,14.8,12.9,1.0,1.0,13.2,22.6,6.2,1.9,8.1,0.126,1.8,-1.0,0.9,2.2,0,0.0,OOR,1988
Sedale Threatt,PG,26,71,1055,216,425,0.508,3,27,0.111,213,398,0.535,0.512,57,71,0.803,23,65,88,160,60,8,63,100,492,16.0,0.539,0.064,0.167,2.5,7.1,4.8,22.7,2.8,0.5,12.1,20.6,1.5,1.2,2.7,0.121,-0.2,0.9,0.7,0.7,0,0.0,OOR,1988
Wayman Tisdale,PF,23,79,2378,511,998,0.512,0,2,0.0,511,996,0.513,0.512,246,314,0.783,168,323,491,103,54,34,145,274,1268,16.1,0.558,0.002,0.315,7.8,14.8,11.3,6.6,1.1,0.8,11.3,22.7,3.3,2.5,5.7,0.116,0.1,-0.7,-0.7,0.8,0,0.0,OOR,1988
Ray Tolbert,PF,29,25,259,35,69,0.507,0,0,0.0,35,69,0.507,0.507,19,30,0.633,23,32,55,10,8,5,21,39,89,9.7,0.541,0.0,0.435,10.1,14.2,12.1,5.3,1.5,1.1,20.3,16.4,0.0,0.3,0.3,0.056,-2.7,0.2,-2.6,0.0,0,0.0,OOR,1988
Andrew Toney,SG,30,29,522,72,171,0.421,9,27,0.333,63,144,0.438,0.447,58,72,0.806,8,39,47,108,11,6,50,35,211,13.2,0.521,0.158,0.421,1.8,8.7,5.2,30.9,1.1,0.7,19.8,20.5,0.3,0.2,0.5,0.05,0.6,-2.3,-1.7,0.1,0,0.0,OOR,1988
Sedric Toney,PG,25,21,139,21,48,0.438,5,14,0.357,16,34,0.471,0.49,10,11,0.909,3,5,8,24,9,1,12,20,57,12.8,0.539,0.292,0.229,2.4,4.3,3.3,24.7,3.1,0.4,18.5,18.9,0.1,0.2,0.3,0.099,-1.3,0.7,-0.6,0.1,0,0.0,OOR,1988
Kelly Tripucka,SF,28,49,976,139,303,0.459,31,74,0.419,108,229,0.472,0.51,59,68,0.868,30,87,117,105,34,4,68,68,368,11.4,0.553,0.244,0.224,3.5,9.2,6.4,14.5,1.6,0.2,17.0,16.8,0.5,1.2,1.7,0.083,-1.1,0.2,-0.9,0.3,0,0.0,OOR,1988
Trent Tucker,SG,28,71,1248,193,455,0.424,69,167,0.413,124,288,0.431,0.5,51,71,0.718,32,87,119,117,53,6,47,158,506,11.8,0.52,0.367,0.156,2.8,8.2,5.5,13.5,2.1,0.3,8.8,17.3,1.6,1.3,2.9,0.11,-0.1,0.8,0.7,0.8,0,0.0,OOR,1988
Andre Turner,PG,23,12,99,12,34,0.353,1,7,0.143,11,27,0.407,0.368,10,14,0.714,4,4,8,23,7,1,12,13,35,10.4,0.436,0.206,0.412,4.2,4.2,4.2,30.6,3.3,0.6,23.0,21.1,-0.1,0.1,0.0,0.001,-2.2,0.4,-1.9,0.0,0,0.0,OOR,1988
Elston Turner,SF,28,17,98,8,30,0.267,0,0,0.0,8,30,0.267,0.267,1,2,0.5,8,2,10,9,8,0,10,5,17,3.1,0.275,0.0,0.067,9.4,2.3,5.9,11.7,4.1,0.0,24.5,17.9,-0.4,0.1,-0.2,-0.117,-6.5,-0.3,-6.8,-0.1,0,0.0,OOR,1988
Melvin Turpin,C,27,79,1011,199,389,0.512,1,3,0.333,198,386,0.513,0.513,71,98,0.724,88,148,236,32,26,68,71,157,470,13.8,0.544,0.008,0.252,9.8,15.1,12.5,4.6,1.2,3.9,14.1,20.4,0.4,1.7,2.1,0.1,-2.2,0.6,-1.6,0.1,0,0.0,OOR,1988
Terry Tyler,SF,31,74,1185,184,407,0.452,1,7,0.143,183,400,0.458,0.453,41,64,0.641,87,155,242,56,43,47,43,85,410,12.4,0.471,0.017,0.157,7.9,14.3,11.1,6.6,1.7,2.2,9.0,16.3,0.4,0.8,1.2,0.049,-1.2,0.0,-1.3,0.2,0,0.0,OOR,1988
Darnell Valentine,PG,28,79,1636,223,533,0.418,15,33,0.455,208,500,0.416,0.432,101,136,0.743,37,119,156,382,122,8,148,135,562,13.5,0.474,0.062,0.255,2.3,8.0,5.1,34.9,3.6,0.3,20.0,18.4,-0.5,2.0,1.5,0.043,-1.8,1.0,-0.8,0.5,0,0.0,OOR,1988
Kiki Vandeweghe,SF,29,37,1038,283,557,0.508,22,58,0.379,261,499,0.523,0.528,159,181,0.878,36,73,109,71,21,7,48,68,747,19.8,0.587,0.104,0.325,3.7,7.6,5.7,10.4,0.9,0.4,7.0,26.0,3.1,0.7,3.8,0.176,3.4,-1.7,1.7,1.0,0,0.0,OOR,1988
Jay Vincent,SF,28,73,1755,446,958,0.466,1,4,0.25,445,954,0.466,0.466,231,287,0.805,80,229,309,143,46,26,137,198,1124,15.6,0.518,0.004,0.3,4.6,14.3,9.2,11.7,1.2,0.8,11.2,27.1,0.9,1.9,2.8,0.076,-0.8,-1.2,-2.0,0.0,0,0.0,OOR,1988
Sam Vincent,PG,24,72,1501,210,461,0.456,8,21,0.381,202,440,0.459,0.464,145,167,0.868,35,117,152,381,55,16,136,145,573,15.1,0.536,0.046,0.362,2.6,8.9,5.8,34.6,1.8,0.6,20.3,18.7,1.8,1.5,3.3,0.106,0.5,-0.3,0.2,0.8,0,0.0,OOR,1988
Danny Vranes,SF,29,57,772,53,121,0.438,0,3,0.0,53,118,0.449,0.438,15,35,0.429,45,72,117,36,27,33,25,100,121,7.0,0.444,0.025,0.289,6.7,10.9,8.8,6.3,1.7,2.6,15.5,8.8,-0.1,0.6,0.6,0.035,-3.0,1.3,-1.7,0.1,0,0.0,OOR,1988
Mark Wade,PG,22,11,123,3,20,0.15,0,2,0.0,3,18,0.167,0.15,2,4,0.5,3,12,15,34,7,1,13,13,8,4.5,0.184,0.1,0.2,2.6,11.2,6.8,32.5,2.7,0.5,37.4,11.4,-0.4,0.1,-0.3,-0.11,-5.8,-1.2,-7.1,-0.2,0,0.0,OOR,1988
Milt Wagner,SG,24,40,380,62,147,0.422,2,10,0.2,60,137,0.438,0.429,26,29,0.897,4,24,28,61,6,4,22,42,152,10.4,0.476,0.068,0.197,1.3,6.8,4.2,21.7,0.8,0.6,12.1,20.0,0.1,0.2,0.4,0.046,-3.0,-1.5,-4.5,-0.2,0,0.0,OOR,1988
Granville Waiters,C,27,22,114,9,29,0.31,0,1,0.0,9,28,0.321,0.31,0,2,0.0,9,19,28,1,2,15,6,26,18,4.2,0.301,0.034,0.069,9.1,19.0,14.1,1.1,0.9,7.9,16.7,13.5,-0.3,0.2,0.0,-0.021,-9.5,1.1,-8.4,-0.2,0,0.0,OOR,1988
Darrell Walker,SG,26,52,940,114,291,0.392,0,6,0.0,114,285,0.4,0.392,82,105,0.781,43,84,127,100,62,10,69,105,310,10.6,0.46,0.021,0.361,5.1,10.1,7.5,14.7,3.2,0.6,17.0,17.8,-0.4,1.2,0.8,0.041,-2.7,2.0,-0.7,0.3,0,0.0,OOR,1988
Kenny Walker,SF,23,82,2139,344,728,0.473,0,1,0.0,344,727,0.473,0.473,138,178,0.775,192,197,389,86,63,59,83,290,826,12.3,0.512,0.001,0.245,10.0,10.9,10.4,5.8,1.4,1.7,9.3,16.9,2.5,2.3,4.7,0.106,-0.8,0.1,-0.7,0.7,0,0.0,OOR,1988
Jamie Waller,SG,23,9,91,16,40,0.4,0,2,0.0,16,38,0.421,0.4,10,18,0.556,9,4,13,3,4,1,11,13,42,7.1,0.438,0.05,0.45,11.1,5.3,8.3,5.2,2.1,0.7,18.7,27.3,-0.2,0.1,-0.2,-0.097,-5.4,-1.8,-7.1,-0.1,0,0.0,OOR,1988
Chris Washburn,C,22,37,260,36,81,0.444,0,0,0.0,36,81,0.444,0.444,18,31,0.581,28,47,75,6,5,8,17,29,90,10.9,0.475,0.0,0.383,11.8,20.3,16.0,3.2,0.9,1.9,15.2,17.8,-0.1,0.3,0.2,0.035,-2.8,-2.3,-5.0,-0.2,0,0.0,OOR,1988
Duane Washington,SG,23,15,156,18,42,0.429,2,4,0.5,16,38,0.421,0.452,16,20,0.8,5,17,22,34,12,0,9,23,54,16.1,0.531,0.095,0.476,3.6,13.1,8.2,31.3,3.7,0.0,15.1,16.2,0.3,0.2,0.4,0.138,-0.5,2.6,2.0,0.2,0,0.0,OOR,1988
Kermit Washington,PF,36,6,56,7,14,0.5,0,0,0.0,7,14,0.5,0.5,2,2,1.0,9,10,19,0,4,4,4,13,16,12.9,0.538,0.0,0.143,17.4,20.4,18.9,0.0,3.4,4.2,21.2,13.7,0.0,0.1,0.1,0.082,-3.6,0.8,-2.7,0.0,0,0.0,OOR,1988
Pearl Washington,PG,24,68,1379,245,547,0.448,11,49,0.224,234,498,0.47,0.458,132,189,0.698,54,64,118,206,91,4,141,163,633,13.1,0.502,0.09,0.346,4.4,5.6,5.0,23.6,3.2,0.2,18.3,23.6,-0.5,1.2,0.7,0.025,-1.8,-0.1,-1.9,0.0,0,0.0,OOR,1988
Spud Webb,PG,24,82,1347,191,402,0.475,1,19,0.053,190,383,0.496,0.476,107,131,0.817,16,130,146,337,63,12,131,125,490,14.8,0.533,0.047,0.326,1.3,10.8,6.0,34.3,2.3,0.5,22.2,18.5,0.9,1.4,2.3,0.082,-0.1,0.2,0.1,0.7,0,0.0,OOR,1988
Chris Welp,C,24,10,132,18,31,0.581,0,0,0.0,18,31,0.581,0.581,12,18,0.667,11,13,24,5,5,5,9,25,48,12.4,0.617,0.0,0.581,9.6,11.5,10.6,5.6,1.9,2.3,18.8,15.3,0.2,0.1,0.3,0.099,-2.6,0.2,-2.3,0.0,0,0.0,OOR,1988
Bill Wennington,C,24,30,125,25,49,0.51,1,2,0.5,24,47,0.511,0.52,12,19,0.632,14,25,39,4,5,9,9,33,63,16.6,0.549,0.041,0.388,12.4,21.4,17.0,4.8,2.0,4.1,13.6,22.0,0.2,0.2,0.4,0.146,-3.3,1.2,-2.1,0.0,0,0.0,OOR,1988
Mark West,C,27,83,2098,316,573,0.551,0,1,0.0,316,572,0.552,0.551,170,285,0.596,165,358,523,74,47,147,173,265,802,13.1,0.574,0.002,0.497,9.2,19.5,14.4,5.0,1.1,4.1,19.9,17.4,0.4,2.7,3.1,0.071,-2.5,0.6,-2.0,0.0,0,0.0,OOR,1988
Ennis Whatley,PG,25,5,24,4,9,0.444,0,0,0.0,4,9,0.444,0.444,3,4,0.75,0,4,4,2,2,0,4,3,11,9.6,0.511,0.0,0.444,0.0,18.7,9.3,11.8,4.2,0.0,27.1,25.9,-0.1,0.0,0.0,-0.046,-7.2,1.9,-5.3,0.0,0,0.0,OOR,1988
Clinton Wheeler,PG,28,59,513,62,132,0.47,0,0,0.0,62,132,0.47,0.47,25,34,0.735,19,21,40,103,36,2,52,37,149,12.0,0.507,0.0,0.258,4.1,4.5,4.3,26.7,3.4,0.2,26.1,16.4,-0.2,0.6,0.4,0.039,-1.3,0.9,-0.4,0.2,0,0.0,OOR,1988
Eric White,SF,22,17,352,66,124,0.532,1,1,1.0,65,123,0.528,0.536,45,57,0.789,31,31,62,9,7,3,21,32,178,15.2,0.597,0.008,0.46,9.0,9.7,9.4,4.1,0.9,0.5,12.3,19.6,0.6,0.2,0.8,0.115,-0.1,-1.4,-1.5,0.0,0,0.0,OOR,1988
Tony White,PG,22,49,581,111,249,0.446,0,6,0.0,111,243,0.457,0.446,39,54,0.722,12,19,31,59,20,2,47,57,261,9.4,0.478,0.024,0.217,2.2,3.8,3.0,15.0,1.6,0.2,14.7,22.3,-0.4,0.1,-0.3,-0.025,-3.3,-2.2,-5.4,-0.5,0,0.0,OOR,1988
Jerome Whitehead,C,31,72,1221,174,360,0.483,0,0,0.0,174,360,0.483,0.483,59,82,0.72,109,212,321,39,32,21,49,209,407,10.8,0.514,0.0,0.228,9.7,19.8,14.6,4.4,1.2,1.0,11.0,14.8,0.9,0.7,1.6,0.062,-2.8,-1.4,-4.2,-0.7,0,0.0,OOR,1988
Dominique Wilkins,SF,28,78,2948,909,1957,0.464,38,129,0.295,871,1828,0.476,0.474,541,655,0.826,211,291,502,224,103,47,218,162,2397,23.7,0.534,0.066,0.335,7.9,11.0,9.5,13.5,1.7,1.0,8.9,35.2,7.0,2.8,9.8,0.16,5.4,-1.1,4.3,4.7,0,0.069,Candidate,1988
Gerald Wilkins,SG,24,81,2703,591,1324,0.446,39,129,0.302,552,1195,0.462,0.461,191,243,0.786,106,164,270,326,90,22,212,183,1412,13.7,0.493,0.097,0.184,4.4,7.2,5.7,19.1,1.6,0.5,12.9,24.7,1.1,2.3,3.4,0.061,0.4,-0.8,-0.4,1.1,0,0.0,OOR,1988
Buck Williams,PF,27,70,2637,466,832,0.56,1,1,1.0,465,831,0.56,0.561,346,518,0.668,298,536,834,109,68,44,189,266,1279,18.2,0.603,0.001,0.623,12.6,24.4,18.3,6.5,1.3,1.0,15.1,20.0,4.8,2.8,7.6,0.138,1.3,-1.1,0.2,1.5,0,0.001,Candidate,1988
Herb Williams,C,29,75,1966,311,732,0.425,0,6,0.0,311,726,0.428,0.425,126,171,0.737,116,353,469,98,37,146,119,244,748,12.0,0.463,0.008,0.234,6.5,19.6,13.1,7.0,0.9,4.4,12.8,19.9,-1.1,2.9,1.8,0.044,-3.2,1.1,-2.1,0.0,0,0.0,OOR,1988
Hot Rod Williams,PF,25,77,2106,316,663,0.477,0,1,0.0,316,662,0.477,0.477,211,279,0.756,159,347,506,103,61,145,104,203,843,15.8,0.536,0.002,0.421,9.1,18.9,14.1,7.1,1.4,4.1,11.7,18.0,2.4,3.3,5.7,0.13,-0.4,1.1,0.8,1.5,0,0.0,OOR,1988
John Williams,SF,21,82,2428,427,910,0.469,5,38,0.132,422,872,0.484,0.472,188,256,0.734,127,317,444,232,117,34,145,217,1047,14.9,0.512,0.042,0.281,5.8,14.7,10.2,14.3,2.4,0.8,12.4,19.8,1.9,3.1,5.0,0.098,0.1,1.2,1.3,2.0,0,0.0,OOR,1988
Kevin Williams,SG,26,80,1084,199,450,0.442,1,7,0.143,198,443,0.447,0.443,103,122,0.844,61,66,127,96,62,7,68,207,502,12.0,0.498,0.016,0.271,6.2,7.0,6.6,12.5,2.7,0.4,11.9,21.2,0.8,1.1,1.9,0.084,-2.9,0.3,-2.6,-0.1,0,0.0,OOR,1988
Reggie Williams,SF,23,35,857,152,427,0.356,13,58,0.224,139,369,0.377,0.371,48,66,0.727,55,63,118,58,29,21,63,108,365,7.6,0.4,0.136,0.155,6.6,8.1,7.3,10.8,1.6,1.4,12.1,24.6,-1.8,0.7,-1.1,-0.061,-5.2,-1.4,-6.6,-1.0,0,0.0,OOR,1988
Kevin Willis,PF,25,75,2091,356,687,0.518,0,2,0.0,356,685,0.52,0.518,159,245,0.649,235,312,547,28,68,41,138,240,871,14.0,0.548,0.003,0.357,12.4,16.7,14.5,1.9,1.6,1.2,14.8,18.8,1.7,2.5,4.2,0.095,-1.1,-1.0,-2.1,-0.1,0,0.0,OOR,1988
Nikita Wilson,SF,23,15,54,7,23,0.304,0,0,0.0,7,23,0.304,0.304,5,6,0.833,2,9,11,3,0,0,5,7,19,2.3,0.371,0.0,0.261,4.0,18.0,11.0,7.0,0.0,0.0,16.3,22.4,-0.2,0.0,-0.1,-0.099,-7.6,-3.7,-11.3,-0.1,0,0.0,OOR,1988
Ricky Wilson,PG,23,24,420,43,110,0.391,10,26,0.385,33,84,0.393,0.436,29,40,0.725,2,25,27,69,23,3,25,40,125,10.0,0.49,0.236,0.364,0.5,6.5,3.5,20.0,2.6,0.4,16.4,14.5,0.1,0.2,0.3,0.032,-2.6,0.0,-2.6,-0.1,0,0.0,OOR,1988
David Wingate,SG,24,61,1419,218,545,0.4,10,40,0.25,208,505,0.412,0.409,99,132,0.75,44,57,101,119,47,22,104,125,545,8.5,0.452,0.073,0.242,3.6,4.7,4.1,12.8,1.7,0.9,14.7,21.1,-1.1,0.6,-0.5,-0.018,-3.5,-1.3,-4.8,-1.0,0,0.0,OOR,1988
Rickie Winslow,SF,23,7,45,3,13,0.231,0,1,0.0,3,12,0.25,0.231,1,2,0.5,3,4,7,2,1,0,4,9,7,-3.4,0.252,0.077,0.154,7.5,10.0,8.8,5.7,1.1,0.0,22.4,16.7,-0.2,0.0,-0.2,-0.165,-11.9,-2.9,-14.8,-0.1,0,0.0,OOR,1988
Randy Wittman,SG,28,82,2412,376,787,0.478,0,0,0.0,376,787,0.478,0.478,71,89,0.798,39,131,170,302,50,18,82,117,823,11.6,0.498,0.0,0.113,1.8,6.1,3.9,17.5,1.0,0.5,9.0,15.8,2.2,1.3,3.5,0.07,-0.7,-0.5,-1.2,0.5,0,0.0,OOR,1988
Joe Wolf,C,23,42,1137,136,334,0.407,3,15,0.2,133,319,0.417,0.412,45,54,0.833,51,136,187,98,38,16,76,139,320,7.6,0.447,0.045,0.162,4.6,13.2,8.7,12.6,1.6,0.8,17.5,15.5,-1.1,1.1,0.1,0.002,-4.8,0.4,-4.4,-0.7,0,0.0,OOR,1988
Leon Wood,PG,25,52,909,136,312,0.436,52,127,0.409,84,185,0.454,0.519,76,99,0.768,17,40,57,174,26,1,39,50,400,15.4,0.562,0.407,0.317,2.0,4.8,3.4,24.7,1.3,0.1,9.9,17.2,2.1,0.0,2.2,0.114,2.5,-1.9,0.6,0.6,0,0.0,OOR,1988
Mike Woodson,SG,29,80,2534,562,1263,0.445,18,78,0.231,544,1185,0.459,0.452,296,341,0.868,64,126,190,273,109,26,186,210,1438,14.7,0.509,0.062,0.27,2.6,5.5,4.0,18.5,2.0,0.6,11.6,25.7,1.1,2.0,3.1,0.058,-0.8,-0.4,-1.2,0.5,0,0.0,OOR,1988
Orlando Woolridge,SF,28,19,622,110,247,0.445,0,2,0.0,110,245,0.449,0.445,92,130,0.708,31,60,91,71,13,20,48,73,312,14.5,0.513,0.008,0.526,5.6,11.6,8.5,18.0,1.0,1.9,13.6,23.9,0.4,0.4,0.8,0.061,-0.5,-0.9,-1.4,0.1,0,0.0,OOR,1988
James Worthy,SF,26,75,2655,617,1161,0.531,2,16,0.125,615,1145,0.537,0.532,242,304,0.796,129,245,374,289,72,55,155,175,1478,18.2,0.571,0.014,0.262,5.8,10.0,8.0,16.2,1.3,1.2,10.7,22.8,5.5,2.4,7.9,0.143,2.6,-0.2,2.3,2.9,0,0.0,OOR,1988
Brad Wright,PF,25,2,7,1,5,0.2,0,0,0.0,1,5,0.2,0.2,0,0,0.0,0,1,1,0,0,0,2,3,2,-24.7,0.2,0.0,0.0,0.0,15.6,7.5,0.0,0.0,0.0,28.6,39.0,-0.1,0.0,-0.1,-0.677,-29.9,-6.6,-36.5,-0.1,0,0.0,OOR,1988
Danny Young,PG,25,77,949,89,218,0.408,22,77,0.286,67,141,0.475,0.459,43,53,0.811,18,57,75,218,52,2,37,69,243,13.3,0.503,0.353,0.243,2.1,6.9,4.4,28.8,2.6,0.1,13.3,11.8,1.6,0.8,2.4,0.122,0.4,0.7,1.1,0.8,0,0.0,OOR,1988
Phil Zevenbergen,C,23,8,58,15,27,0.556,0,0,0.0,15,27,0.556,0.556,0,2,0.0,4,9,13,3,3,1,4,12,30,13.7,0.538,0.0,0.074,7.4,16.9,12.1,7.6,2.4,0.9,12.5,21.7,0.0,0.0,0.0,0.041,-2.3,-0.2,-2.4,0.0,0,0.0,OOR,1988
