Player,Pos,Age,G,MP,FG,FGA,FG%,3P,3PA,3P%,2P,2PA,2P%,eFG%,FT,FTA,FT%,ORB,DRB,TRB,AST,STL,BLK,TOV,PF,PTS,Status
Tariq Abdul-Wahad,SG,25.0,61.0,1578.0,274.0,646.0,0.424,3.0,23.0,0.13,271.0,623.0,0.435,0.426,146.0,193.0,0.756,101.0,190.0,291.0,98.0,59.0,28.0,106.0,147.0,697.0,OOR
Shareef Abdur-Rahim,SF,23.0,82.0,3223.0,594.0,1277.0,0.465,29.0,96.0,0.302,565.0,1181.0,0.478,0.477,446.0,551.0,0.809,218.0,607.0,825.0,271.0,89.0,87.0,249.0,244.0,1663.0,OOR
Cory Alexander,PG,26.0,29.0,329.0,28.0,98.0,0.286,9.0,35.0,0.257,19.0,63.0,0.302,0.332,17.0,22.0,0.773,8.0,34.0,42.0,58.0,24.0,2.0,28.0,39.0,82.0,OOR
Ray Allen,SG,24.0,82.0,3070.0,642.0,1411.0,0.455,172.0,407.0,0.423,470.0,1004.0,0.468,0.516,353.0,398.0,0.887,83.0,276.0,359.0,308.0,110.0,19.0,183.0,187.0,1809.0,OOR
Rafer Alston,PG,23.0,27.0,361.0,27.0,95.0,0.284,3.0,14.0,0.214,24.0,81.0,0.296,0.3,3.0,4.0,0.75,5.0,18.0,23.0,70.0,12.0,0.0,29.0,29.0,60.0,OOR
John Amaechi,C,29.0,80.0,1684.0,306.0,700.0,0.437,1.0,6.0,0.167,305.0,694.0,0.439,0.438,223.0,291.0,0.766,62.0,204.0,266.0,95.0,35.0,37.0,139.0,161.0,836.0,OOR
Derek Anderson,SG,25.0,64.0,2201.0,377.0,860.0,0.438,55.0,178.0,0.309,322.0,682.0,0.472,0.47,271.0,309.0,0.877,80.0,178.0,258.0,220.0,90.0,11.0,167.0,149.0,1080.0,OOR
Kenny Anderson,PG,29.0,82.0,2593.0,434.0,986.0,0.44,85.0,220.0,0.386,349.0,766.0,0.456,0.483,196.0,253.0,0.775,55.0,170.0,225.0,420.0,139.0,8.0,130.0,230.0,1149.0,OOR
Nick Anderson,SG,32.0,72.0,2094.0,306.0,782.0,0.391,132.0,397.0,0.332,174.0,385.0,0.452,0.476,37.0,76.0,0.487,83.0,256.0,339.0,123.0,94.0,16.0,95.0,118.0,781.0,OOR
Shandon Anderson,SF,26.0,82.0,2700.0,368.0,778.0,0.473,79.0,225.0,0.351,289.0,553.0,0.523,0.524,194.0,253.0,0.767,91.0,293.0,384.0,239.0,96.0,32.0,194.0,182.0,1009.0,OOR
Chris Anstey,C,25.0,73.0,1007.0,161.0,364.0,0.442,1.0,6.0,0.167,160.0,358.0,0.447,0.444,116.0,147.0,0.789,90.0,190.0,280.0,65.0,29.0,25.0,80.0,180.0,439.0,OOR
Greg Anthony,PG,32.0,82.0,1548.0,169.0,416.0,0.406,88.0,233.0,0.378,81.0,183.0,0.443,0.512,88.0,114.0,0.772,17.0,116.0,133.0,208.0,59.0,9.0,85.0,143.0,514.0,OOR
B.J. Armstrong,PG,32.0,27.0,583.0,83.0,186.0,0.446,13.0,29.0,0.448,70.0,157.0,0.446,0.481,22.0,25.0,0.88,2.0,45.0,47.0,78.0,7.0,1.0,40.0,34.0,201.0,OOR
Darrell Armstrong,PG,31.0,82.0,2590.0,484.0,1119.0,0.433,137.0,403.0,0.34,347.0,716.0,0.485,0.494,225.0,247.0,0.911,65.0,205.0,270.0,501.0,169.0,9.0,248.0,137.0,1330.0,OOR
Chucky Atkins,PG,25.0,82.0,1626.0,314.0,741.0,0.424,57.0,163.0,0.35,257.0,578.0,0.445,0.462,97.0,133.0,0.729,20.0,106.0,126.0,306.0,52.0,3.0,142.0,137.0,782.0,OOR
Stacey Augmon,SG,31.0,59.0,692.0,83.0,175.0,0.474,0.0,2.0,0.0,83.0,173.0,0.48,0.474,37.0,55.0,0.673,42.0,74.0,116.0,53.0,27.0,11.0,38.0,69.0,203.0,OOR
Isaac Austin,C,30.0,59.0,1173.0,151.0,352.0,0.429,1.0,4.0,0.25,150.0,348.0,0.431,0.43,94.0,137.0,0.686,64.0,218.0,282.0,74.0,17.0,38.0,107.0,128.0,397.0,OOR
Anthony Avent,PF,30.0,49.0,377.0,29.0,96.0,0.302,0.0,0.0,0.0,29.0,96.0,0.302,0.302,23.0,32.0,0.719,23.0,51.0,74.0,11.0,16.0,15.0,24.0,62.0,81.0,OOR
William Avery,PG,20.0,59.0,484.0,56.0,181.0,0.309,18.0,63.0,0.286,38.0,118.0,0.322,0.359,24.0,36.0,0.667,8.0,32.0,40.0,88.0,14.0,2.0,42.0,60.0,154.0,OOR
Toby Bailey,SG,24.0,46.0,449.0,58.0,140.0,0.414,2.0,10.0,0.2,56.0,130.0,0.431,0.421,45.0,65.0,0.692,26.0,46.0,72.0,30.0,13.0,4.0,24.0,55.0,163.0,OOR
Vin Baker,C,28.0,79.0,2849.0,514.0,1129.0,0.455,2.0,8.0,0.25,512.0,1121.0,0.457,0.456,281.0,412.0,0.682,227.0,378.0,605.0,148.0,47.0,66.0,213.0,288.0,1311.0,OOR
Charles Barkley,PF,36.0,20.0,620.0,106.0,222.0,0.477,6.0,26.0,0.231,100.0,196.0,0.51,0.491,71.0,110.0,0.645,71.0,138.0,209.0,63.0,14.0,4.0,44.0,48.0,289.0,OOR
Dana Barros,PG,32.0,72.0,1139.0,196.0,435.0,0.451,59.0,144.0,0.41,137.0,291.0,0.471,0.518,66.0,76.0,0.868,13.0,86.0,99.0,133.0,31.0,4.0,66.0,80.0,517.0,OOR
Brent Barry,SG,28.0,80.0,2726.0,327.0,707.0,0.463,164.0,399.0,0.411,163.0,308.0,0.529,0.579,127.0,157.0,0.809,50.0,322.0,372.0,291.0,103.0,31.0,142.0,228.0,945.0,OOR
Drew Barry,PG,26.0,16.0,159.0,15.0,33.0,0.455,7.0,18.0,0.389,8.0,15.0,0.533,0.561,4.0,5.0,0.8,0.0,12.0,12.0,33.0,2.0,0.0,13.0,23.0,41.0,OOR
Jon Barry,SG,30.0,62.0,1281.0,161.0,346.0,0.465,66.0,154.0,0.429,95.0,192.0,0.495,0.561,107.0,116.0,0.922,38.0,121.0,159.0,150.0,75.0,7.0,85.0,104.0,495.0,OOR
Tony Battie,C,23.0,82.0,1505.0,219.0,459.0,0.477,1.0,8.0,0.125,218.0,451.0,0.483,0.478,102.0,151.0,0.675,152.0,258.0,410.0,63.0,47.0,70.0,67.0,249.0,541.0,OOR
Jonathan Bender,SF,19.0,24.0,130.0,23.0,70.0,0.329,2.0,12.0,0.167,21.0,58.0,0.362,0.343,16.0,24.0,0.667,4.0,17.0,21.0,3.0,1.0,5.0,7.0,18.0,64.0,OOR
Benoit Benjamin,C,35.0,3.0,8.0,1.0,3.0,0.333,0.0,0.0,0.0,1.0,3.0,0.333,0.333,0.0,0.0,0.0,0.0,1.0,1.0,0.0,0.0,1.0,0.0,1.0,2.0,OOR
Corey Benjamin,SG,21.0,48.0,862.0,145.0,350.0,0.414,31.0,89.0,0.348,114.0,261.0,0.437,0.459,49.0,82.0,0.598,21.0,67.0,88.0,54.0,31.0,22.0,74.0,122.0,370.0,OOR
Mario Bennett,PF,26.0,1.0,3.0,0.0,3.0,0.0,0.0,0.0,0.0,0.0,3.0,0.0,0.0,0.0,0.0,0.0,1.0,1.0,2.0,0.0,0.0,0.0,0.0,1.0,0.0,OOR
Travis Best,PG,27.0,82.0,1691.0,271.0,561.0,0.483,35.0,93.0,0.376,236.0,468.0,0.504,0.514,156.0,190.0,0.821,16.0,126.0,142.0,272.0,76.0,5.0,107.0,204.0,733.0,OOR
Mike Bibby,PG,21.0,82.0,3155.0,459.0,1031.0,0.445,77.0,212.0,0.363,382.0,819.0,0.466,0.483,195.0,250.0,0.78,73.0,233.0,306.0,665.0,132.0,15.0,247.0,171.0,1190.0,OOR
Chauncey Billups,SG,23.0,13.0,305.0,34.0,101.0,0.337,7.0,41.0,0.171,27.0,60.0,0.45,0.371,37.0,44.0,0.841,8.0,26.0,34.0,39.0,10.0,2.0,24.0,27.0,112.0,OOR
Mookie Blaylock,PG,32.0,73.0,2459.0,327.0,837.0,0.391,101.0,301.0,0.336,226.0,536.0,0.422,0.451,67.0,95.0,0.705,55.0,215.0,270.0,489.0,146.0,22.0,143.0,122.0,822.0,OOR
Corie Blount,PF,31.0,38.0,446.0,44.0,89.0,0.494,0.0,2.0,0.0,44.0,87.0,0.506,0.494,19.0,33.0,0.576,52.0,61.0,113.0,10.0,15.0,7.0,28.0,78.0,107.0,OOR
Muggsy Bogues,PG,35.0,80.0,1731.0,157.0,358.0,0.439,17.0,51.0,0.333,140.0,307.0,0.456,0.462,79.0,87.0,0.908,25.0,110.0,135.0,299.0,65.0,4.0,59.0,119.0,410.0,OOR
Etdrick Bohannon,PF,26.0,13.0,118.0,7.0,13.0,0.538,0.0,0.0,0.0,7.0,13.0,0.538,0.538,15.0,24.0,0.625,13.0,18.0,31.0,5.0,2.0,6.0,10.0,25.0,29.0,OOR
Calvin Booth,C,23.0,11.0,143.0,16.0,46.0,0.348,0.0,0.0,0.0,16.0,46.0,0.348,0.348,10.0,14.0,0.714,15.0,17.0,32.0,7.0,3.0,14.0,6.0,23.0,42.0,OOR
Lazaro Borrell,SF,27.0,17.0,167.0,28.0,63.0,0.444,0.0,3.0,0.0,28.0,60.0,0.467,0.444,6.0,11.0,0.545,14.0,26.0,40.0,10.0,6.0,3.0,6.0,9.0,62.0,OOR
Cal Bowdler,SF,22.0,46.0,423.0,49.0,115.0,0.426,0.0,1.0,0.0,49.0,114.0,0.43,0.426,24.0,38.0,0.632,22.0,63.0,85.0,14.0,14.0,9.0,21.0,46.0,122.0,OOR
Bruce Bowen,SF,28.0,69.0,878.0,72.0,194.0,0.371,27.0,58.0,0.466,45.0,136.0,0.331,0.441,25.0,43.0,0.581,27.0,69.0,96.0,34.0,23.0,15.0,19.0,118.0,196.0,OOR
Ryan Bowen,SF,24.0,52.0,589.0,46.0,117.0,0.393,1.0,9.0,0.111,45.0,108.0,0.417,0.397,38.0,53.0,0.717,75.0,39.0,114.0,20.0,39.0,13.0,14.0,95.0,131.0,OOR
Ira Bowman,SG,26.0,11.0,20.0,2.0,2.0,1.0,0.0,0.0,0.0,2.0,2.0,1.0,1.0,1.0,2.0,0.5,0.0,2.0,2.0,1.0,1.0,0.0,1.0,0.0,5.0,OOR
Earl Boykins,PG,23.0,26.0,261.0,56.0,116.0,0.483,8.0,20.0,0.4,48.0,96.0,0.5,0.517,18.0,23.0,0.783,12.0,14.0,26.0,48.0,12.0,1.0,17.0,23.0,138.0,OOR
Shawn Bradley,C,27.0,77.0,1901.0,266.0,555.0,0.479,1.0,5.0,0.2,265.0,550.0,0.482,0.48,114.0,149.0,0.765,160.0,337.0,497.0,60.0,71.0,190.0,74.0,260.0,647.0,OOR
A.J. Bramlett,C,23.0,8.0,61.0,4.0,21.0,0.19,0.0,0.0,0.0,4.0,21.0,0.19,0.19,0.0,0.0,0.0,12.0,10.0,22.0,0.0,1.0,0.0,3.0,13.0,8.0,OOR
Elton Brand,PF,20.0,81.0,2999.0,630.0,1306.0,0.482,0.0,2.0,0.0,630.0,1304.0,0.483,0.482,367.0,536.0,0.685,348.0,462.0,810.0,155.0,66.0,132.0,228.0,259.0,1627.0,OOR
Terrell Brandon,PG,29.0,71.0,2587.0,486.0,1042.0,0.466,53.0,132.0,0.402,433.0,910.0,0.476,0.492,187.0,208.0,0.899,44.0,194.0,238.0,629.0,134.0,30.0,184.0,158.0,1212.0,OOR
Chucky Brown,PF,31.0,63.0,1096.0,148.0,328.0,0.451,2.0,10.0,0.2,146.0,318.0,0.459,0.454,36.0,52.0,0.692,35.0,132.0,167.0,66.0,20.0,18.0,45.0,114.0,334.0,OOR
Dee Brown,PG,31.0,38.0,673.0,93.0,258.0,0.36,67.0,187.0,0.358,26.0,71.0,0.366,0.49,11.0,16.0,0.688,9.0,45.0,54.0,86.0,24.0,5.0,39.0,62.0,264.0,OOR
Marcus Brown,SG,25.0,6.0,45.0,4.0,14.0,0.286,0.0,7.0,0.0,4.0,7.0,0.571,0.286,2.0,2.0,1.0,3.0,4.0,7.0,3.0,0.0,0.0,3.0,8.0,10.0,OOR
P.J. Brown,PF,30.0,80.0,2302.0,322.0,671.0,0.48,0.0,1.0,0.0,322.0,670.0,0.481,0.48,120.0,159.0,0.755,216.0,384.0,600.0,145.0,65.0,61.0,100.0,264.0,764.0,OOR
Randy Brown,PG,31.0,59.0,1625.0,157.0,435.0,0.361,3.0,6.0,0.5,154.0,429.0,0.359,0.364,62.0,84.0,0.738,23.0,121.0,144.0,202.0,61.0,15.0,105.0,120.0,379.0,OOR
Rick Brunson,PG,27.0,37.0,289.0,29.0,70.0,0.414,2.0,13.0,0.154,27.0,57.0,0.474,0.429,11.0,18.0,0.611,3.0,24.0,27.0,49.0,9.0,1.0,31.0,35.0,71.0,OOR
Kobe Bryant,SG,21.0,66.0,2524.0,554.0,1183.0,0.468,46.0,144.0,0.319,508.0,1039.0,0.489,0.488,331.0,403.0,0.821,108.0,308.0,416.0,323.0,106.0,62.0,182.0,220.0,1485.0,OOR
Mark Bryant,PF,34.0,75.0,1712.0,174.0,346.0,0.503,0.0,0.0,0.0,174.0,346.0,0.503,0.503,76.0,94.0,0.809,126.0,226.0,352.0,61.0,31.0,31.0,87.0,250.0,424.0,OOR
Greg Buckner,SG,23.0,48.0,923.0,111.0,233.0,0.476,10.0,26.0,0.385,101.0,207.0,0.488,0.498,43.0,63.0,0.683,56.0,118.0,174.0,55.0,38.0,20.0,36.0,148.0,275.0,OOR
Jud Buechler,SF,31.0,58.0,657.0,55.0,156.0,0.353,18.0,83.0,0.217,37.0,73.0,0.507,0.41,2.0,7.0,0.286,30.0,61.0,91.0,33.0,25.0,16.0,13.0,50.0,130.0,OOR
Rodney Buford,SG,22.0,34.0,386.0,62.0,151.0,0.411,7.0,29.0,0.241,55.0,122.0,0.451,0.434,16.0,22.0,0.727,10.0,38.0,48.0,21.0,10.0,8.0,9.0,44.0,147.0,OOR
Matt Bullard,PF,32.0,56.0,1024.0,139.0,340.0,0.409,79.0,177.0,0.446,60.0,163.0,0.368,0.525,25.0,30.0,0.833,13.0,125.0,138.0,63.0,19.0,13.0,36.0,85.0,382.0,OOR
Scott Burrell,SF,29.0,74.0,1336.0,165.0,419.0,0.394,82.0,232.0,0.353,83.0,187.0,0.444,0.492,39.0,50.0,0.78,65.0,191.0,256.0,72.0,67.0,44.0,38.0,173.0,451.0,OOR
Jason Caffey,PF,26.0,71.0,2159.0,323.0,675.0,0.479,0.0,2.0,0.0,323.0,673.0,0.48,0.479,206.0,345.0,0.597,189.0,293.0,482.0,119.0,62.0,20.0,170.0,269.0,852.0,OOR
Michael Cage,C,38.0,20.0,242.0,12.0,24.0,0.5,0.0,0.0,0.0,12.0,24.0,0.5,0.5,3.0,3.0,1.0,33.0,48.0,81.0,9.0,8.0,8.0,4.0,30.0,27.0,OOR
Marcus Camby,C,25.0,59.0,1548.0,226.0,471.0,0.48,1.0,2.0,0.5,225.0,469.0,0.48,0.481,148.0,221.0,0.67,174.0,287.0,461.0,49.0,43.0,116.0,72.0,204.0,601.0,OOR
Elden Campbell,C,31.0,78.0,2538.0,370.0,829.0,0.446,0.0,6.0,0.0,370.0,823.0,0.45,0.446,247.0,358.0,0.69,168.0,422.0,590.0,129.0,56.0,150.0,127.0,269.0,987.0,OOR
Antoine Carr,SF,38.0,21.0,221.0,28.0,64.0,0.438,0.0,0.0,0.0,28.0,64.0,0.438,0.438,11.0,14.0,0.786,8.0,24.0,32.0,7.0,3.0,6.0,9.0,42.0,67.0,OOR
Chris Carr,SF-SG,25.0,57.0,1166.0,196.0,496.0,0.395,32.0,101.0,0.317,164.0,395.0,0.415,0.427,107.0,125.0,0.856,41.0,132.0,173.0,84.0,30.0,15.0,117.0,113.0,531.0,OOR
Anthony Carter,PG,24.0,79.0,1859.0,201.0,509.0,0.395,3.0,23.0,0.13,198.0,486.0,0.407,0.398,93.0,124.0,0.75,48.0,151.0,199.0,378.0,93.0,5.0,173.0,167.0,498.0,OOR
Vince Carter,SF,23.0,82.0,3126.0,788.0,1696.0,0.465,95.0,236.0,0.403,693.0,1460.0,0.475,0.493,436.0,551.0,0.791,150.0,326.0,476.0,322.0,110.0,92.0,178.0,263.0,2107.0,OOR
Sam Cassell,PG,30.0,81.0,2899.0,545.0,1170.0,0.466,26.0,90.0,0.289,519.0,1080.0,0.481,0.477,390.0,445.0,0.876,69.0,232.0,301.0,729.0,102.0,8.0,267.0,255.0,1506.0,OOR
Kelvin Cato,C,25.0,65.0,1581.0,216.0,402.0,0.537,0.0,4.0,0.0,216.0,398.0,0.543,0.537,135.0,208.0,0.649,102.0,287.0,389.0,26.0,33.0,124.0,71.0,175.0,567.0,OOR
Duane Causwell,C,31.0,25.0,185.0,20.0,37.0,0.541,0.0,0.0,0.0,20.0,37.0,0.541,0.541,26.0,38.0,0.684,11.0,36.0,47.0,2.0,2.0,16.0,10.0,42.0,66.0,OOR
Cedric Ceballos,SF,30.0,69.0,2064.0,447.0,1002.0,0.446,44.0,134.0,0.328,403.0,868.0,0.464,0.468,209.0,248.0,0.843,172.0,290.0,462.0,90.0,56.0,24.0,125.0,165.0,1147.0,OOR
John Celestand,PG,22.0,16.0,185.0,15.0,45.0,0.333,2.0,9.0,0.222,13.0,36.0,0.361,0.356,5.0,6.0,0.833,1.0,10.0,11.0,20.0,7.0,0.0,16.0,22.0,37.0,OOR
Rex Chapman,SG,32.0,53.0,957.0,124.0,320.0,0.388,41.0,123.0,0.333,83.0,197.0,0.421,0.452,59.0,78.0,0.756,10.0,70.0,80.0,62.0,22.0,1.0,38.0,70.0,348.0,OOR
Calbert Cheaney,SG,28.0,67.0,1309.0,120.0,273.0,0.44,18.0,54.0,0.333,102.0,219.0,0.466,0.473,9.0,21.0,0.429,23.0,115.0,138.0,80.0,44.0,14.0,46.0,158.0,267.0,OOR
Pete Chilcutt,PF,31.0,56.0,601.0,53.0,127.0,0.417,6.0,26.0,0.231,47.0,101.0,0.465,0.441,8.0,8.0,1.0,46.0,85.0,131.0,27.0,15.0,10.0,20.0,73.0,120.0,OOR
Chris Childs,PG,32.0,71.0,1675.0,146.0,357.0,0.409,37.0,104.0,0.356,109.0,253.0,0.431,0.461,47.0,59.0,0.797,17.0,130.0,147.0,285.0,36.0,4.0,105.0,240.0,376.0,OOR
Doug Christie,SG,29.0,73.0,2264.0,311.0,764.0,0.407,99.0,275.0,0.36,212.0,489.0,0.434,0.472,182.0,216.0,0.843,63.0,222.0,285.0,321.0,102.0,43.0,144.0,167.0,903.0,OOR
Keon Clark,C,24.0,81.0,1850.0,286.0,528.0,0.542,1.0,8.0,0.125,285.0,520.0,0.548,0.543,121.0,176.0,0.688,162.0,343.0,505.0,71.0,45.0,114.0,125.0,231.0,694.0,OOR
Keith Closs,C,23.0,57.0,820.0,96.0,197.0,0.487,0.0,3.0,0.0,96.0,194.0,0.495,0.487,46.0,78.0,0.59,65.0,114.0,179.0,25.0,13.0,73.0,34.0,80.0,238.0,OOR
Derrick Coleman,PF,32.0,74.0,2347.0,446.0,979.0,0.456,51.0,141.0,0.362,395.0,838.0,0.471,0.482,296.0,377.0,0.785,124.0,508.0,632.0,175.0,34.0,130.0,173.0,195.0,1239.0,OOR
Bimbo Coles,PG,31.0,80.0,1924.0,276.0,607.0,0.455,8.0,39.0,0.205,268.0,568.0,0.472,0.461,85.0,104.0,0.817,30.0,142.0,172.0,290.0,58.0,11.0,103.0,178.0,645.0,OOR
Marty Conlon,C,32.0,3.0,9.0,1.0,2.0,0.5,0.0,0.0,0.0,1.0,2.0,0.5,0.5,0.0,0.0,0.0,1.0,1.0,2.0,0.0,0.0,0.0,0.0,1.0,2.0,OOR
Tyrone Corbin,SF,37.0,54.0,941.0,88.0,247.0,0.356,10.0,44.0,0.227,78.0,203.0,0.384,0.377,33.0,39.0,0.846,40.0,125.0,165.0,60.0,36.0,5.0,29.0,99.0,219.0,OOR
Chris Crawford,PF,24.0,55.0,668.0,91.0,229.0,0.397,7.0,27.0,0.259,84.0,202.0,0.416,0.413,63.0,81.0,0.778,51.0,48.0,99.0,33.0,17.0,16.0,37.0,83.0,252.0,OOR
Austin Croshere,PF,24.0,81.0,1885.0,288.0,653.0,0.441,63.0,174.0,0.362,225.0,479.0,0.47,0.489,196.0,231.0,0.848,135.0,381.0,516.0,89.0,44.0,60.0,121.0,203.0,835.0,OOR
John Crotty,PG,30.0,69.0,937.0,106.0,251.0,0.422,33.0,80.0,0.413,73.0,171.0,0.427,0.488,80.0,93.0,0.86,17.0,58.0,75.0,128.0,27.0,5.0,54.0,104.0,325.0,OOR
Terry Cummings,PF,38.0,22.0,398.0,76.0,177.0,0.429,0.0,0.0,0.0,76.0,177.0,0.429,0.429,32.0,39.0,0.821,45.0,62.0,107.0,21.0,13.0,8.0,27.0,74.0,184.0,OOR
Vonteego Cummings,PG,23.0,75.0,1793.0,265.0,655.0,0.405,49.0,151.0,0.325,216.0,504.0,0.429,0.442,127.0,169.0,0.751,57.0,127.0,184.0,247.0,91.0,13.0,132.0,174.0,706.0,OOR
Bill Curley,SF-PF,27.0,28.0,309.0,29.0,68.0,0.426,0.0,1.0,0.0,29.0,67.0,0.433,0.426,18.0,25.0,0.72,18.0,32.0,50.0,14.0,13.0,4.0,21.0,61.0,76.0,OOR
Dell Curry,SG,35.0,67.0,1095.0,194.0,454.0,0.427,95.0,242.0,0.393,99.0,212.0,0.467,0.532,24.0,32.0,0.75,11.0,89.0,100.0,89.0,32.0,9.0,40.0,66.0,507.0,OOR
Michael Curry,SG,31.0,82.0,1611.0,182.0,379.0,0.48,1.0,5.0,0.2,181.0,374.0,0.484,0.482,141.0,168.0,0.839,21.0,83.0,104.0,87.0,33.0,5.0,73.0,209.0,506.0,OOR
Erick Dampier,C,24.0,21.0,495.0,70.0,173.0,0.405,0.0,0.0,0.0,70.0,173.0,0.405,0.405,27.0,51.0,0.529,48.0,86.0,134.0,19.0,8.0,15.0,29.0,75.0,167.0,OOR
Antonio Daniels,SG,24.0,68.0,1195.0,163.0,344.0,0.474,22.0,66.0,0.333,141.0,278.0,0.507,0.506,72.0,101.0,0.713,16.0,70.0,86.0,177.0,55.0,5.0,58.0,73.0,420.0,OOR
Kornél Dávid,SF,28.0,32.0,474.0,67.0,157.0,0.427,0.0,3.0,0.0,67.0,154.0,0.435,0.427,45.0,56.0,0.804,26.0,55.0,81.0,17.0,17.0,3.0,33.0,56.0,179.0,OOR
Antonio Davis,C,31.0,79.0,2479.0,313.0,712.0,0.44,0.0,0.0,0.0,313.0,712.0,0.44,0.44,284.0,371.0,0.765,235.0,461.0,696.0,105.0,38.0,100.0,121.0,267.0,910.0,OOR
Baron Davis,PG,20.0,82.0,1523.0,182.0,433.0,0.42,25.0,111.0,0.225,157.0,322.0,0.488,0.449,97.0,153.0,0.634,48.0,117.0,165.0,309.0,97.0,19.0,140.0,201.0,486.0,OOR
Ben Davis,PF,27.0,5.0,22.0,2.0,6.0,0.333,0.0,0.0,0.0,2.0,6.0,0.333,0.333,0.0,0.0,0.0,3.0,6.0,9.0,2.0,1.0,1.0,3.0,2.0,4.0,OOR
Dale Davis,C,30.0,74.0,2127.0,302.0,602.0,0.502,0.0,0.0,0.0,302.0,602.0,0.502,0.502,139.0,203.0,0.685,256.0,473.0,729.0,64.0,52.0,94.0,91.0,203.0,743.0,OOR
Emanual Davis,PG,31.0,54.0,701.0,80.0,220.0,0.364,31.0,103.0,0.301,49.0,117.0,0.419,0.434,26.0,38.0,0.684,15.0,85.0,100.0,70.0,38.0,5.0,44.0,72.0,217.0,OOR
Hubert Davis,PG,29.0,79.0,1817.0,217.0,464.0,0.468,82.0,167.0,0.491,135.0,297.0,0.455,0.556,67.0,77.0,0.87,17.0,117.0,134.0,141.0,24.0,3.0,70.0,109.0,583.0,OOR
Mark Davis,SF,26.0,23.0,464.0,56.0,137.0,0.409,0.0,2.0,0.0,56.0,135.0,0.415,0.409,31.0,47.0,0.66,31.0,53.0,84.0,38.0,25.0,4.0,40.0,52.0,143.0,OOR
Ricky Davis,SG,20.0,48.0,570.0,94.0,187.0,0.503,0.0,4.0,0.0,94.0,183.0,0.514,0.503,39.0,51.0,0.765,29.0,54.0,83.0,62.0,30.0,8.0,46.0,39.0,227.0,OOR
Todd Day,SG,30.0,58.0,941.0,130.0,330.0,0.394,64.0,165.0,0.388,66.0,165.0,0.4,0.491,72.0,108.0,0.667,31.0,98.0,129.0,65.0,44.0,22.0,50.0,127.0,396.0,OOR
Andrew DeClercq,C,26.0,82.0,1831.0,225.0,443.0,0.508,0.0,0.0,0.0,225.0,443.0,0.508,0.508,94.0,160.0,0.588,156.0,283.0,439.0,58.0,63.0,66.0,108.0,275.0,544.0,OOR
Vinny Del Negro,PG,33.0,67.0,1211.0,153.0,325.0,0.471,8.0,24.0,0.333,145.0,301.0,0.482,0.483,35.0,39.0,0.897,9.0,98.0,107.0,160.0,36.0,0.0,48.0,81.0,349.0,OOR
Tony Delk,PG,26.0,46.0,682.0,120.0,279.0,0.43,9.0,40.0,0.225,111.0,239.0,0.464,0.446,47.0,59.0,0.797,36.0,52.0,88.0,55.0,35.0,5.0,32.0,58.0,296.0,OOR
Derrick Dial,SG,24.0,8.0,95.0,17.0,46.0,0.37,3.0,12.0,0.25,14.0,34.0,0.412,0.402,3.0,5.0,0.6,14.0,12.0,26.0,5.0,1.0,1.0,6.0,10.0,40.0,OOR
Michael Dickerson,SG,24.0,82.0,3103.0,554.0,1270.0,0.436,119.0,291.0,0.409,435.0,979.0,0.444,0.483,269.0,324.0,0.83,78.0,201.0,279.0,208.0,116.0,45.0,165.0,226.0,1496.0,OOR
Vlade Divac,C,31.0,82.0,2374.0,384.0,764.0,0.503,7.0,26.0,0.269,377.0,738.0,0.511,0.507,230.0,333.0,0.691,174.0,482.0,656.0,244.0,103.0,103.0,190.0,251.0,1005.0,OOR
Michael Doleac,C,22.0,81.0,1335.0,242.0,535.0,0.452,1.0,2.0,0.5,241.0,533.0,0.452,0.453,80.0,95.0,0.842,89.0,245.0,334.0,63.0,29.0,34.0,65.0,224.0,565.0,OOR
Sherman Douglas,PG,33.0,20.0,309.0,45.0,90.0,0.5,5.0,16.0,0.313,40.0,74.0,0.541,0.528,25.0,28.0,0.893,13.0,16.0,29.0,34.0,17.0,0.0,24.0,26.0,120.0,OOR
Bryce Drew,PG,25.0,72.0,1293.0,158.0,413.0,0.383,59.0,163.0,0.362,99.0,250.0,0.396,0.454,45.0,53.0,0.849,23.0,80.0,103.0,162.0,41.0,1.0,66.0,79.0,420.0,OOR
Chris Dudley,C,34.0,47.0,459.0,23.0,67.0,0.343,0.0,0.0,0.0,23.0,67.0,0.343,0.343,9.0,27.0,0.333,63.0,73.0,136.0,5.0,7.0,21.0,18.0,95.0,55.0,OOR
Tim Duncan,PF,23.0,74.0,2875.0,628.0,1281.0,0.49,1.0,11.0,0.091,627.0,1270.0,0.494,0.491,459.0,603.0,0.761,262.0,656.0,918.0,234.0,66.0,165.0,242.0,210.0,1716.0,Candidate
Howard Eisley,PG,27.0,82.0,2096.0,282.0,675.0,0.418,60.0,163.0,0.368,222.0,512.0,0.434,0.462,84.0,102.0,0.824,23.0,147.0,170.0,347.0,59.0,9.0,132.0,223.0,708.0,OOR
Obinna Ekezie,PF,24.0,39.0,351.0,41.0,88.0,0.466,0.0,0.0,0.0,41.0,88.0,0.466,0.466,43.0,64.0,0.672,34.0,58.0,92.0,8.0,9.0,4.0,26.0,61.0,125.0,OOR
Mario Elie,SF,36.0,79.0,2217.0,195.0,457.0,0.427,74.0,186.0,0.398,121.0,271.0,0.446,0.508,126.0,149.0,0.846,48.0,201.0,249.0,193.0,73.0,9.0,130.0,156.0,590.0,OOR
Sean Elliott,SF,31.0,19.0,391.0,38.0,106.0,0.358,13.0,37.0,0.351,25.0,69.0,0.362,0.42,25.0,32.0,0.781,6.0,41.0,47.0,28.0,12.0,2.0,19.0,34.0,114.0,OOR
Dale Ellis,SG,39.0,42.0,564.0,66.0,159.0,0.415,37.0,100.0,0.37,29.0,59.0,0.492,0.531,9.0,13.0,0.692,13.0,43.0,56.0,14.0,13.0,0.0,20.0,45.0,178.0,OOR
LaPhonso Ellis,PF,29.0,58.0,1309.0,209.0,464.0,0.45,3.0,21.0,0.143,206.0,443.0,0.465,0.454,66.0,95.0,0.695,98.0,192.0,290.0,59.0,32.0,25.0,52.0,133.0,487.0,OOR
Pervis Ellison,C,32.0,30.0,269.0,19.0,43.0,0.442,0.0,0.0,0.0,19.0,43.0,0.442,0.442,15.0,21.0,0.714,29.0,38.0,67.0,13.0,10.0,8.0,13.0,67.0,53.0,OOR
Evan Eschmeyer,C,24.0,31.0,373.0,38.0,72.0,0.528,0.0,0.0,0.0,38.0,72.0,0.528,0.528,15.0,30.0,0.5,40.0,68.0,108.0,21.0,8.0,21.0,21.0,84.0,91.0,OOR
Patrick Ewing,C,37.0,62.0,2035.0,361.0,775.0,0.466,0.0,2.0,0.0,361.0,773.0,0.467,0.466,207.0,283.0,0.731,140.0,464.0,604.0,58.0,36.0,84.0,142.0,196.0,929.0,OOR
Tony Farmer,PF,30.0,74.0,1199.0,127.0,312.0,0.407,8.0,44.0,0.182,119.0,268.0,0.444,0.42,203.0,265.0,0.766,118.0,177.0,295.0,74.0,66.0,16.0,82.0,167.0,465.0,OOR
Jamie Feick,C,25.0,81.0,2241.0,181.0,423.0,0.428,3.0,3.0,1.0,178.0,420.0,0.424,0.431,94.0,133.0,0.707,264.0,491.0,755.0,68.0,43.0,38.0,59.0,206.0,459.0,OOR
Danny Ferry,PF,33.0,63.0,1326.0,189.0,380.0,0.497,33.0,75.0,0.44,156.0,305.0,0.511,0.541,52.0,57.0,0.912,55.0,183.0,238.0,67.0,22.0,24.0,55.0,181.0,463.0,OOR
Michael Finley,SF,26.0,82.0,3464.0,748.0,1636.0,0.457,99.0,247.0,0.401,649.0,1389.0,0.467,0.487,260.0,317.0,0.82,122.0,396.0,518.0,438.0,109.0,32.0,196.0,171.0,1855.0,OOR
Derek Fisher,PG,25.0,78.0,1803.0,167.0,483.0,0.346,52.0,166.0,0.313,115.0,317.0,0.363,0.4,105.0,145.0,0.724,22.0,121.0,143.0,216.0,80.0,3.0,75.0,150.0,491.0,OOR
Danny Fortson,PF,23.0,55.0,856.0,140.0,265.0,0.528,0.0,0.0,0.0,140.0,265.0,0.528,0.528,139.0,189.0,0.735,141.0,225.0,366.0,29.0,20.0,5.0,67.0,180.0,419.0,OOR
Greg Foster,PF,31.0,60.0,718.0,91.0,224.0,0.406,3.0,15.0,0.2,88.0,209.0,0.421,0.413,18.0,28.0,0.643,16.0,91.0,107.0,41.0,10.0,18.0,28.0,105.0,203.0,OOR
Jeff Foster,C,23.0,19.0,86.0,13.0,23.0,0.565,0.0,1.0,0.0,13.0,22.0,0.591,0.565,17.0,25.0,0.68,12.0,20.0,32.0,5.0,5.0,1.0,2.0,18.0,43.0,OOR
Rick Fox,SF,30.0,82.0,1473.0,206.0,498.0,0.414,59.0,181.0,0.326,147.0,317.0,0.464,0.473,63.0,78.0,0.808,63.0,135.0,198.0,138.0,52.0,26.0,87.0,203.0,534.0,OOR
Adonal Foyle,C,24.0,76.0,1654.0,193.0,380.0,0.508,0.0,0.0,0.0,193.0,380.0,0.508,0.508,34.0,90.0,0.378,174.0,250.0,424.0,42.0,26.0,136.0,71.0,218.0,420.0,OOR
Steve Francis,PG,22.0,77.0,2776.0,497.0,1117.0,0.445,107.0,310.0,0.345,390.0,807.0,0.483,0.493,287.0,365.0,0.786,152.0,257.0,409.0,507.0,118.0,29.0,306.0,231.0,1388.0,OOR
Todd Fuller,C,25.0,41.0,399.0,51.0,122.0,0.418,0.0,0.0,0.0,51.0,122.0,0.418,0.418,32.0,53.0,0.604,36.0,74.0,110.0,5.0,9.0,8.0,27.0,46.0,134.0,OOR
Lawrence Funderburke,PF,29.0,75.0,1026.0,184.0,352.0,0.523,0.0,2.0,0.0,184.0,350.0,0.526,0.523,115.0,163.0,0.706,98.0,136.0,234.0,33.0,32.0,20.0,40.0,91.0,483.0,OOR
Kevin Garnett,PF,23.0,81.0,3243.0,759.0,1526.0,0.497,30.0,81.0,0.37,729.0,1445.0,0.504,0.507,309.0,404.0,0.765,223.0,733.0,956.0,401.0,120.0,126.0,268.0,205.0,1857.0,Candidate
Dean Garrett,C,33.0,56.0,604.0,48.0,108.0,0.444,0.0,0.0,0.0,48.0,108.0,0.444,0.444,18.0,26.0,0.692,41.0,99.0,140.0,19.0,8.0,40.0,21.0,94.0,114.0,OOR
Kiwane Lemorris Garris,SG,25.0,3.0,23.0,2.0,10.0,0.2,0.0,1.0,0.0,2.0,9.0,0.222,0.2,0.0,0.0,0.0,0.0,1.0,1.0,2.0,0.0,0.0,1.0,0.0,4.0,OOR
Pat Garrity,SF,23.0,82.0,1479.0,258.0,585.0,0.441,79.0,197.0,0.401,179.0,388.0,0.461,0.509,80.0,111.0,0.721,44.0,166.0,210.0,58.0,31.0,19.0,85.0,197.0,675.0,OOR
Chris Gatling,PF,32.0,85.0,1811.0,365.0,802.0,0.455,18.0,70.0,0.257,347.0,732.0,0.474,0.466,266.0,373.0,0.713,154.0,348.0,502.0,71.0,82.0,23.0,169.0,246.0,1014.0,OOR
Matt Geiger,C,30.0,65.0,1406.0,260.0,589.0,0.441,0.0,4.0,0.0,260.0,585.0,0.444,0.441,109.0,140.0,0.779,154.0,233.0,387.0,39.0,29.0,22.0,91.0,194.0,629.0,OOR
Devean George,SF,22.0,49.0,345.0,56.0,144.0,0.389,16.0,47.0,0.34,40.0,97.0,0.412,0.444,27.0,41.0,0.659,29.0,46.0,75.0,12.0,10.0,4.0,21.0,54.0,155.0,OOR
Kendall Gill,SF,31.0,76.0,2355.0,396.0,956.0,0.414,20.0,78.0,0.256,376.0,878.0,0.428,0.425,181.0,255.0,0.71,82.0,201.0,283.0,210.0,139.0,41.0,89.0,211.0,993.0,OOR
Armen Gilliam,PF,35.0,50.0,782.0,133.0,305.0,0.436,0.0,1.0,0.0,133.0,304.0,0.438,0.436,67.0,86.0,0.779,72.0,137.0,209.0,42.0,12.0,16.0,55.0,83.0,333.0,OOR
Dion Glover,SG,21.0,30.0,446.0,66.0,171.0,0.386,12.0,45.0,0.267,54.0,126.0,0.429,0.421,51.0,70.0,0.729,15.0,23.0,38.0,27.0,15.0,4.0,28.0,28.0,195.0,OOR
Brian Grant,PF,27.0,63.0,1322.0,173.0,352.0,0.491,1.0,2.0,0.5,172.0,350.0,0.491,0.493,112.0,166.0,0.675,121.0,223.0,344.0,64.0,32.0,28.0,84.0,166.0,459.0,OOR
Gary Grant,PG,34.0,3.0,24.0,6.0,14.0,0.429,0.0,0.0,0.0,6.0,14.0,0.429,0.429,0.0,0.0,0.0,0.0,3.0,3.0,1.0,1.0,0.0,2.0,3.0,12.0,OOR
Horace Grant,PF,34.0,76.0,2688.0,266.0,599.0,0.444,0.0,4.0,0.0,266.0,595.0,0.447,0.444,80.0,111.0,0.721,167.0,424.0,591.0,188.0,55.0,60.0,61.0,192.0,612.0,OOR
Devin Gray,SF,27.0,21.0,124.0,15.0,37.0,0.405,0.0,0.0,0.0,15.0,37.0,0.405,0.405,19.0,29.0,0.655,11.0,14.0,25.0,5.0,5.0,3.0,4.0,22.0,49.0,OOR
A.C. Green,PF,36.0,82.0,1929.0,173.0,387.0,0.447,1.0,4.0,0.25,172.0,383.0,0.449,0.448,66.0,95.0,0.695,160.0,326.0,486.0,80.0,53.0,18.0,53.0,127.0,413.0,OOR
Adrian Griffin,SG,25.0,72.0,1927.0,175.0,413.0,0.424,16.0,57.0,0.281,159.0,356.0,0.447,0.443,119.0,158.0,0.753,128.0,244.0,372.0,177.0,116.0,15.0,93.0,222.0,485.0,OOR
Tom Gugliotta,PF,30.0,54.0,1767.0,310.0,645.0,0.481,1.0,8.0,0.125,309.0,637.0,0.485,0.481,117.0,151.0,0.775,141.0,284.0,425.0,124.0,80.0,31.0,106.0,152.0,738.0,OOR
Darvin Ham,SF,26.0,35.0,792.0,71.0,128.0,0.555,0.0,1.0,0.0,71.0,127.0,0.559,0.555,35.0,78.0,0.449,85.0,87.0,172.0,42.0,29.0,29.0,29.0,102.0,177.0,OOR
Richard Hamilton,SG,21.0,71.0,1373.0,254.0,605.0,0.42,28.0,77.0,0.364,226.0,528.0,0.428,0.443,103.0,133.0,0.774,38.0,91.0,129.0,108.0,28.0,6.0,84.0,142.0,639.0,OOR
Thomas Hamilton,C,24.0,22.0,273.0,35.0,79.0,0.443,0.0,0.0,0.0,35.0,79.0,0.443,0.443,12.0,23.0,0.522,31.0,59.0,90.0,15.0,4.0,14.0,28.0,25.0,82.0,OOR
Tom Hammonds,PF,32.0,56.0,372.0,42.0,97.0,0.433,0.0,0.0,0.0,42.0,97.0,0.433,0.433,33.0,56.0,0.589,34.0,67.0,101.0,10.0,8.0,3.0,21.0,55.0,117.0,OOR
Anfernee Hardaway,SG,28.0,60.0,2253.0,378.0,798.0,0.474,33.0,102.0,0.324,345.0,696.0,0.496,0.494,226.0,286.0,0.79,91.0,256.0,347.0,315.0,94.0,38.0,153.0,164.0,1015.0,OOR
Tim Hardaway,PG,33.0,52.0,1672.0,246.0,638.0,0.386,94.0,256.0,0.367,152.0,382.0,0.398,0.459,110.0,133.0,0.827,25.0,125.0,150.0,385.0,49.0,4.0,119.0,112.0,696.0,OOR
Ron Harper,PG,36.0,80.0,2042.0,212.0,531.0,0.399,33.0,106.0,0.311,179.0,425.0,0.421,0.43,100.0,147.0,0.68,96.0,241.0,337.0,270.0,85.0,39.0,132.0,164.0,557.0,OOR
Matt Harpring,SF,23.0,4.0,63.0,4.0,17.0,0.235,2.0,2.0,1.0,2.0,15.0,0.133,0.294,6.0,7.0,0.857,5.0,7.0,12.0,8.0,5.0,1.0,1.0,7.0,16.0,OOR
Al Harrington,PF,19.0,50.0,854.0,121.0,264.0,0.458,8.0,34.0,0.235,113.0,230.0,0.491,0.473,78.0,111.0,0.703,47.0,112.0,159.0,38.0,25.0,9.0,65.0,130.0,328.0,OOR
Othella Harrington,PF,26.0,82.0,2677.0,420.0,830.0,0.506,0.0,2.0,0.0,420.0,828.0,0.507,0.506,236.0,298.0,0.792,196.0,367.0,563.0,97.0,36.0,58.0,217.0,287.0,1076.0,OOR
Lucious Harris,SG,29.0,77.0,1510.0,198.0,463.0,0.428,38.0,115.0,0.33,160.0,348.0,0.46,0.469,79.0,99.0,0.798,53.0,134.0,187.0,100.0,65.0,6.0,42.0,98.0,513.0,OOR
Antonio Harvey,PF,29.0,19.0,137.0,17.0,30.0,0.567,0.0,0.0,0.0,17.0,30.0,0.567,0.567,7.0,12.0,0.583,8.0,25.0,33.0,5.0,1.0,6.0,12.0,20.0,41.0,OOR
Hersey Hawkins,SG,33.0,61.0,1622.0,159.0,375.0,0.424,55.0,141.0,0.39,104.0,234.0,0.444,0.497,107.0,119.0,0.899,31.0,144.0,175.0,134.0,74.0,15.0,100.0,146.0,480.0,OOR
Michael Hawkins,PG,27.0,12.0,36.0,3.0,13.0,0.231,1.0,5.0,0.2,2.0,8.0,0.25,0.269,1.0,2.0,0.5,0.0,7.0,7.0,13.0,0.0,0.0,3.0,2.0,8.0,OOR
Alan Henderson,PF,27.0,82.0,2775.0,429.0,930.0,0.461,1.0,10.0,0.1,428.0,920.0,0.465,0.462,224.0,334.0,0.671,265.0,306.0,571.0,77.0,81.0,54.0,139.0,233.0,1083.0,OOR
Cedric Henderson,SF,24.0,61.0,1107.0,129.0,326.0,0.396,1.0,15.0,0.067,128.0,311.0,0.412,0.397,69.0,104.0,0.663,34.0,106.0,140.0,55.0,39.0,17.0,68.0,99.0,328.0,OOR
Mark Hendrickson,PF,25.0,15.0,71.0,5.0,8.0,0.625,0.0,0.0,0.0,5.0,8.0,0.625,0.625,3.0,4.0,0.75,3.0,10.0,13.0,6.0,2.0,1.0,3.0,8.0,13.0,OOR
Chris Herren,PG,24.0,45.0,597.0,45.0,124.0,0.363,24.0,67.0,0.358,21.0,57.0,0.368,0.46,27.0,40.0,0.675,12.0,40.0,52.0,111.0,15.0,2.0,42.0,74.0,141.0,OOR
Grant Hill,SF,27.0,74.0,2776.0,696.0,1422.0,0.489,34.0,98.0,0.347,662.0,1324.0,0.5,0.501,480.0,604.0,0.795,97.0,393.0,490.0,385.0,103.0,43.0,240.0,190.0,1906.0,OOR
Tyrone Hill,PF,31.0,68.0,2155.0,318.0,656.0,0.485,0.0,1.0,0.0,318.0,655.0,0.485,0.485,179.0,259.0,0.691,220.0,405.0,625.0,52.0,64.0,27.0,124.0,243.0,815.0,OOR
Fred Hoiberg,SG,27.0,31.0,845.0,89.0,230.0,0.387,32.0,94.0,0.34,57.0,136.0,0.419,0.457,69.0,76.0,0.908,7.0,103.0,110.0,85.0,40.0,2.0,43.0,66.0,279.0,OOR
Derek Hood,PF,23.0,2.0,4.0,0.0,3.0,0.0,0.0,0.0,0.0,0.0,3.0,0.0,0.0,0.0,0.0,0.0,0.0,1.0,1.0,0.0,0.0,0.0,0.0,0.0,0.0,OOR
Jeff Hornacek,SG,36.0,77.0,2133.0,358.0,728.0,0.492,66.0,138.0,0.478,292.0,590.0,0.495,0.537,171.0,180.0,0.95,49.0,133.0,182.0,202.0,66.0,16.0,113.0,149.0,953.0,OOR
Robert Horry,PF,29.0,76.0,1685.0,159.0,363.0,0.438,29.0,94.0,0.309,130.0,269.0,0.483,0.478,89.0,113.0,0.788,133.0,228.0,361.0,118.0,84.0,80.0,73.0,189.0,436.0,OOR
Allan Houston,SG,28.0,82.0,3169.0,614.0,1271.0,0.483,106.0,243.0,0.436,508.0,1028.0,0.494,0.525,280.0,334.0,0.838,38.0,233.0,271.0,224.0,65.0,14.0,186.0,219.0,1614.0,OOR
Juwan Howard,PF,26.0,82.0,2909.0,509.0,1108.0,0.459,0.0,7.0,0.0,509.0,1101.0,0.462,0.459,202.0,275.0,0.735,132.0,338.0,470.0,247.0,67.0,21.0,225.0,299.0,1220.0,OOR
Troy Hudson,PG,23.0,62.0,1592.0,204.0,541.0,0.377,60.0,193.0,0.311,144.0,348.0,0.414,0.433,77.0,95.0,0.811,28.0,120.0,148.0,242.0,43.0,0.0,108.0,65.0,545.0,OOR
Larry Hughes,SG,21.0,82.0,2324.0,459.0,1147.0,0.4,29.0,125.0,0.232,430.0,1022.0,0.421,0.413,279.0,377.0,0.74,113.0,236.0,349.0,205.0,115.0,28.0,195.0,191.0,1226.0,OOR
Rick Hughes,PF,26.0,21.0,224.0,35.0,72.0,0.486,0.0,1.0,0.0,35.0,71.0,0.493,0.486,12.0,26.0,0.462,24.0,25.0,49.0,9.0,3.0,1.0,14.0,30.0,82.0,OOR
Lindsey Hunter,PG,29.0,82.0,2919.0,379.0,892.0,0.425,168.0,389.0,0.432,211.0,503.0,0.419,0.519,117.0,154.0,0.76,35.0,215.0,250.0,327.0,129.0,22.0,145.0,216.0,1043.0,OOR
Allen Iverson,SG,24.0,70.0,2853.0,729.0,1733.0,0.421,89.0,261.0,0.341,640.0,1472.0,0.435,0.446,442.0,620.0,0.713,71.0,196.0,267.0,328.0,144.0,5.0,230.0,162.0,1989.0,OOR
Bobby Jackson,PG,26.0,73.0,1034.0,140.0,346.0,0.405,13.0,46.0,0.283,127.0,300.0,0.423,0.423,76.0,98.0,0.776,50.0,103.0,153.0,172.0,48.0,7.0,58.0,114.0,369.0,OOR
Jaren Jackson,SG,32.0,81.0,1691.0,186.0,488.0,0.381,108.0,306.0,0.353,78.0,182.0,0.429,0.492,33.0,51.0,0.647,34.0,147.0,181.0,118.0,54.0,7.0,66.0,157.0,513.0,OOR
Jermaine Jackson,SG,23.0,7.0,73.0,1.0,11.0,0.091,0.0,1.0,0.0,1.0,10.0,0.1,0.091,5.0,8.0,0.625,1.0,10.0,11.0,4.0,3.0,0.0,7.0,7.0,7.0,OOR
Jim Jackson,SF,29.0,79.0,2767.0,507.0,1235.0,0.411,117.0,303.0,0.386,390.0,932.0,0.418,0.458,186.0,212.0,0.877,101.0,293.0,394.0,230.0,57.0,10.0,185.0,167.0,1317.0,OOR
Mark Jackson,PG,34.0,81.0,2190.0,246.0,570.0,0.432,89.0,221.0,0.403,157.0,349.0,0.45,0.51,79.0,98.0,0.806,63.0,233.0,296.0,650.0,76.0,10.0,174.0,111.0,660.0,OOR
Randell Jackson,PF,24.0,1.0,1.0,0.0,0.0,0.0,0.0,0.0,0.0,0.0,0.0,0.0,0.0,0.0,0.0,0.0,0.0,0.0,0.0,0.0,0.0,0.0,0.0,0.0,0.0,OOR
Sam Jacobson,PG,24.0,52.0,681.0,108.0,212.0,0.509,9.0,24.0,0.375,99.0,188.0,0.527,0.531,30.0,41.0,0.732,25.0,46.0,71.0,32.0,30.0,3.0,33.0,113.0,255.0,OOR
Tim James,SF,23.0,4.0,23.0,5.0,14.0,0.357,0.0,0.0,0.0,5.0,14.0,0.357,0.357,1.0,3.0,0.333,3.0,1.0,4.0,2.0,0.0,3.0,2.0,1.0,11.0,OOR
Antawn Jamison,SF,23.0,43.0,1556.0,356.0,756.0,0.471,2.0,7.0,0.286,354.0,749.0,0.473,0.472,127.0,208.0,0.611,172.0,187.0,359.0,90.0,30.0,15.0,113.0,115.0,841.0,OOR
Harold Jamison,PF,23.0,12.0,74.0,7.0,20.0,0.35,0.0,0.0,0.0,7.0,20.0,0.35,0.35,4.0,18.0,0.222,16.0,5.0,21.0,4.0,2.0,1.0,4.0,17.0,18.0,OOR
Anthony Johnson,PG,25.0,56.0,637.0,62.0,164.0,0.378,2.0,11.0,0.182,60.0,153.0,0.392,0.384,28.0,39.0,0.718,21.0,30.0,51.0,72.0,33.0,4.0,32.0,58.0,154.0,OOR
Avery Johnson,PG,34.0,82.0,2571.0,402.0,850.0,0.473,1.0,9.0,0.111,401.0,841.0,0.477,0.474,114.0,155.0,0.735,33.0,125.0,158.0,491.0,76.0,18.0,140.0,150.0,919.0,OOR
DeMarco Johnson,PF,24.0,5.0,37.0,3.0,9.0,0.333,0.0,0.0,0.0,3.0,9.0,0.333,0.333,0.0,0.0,0.0,3.0,4.0,7.0,0.0,1.0,0.0,3.0,5.0,6.0,OOR
Ervin Johnson,C,32.0,80.0,2129.0,144.0,279.0,0.516,0.0,1.0,0.0,144.0,278.0,0.518,0.516,95.0,157.0,0.605,233.0,415.0,648.0,44.0,81.0,127.0,80.0,298.0,383.0,OOR
Kevin Johnson,PG,33.0,6.0,113.0,16.0,28.0,0.571,1.0,1.0,1.0,15.0,27.0,0.556,0.589,7.0,7.0,1.0,0.0,16.0,16.0,24.0,2.0,0.0,7.0,6.0,40.0,OOR
Larry Johnson,PF,30.0,70.0,2281.0,282.0,652.0,0.433,58.0,174.0,0.333,224.0,478.0,0.469,0.477,128.0,167.0,0.766,87.0,293.0,380.0,175.0,42.0,7.0,94.0,205.0,750.0,OOR
Charles Jones,PG,24.0,56.0,662.0,66.0,201.0,0.328,39.0,118.0,0.331,27.0,83.0,0.325,0.425,17.0,23.0,0.739,17.0,45.0,62.0,94.0,30.0,5.0,28.0,46.0,188.0,OOR
Damon Jones,PG,23.0,55.0,612.0,80.0,208.0,0.385,41.0,114.0,0.36,39.0,94.0,0.415,0.483,32.0,48.0,0.667,12.0,43.0,55.0,96.0,18.0,1.0,40.0,34.0,233.0,OOR
Eddie Jones,SG,28.0,72.0,2807.0,478.0,1119.0,0.427,128.0,341.0,0.375,350.0,778.0,0.45,0.484,362.0,419.0,0.864,81.0,262.0,343.0,305.0,192.0,49.0,160.0,176.0,1446.0,OOR
Jumaine Jones,SF,20.0,33.0,138.0,22.0,58.0,0.379,2.0,4.0,0.5,20.0,54.0,0.37,0.397,11.0,18.0,0.611,16.0,22.0,38.0,5.0,6.0,5.0,14.0,10.0,57.0,OOR
Popeye Jones,PF,29.0,40.0,330.0,44.0,104.0,0.423,2.0,3.0,0.667,42.0,101.0,0.416,0.433,14.0,19.0,0.737,41.0,62.0,103.0,19.0,3.0,6.0,13.0,50.0,104.0,OOR
Reggie Jordan,PG,32.0,36.0,243.0,17.0,53.0,0.321,0.0,1.0,0.0,17.0,52.0,0.327,0.321,7.0,13.0,0.538,16.0,25.0,41.0,32.0,12.0,2.0,19.0,29.0,41.0,OOR
Adam Keefe,C,29.0,62.0,604.0,53.0,130.0,0.408,0.0,1.0,0.0,53.0,129.0,0.411,0.408,29.0,36.0,0.806,45.0,91.0,136.0,34.0,17.0,13.0,46.0,90.0,135.0,OOR
Shawn Kemp,C,30.0,82.0,2492.0,484.0,1160.0,0.417,2.0,6.0,0.333,482.0,1154.0,0.418,0.418,493.0,635.0,0.776,231.0,494.0,725.0,138.0,100.0,96.0,291.0,371.0,1463.0,OOR
Steve Kerr,PG,34.0,32.0,268.0,32.0,74.0,0.432,16.0,31.0,0.516,16.0,43.0,0.372,0.541,9.0,11.0,0.818,3.0,16.0,19.0,12.0,4.0,0.0,7.0,14.0,89.0,OOR
Jerome Kersey,SF,37.0,72.0,1310.0,146.0,354.0,0.412,0.0,9.0,0.0,146.0,345.0,0.423,0.412,29.0,41.0,0.707,58.0,167.0,225.0,69.0,67.0,47.0,51.0,161.0,321.0,OOR
Lari Ketner,PF,22.0,22.0,132.0,13.0,32.0,0.406,0.0,0.0,0.0,13.0,32.0,0.406,0.406,8.0,12.0,0.667,12.0,22.0,34.0,1.0,4.0,3.0,10.0,20.0,34.0,OOR
Jason Kidd,PG,26.0,67.0,2616.0,350.0,855.0,0.409,56.0,166.0,0.337,294.0,689.0,0.427,0.442,203.0,245.0,0.829,96.0,387.0,483.0,678.0,134.0,28.0,226.0,148.0,959.0,OOR
Gerard King,SF,27.0,62.0,1060.0,139.0,277.0,0.502,0.0,0.0,0.0,139.0,277.0,0.502,0.502,49.0,66.0,0.742,84.0,166.0,250.0,49.0,34.0,15.0,41.0,132.0,327.0,OOR
Kerry Kittles,SG,25.0,62.0,1896.0,305.0,698.0,0.437,96.0,240.0,0.4,209.0,458.0,0.456,0.506,101.0,127.0,0.795,46.0,179.0,225.0,142.0,79.0,19.0,56.0,120.0,807.0,OOR
Joe Kleine,C,38.0,7.0,31.0,4.0,11.0,0.364,0.0,0.0,0.0,4.0,11.0,0.364,0.364,3.0,3.0,1.0,0.0,6.0,6.0,2.0,1.0,0.0,2.0,7.0,11.0,OOR
Brevin Knight,PG,24.0,65.0,1754.0,230.0,558.0,0.412,2.0,10.0,0.2,228.0,548.0,0.416,0.414,140.0,184.0,0.761,38.0,155.0,193.0,458.0,107.0,21.0,157.0,185.0,602.0,OOR
Travis Knight,C,25.0,63.0,410.0,46.0,118.0,0.39,0.0,0.0,0.0,46.0,118.0,0.39,0.39,17.0,28.0,0.607,46.0,83.0,129.0,23.0,6.0,23.0,26.0,88.0,109.0,OOR
Toni Kukoč,SF,31.0,56.0,1784.0,297.0,728.0,0.408,44.0,168.0,0.262,253.0,560.0,0.452,0.438,192.0,265.0,0.725,75.0,198.0,273.0,265.0,77.0,28.0,146.0,112.0,830.0,OOR
Christian Laettner,C,30.0,82.0,2443.0,379.0,801.0,0.473,7.0,24.0,0.292,372.0,777.0,0.479,0.478,237.0,292.0,0.812,175.0,378.0,553.0,186.0,83.0,45.0,186.0,326.0,1002.0,OOR
Raef LaFrentz,C,23.0,81.0,2435.0,392.0,879.0,0.446,60.0,183.0,0.328,332.0,696.0,0.477,0.48,162.0,236.0,0.686,170.0,471.0,641.0,97.0,42.0,180.0,96.0,292.0,1006.0,OOR
Andrew Lang,C,33.0,19.0,244.0,28.0,64.0,0.438,0.0,0.0,0.0,28.0,64.0,0.438,0.438,3.0,7.0,0.429,16.0,44.0,60.0,3.0,8.0,6.0,5.0,31.0,59.0,OOR
Antonio Lang,SF,27.0,10.0,38.0,1.0,6.0,0.167,0.0,0.0,0.0,1.0,6.0,0.167,0.167,4.0,5.0,0.8,0.0,5.0,5.0,2.0,4.0,1.0,2.0,8.0,6.0,OOR
Trajan Langdon,SG,23.0,10.0,145.0,15.0,40.0,0.375,8.0,19.0,0.421,7.0,21.0,0.333,0.475,11.0,11.0,1.0,4.0,11.0,15.0,11.0,5.0,0.0,6.0,16.0,49.0,OOR
Rusty LaRue,PG,26.0,4.0,129.0,15.0,43.0,0.349,2.0,14.0,0.143,13.0,29.0,0.448,0.372,5.0,7.0,0.714,1.0,9.0,10.0,11.0,7.0,0.0,7.0,9.0,37.0,OOR
Tim Legler,SG,33.0,23.0,284.0,28.0,78.0,0.359,7.0,21.0,0.333,21.0,57.0,0.368,0.404,14.0,18.0,0.778,4.0,19.0,23.0,24.0,4.0,1.0,6.0,33.0,77.0,OOR
Voshon Lenard,SG,26.0,53.0,1434.0,228.0,560.0,0.407,89.0,228.0,0.39,139.0,332.0,0.419,0.487,84.0,106.0,0.792,37.0,116.0,153.0,136.0,41.0,15.0,80.0,127.0,629.0,OOR
Quincy Lewis,SG,22.0,74.0,896.0,111.0,298.0,0.372,23.0,63.0,0.365,88.0,235.0,0.374,0.411,38.0,52.0,0.731,46.0,67.0,113.0,40.0,24.0,15.0,46.0,158.0,283.0,OOR
Rashard Lewis,SF,20.0,82.0,1575.0,275.0,566.0,0.486,40.0,120.0,0.333,235.0,446.0,0.527,0.521,84.0,123.0,0.683,127.0,209.0,336.0,70.0,62.0,36.0,78.0,163.0,674.0,OOR
Randy Livingston,PG,24.0,79.0,1081.0,155.0,373.0,0.416,19.0,55.0,0.345,136.0,318.0,0.428,0.441,52.0,62.0,0.839,25.0,105.0,130.0,170.0,49.0,13.0,92.0,129.0,381.0,OOR
Grant Long,PF,33.0,42.0,920.0,74.0,167.0,0.443,0.0,4.0,0.0,74.0,163.0,0.454,0.443,55.0,71.0,0.775,86.0,148.0,234.0,43.0,45.0,10.0,49.0,108.0,203.0,OOR
Luc Longley,C,31.0,72.0,1417.0,186.0,399.0,0.466,0.0,0.0,0.0,186.0,399.0,0.466,0.466,80.0,97.0,0.825,100.0,223.0,323.0,77.0,22.0,42.0,136.0,221.0,452.0,OOR
Felipe López,SG,25.0,65.0,781.0,111.0,261.0,0.425,3.0,18.0,0.167,108.0,243.0,0.444,0.431,67.0,109.0,0.615,59.0,65.0,124.0,44.0,32.0,17.0,53.0,94.0,292.0,OOR
Tyronn Lue,PG,22.0,8.0,146.0,19.0,39.0,0.487,4.0,8.0,0.5,15.0,31.0,0.484,0.538,6.0,8.0,0.75,2.0,10.0,12.0,17.0,3.0,0.0,9.0,17.0,48.0,OOR
George Lynch,SF,29.0,75.0,2416.0,297.0,644.0,0.461,15.0,36.0,0.417,282.0,608.0,0.464,0.473,113.0,183.0,0.617,216.0,366.0,582.0,136.0,119.0,38.0,120.0,231.0,722.0,OOR
Todd MacCulloch,C,24.0,56.0,528.0,89.0,161.0,0.553,0.0,0.0,0.0,89.0,161.0,0.553,0.553,28.0,54.0,0.519,48.0,98.0,146.0,13.0,11.0,37.0,26.0,94.0,206.0,OOR
Sam Mack,SF,29.0,23.0,333.0,37.0,122.0,0.303,21.0,64.0,0.328,16.0,58.0,0.276,0.389,19.0,20.0,0.95,7.0,32.0,39.0,24.0,18.0,1.0,19.0,45.0,114.0,OOR
Don MacLean,PF,30.0,16.0,143.0,18.0,49.0,0.367,2.0,6.0,0.333,16.0,43.0,0.372,0.388,4.0,6.0,0.667,6.0,17.0,23.0,8.0,2.0,1.0,8.0,24.0,42.0,OOR
Corey Maggette,SF,20.0,77.0,1370.0,224.0,469.0,0.478,2.0,11.0,0.182,222.0,458.0,0.485,0.48,196.0,261.0,0.751,123.0,180.0,303.0,61.0,24.0,26.0,138.0,169.0,646.0,OOR
Dan Majerle,SG,34.0,69.0,2308.0,170.0,422.0,0.403,110.0,304.0,0.362,60.0,118.0,0.508,0.533,56.0,69.0,0.812,27.0,306.0,333.0,206.0,89.0,17.0,62.0,156.0,506.0,OOR
Karl Malone,PF,36.0,82.0,2947.0,752.0,1476.0,0.509,2.0,8.0,0.25,750.0,1468.0,0.511,0.51,589.0,739.0,0.797,169.0,610.0,779.0,304.0,79.0,71.0,231.0,229.0,2095.0,Candidate
Matt Maloney,PG,28.0,51.0,1175.0,114.0,318.0,0.358,62.0,174.0,0.356,52.0,144.0,0.361,0.456,37.0,45.0,0.822,10.0,54.0,64.0,138.0,32.0,3.0,63.0,42.0,327.0,OOR
Danny Manning,PF,33.0,72.0,1217.0,149.0,339.0,0.44,1.0,4.0,0.25,148.0,335.0,0.442,0.441,34.0,52.0,0.654,50.0,158.0,208.0,73.0,62.0,29.0,55.0,183.0,333.0,OOR
Stephon Marbury,PG,22.0,74.0,2881.0,569.0,1317.0,0.432,66.0,233.0,0.283,503.0,1084.0,0.464,0.457,436.0,536.0,0.813,61.0,179.0,240.0,622.0,112.0,15.0,270.0,195.0,1640.0,OOR
Shawn Marion,SF,21.0,51.0,1260.0,222.0,471.0,0.471,4.0,22.0,0.182,218.0,449.0,0.486,0.476,72.0,85.0,0.847,105.0,227.0,332.0,69.0,38.0,53.0,51.0,113.0,520.0,OOR
Sean Marks,PF,24.0,5.0,12.0,2.0,6.0,0.333,0.0,1.0,0.0,2.0,5.0,0.4,0.333,4.0,4.0,1.0,0.0,2.0,2.0,0.0,1.0,1.0,3.0,3.0,8.0,OOR
Donny Marshall,SF,27.0,6.0,39.0,3.0,11.0,0.273,0.0,3.0,0.0,3.0,8.0,0.375,0.273,5.0,6.0,0.833,0.0,1.0,1.0,0.0,2.0,0.0,3.0,7.0,11.0,OOR
Donyell Marshall,PF,26.0,64.0,2071.0,331.0,840.0,0.394,49.0,138.0,0.355,282.0,702.0,0.402,0.423,199.0,255.0,0.78,189.0,448.0,637.0,167.0,68.0,68.0,123.0,180.0,910.0,OOR
Darrick Martin,PG,28.0,71.0,893.0,133.0,350.0,0.38,38.0,124.0,0.306,95.0,226.0,0.42,0.434,98.0,119.0,0.824,7.0,37.0,44.0,122.0,28.0,2.0,62.0,89.0,402.0,OOR
Jamal Mashburn,SF,27.0,76.0,2828.0,515.0,1158.0,0.445,112.0,278.0,0.403,403.0,880.0,0.458,0.493,186.0,239.0,0.778,64.0,317.0,381.0,298.0,79.0,14.0,180.0,215.0,1328.0,OOR
Anthony Mason,SF,33.0,82.0,3133.0,317.0,661.0,0.48,0.0,1.0,0.0,317.0,660.0,0.48,0.48,314.0,421.0,0.746,145.0,554.0,699.0,367.0,74.0,29.0,160.0,220.0,948.0,OOR
Tony Massenburg,PF,32.0,10.0,109.0,16.0,36.0,0.444,0.0,0.0,0.0,16.0,36.0,0.444,0.444,14.0,16.0,0.875,7.0,20.0,27.0,3.0,2.0,5.0,9.0,13.0,46.0,OOR
Vernon Maxwell,SG,34.0,47.0,989.0,169.0,490.0,0.345,67.0,223.0,0.3,102.0,267.0,0.382,0.413,108.0,148.0,0.73,15.0,64.0,79.0,75.0,38.0,9.0,53.0,83.0,513.0,OOR
Walter McCarty,PF,25.0,61.0,879.0,78.0,230.0,0.339,34.0,110.0,0.309,44.0,120.0,0.367,0.413,39.0,54.0,0.722,33.0,77.0,110.0,70.0,24.0,23.0,67.0,83.0,229.0,OOR
George McCloud,SF,32.0,78.0,2118.0,266.0,638.0,0.417,107.0,283.0,0.378,159.0,355.0,0.448,0.501,148.0,181.0,0.818,72.0,213.0,285.0,246.0,48.0,26.0,134.0,180.0,787.0,OOR
Jelani McCoy,C,22.0,58.0,746.0,102.0,177.0,0.576,0.0,0.0,0.0,102.0,177.0,0.576,0.576,45.0,91.0,0.495,54.0,125.0,179.0,24.0,15.0,46.0,45.0,127.0,249.0,OOR
Antonio McDyess,PF,25.0,81.0,2698.0,614.0,1211.0,0.507,0.0,2.0,0.0,614.0,1209.0,0.508,0.507,323.0,516.0,0.626,234.0,451.0,685.0,159.0,69.0,139.0,230.0,316.0,1551.0,OOR
Tracy McGrady,SF,20.0,79.0,2462.0,459.0,1018.0,0.451,18.0,65.0,0.277,441.0,953.0,0.463,0.46,277.0,392.0,0.707,188.0,313.0,501.0,263.0,90.0,151.0,160.0,201.0,1213.0,OOR
Jim McIlvaine,C,27.0,66.0,1048.0,64.0,154.0,0.416,0.0,0.0,0.0,64.0,154.0,0.416,0.416,29.0,56.0,0.518,106.0,124.0,230.0,36.0,26.0,117.0,38.0,205.0,157.0,OOR
Jeff McInnis,PG,25.0,25.0,597.0,80.0,186.0,0.43,7.0,21.0,0.333,73.0,165.0,0.442,0.449,13.0,17.0,0.765,18.0,54.0,72.0,89.0,15.0,2.0,27.0,55.0,180.0,OOR
Derrick McKey,SF,33.0,32.0,634.0,43.0,108.0,0.398,10.0,23.0,0.435,33.0,85.0,0.388,0.444,43.0,56.0,0.768,29.0,106.0,135.0,35.0,29.0,13.0,19.0,81.0,139.0,OOR
Aaron McKie,SG,27.0,82.0,1952.0,244.0,593.0,0.411,44.0,121.0,0.364,200.0,472.0,0.424,0.449,121.0,146.0,0.829,47.0,199.0,246.0,240.0,108.0,18.0,113.0,194.0,653.0,OOR
Roshown McLeod,SF,24.0,44.0,860.0,131.0,332.0,0.395,2.0,13.0,0.154,129.0,319.0,0.404,0.398,54.0,70.0,0.771,41.0,97.0,138.0,52.0,16.0,5.0,59.0,84.0,318.0,OOR
Ron Mercer,SG,23.0,68.0,2377.0,460.0,1080.0,0.426,15.0,48.0,0.313,445.0,1032.0,0.431,0.433,213.0,270.0,0.789,64.0,186.0,250.0,158.0,75.0,23.0,151.0,151.0,1148.0,OOR
Andre Miller,PG,23.0,82.0,2093.0,339.0,755.0,0.449,10.0,49.0,0.204,329.0,706.0,0.466,0.456,226.0,292.0,0.774,85.0,195.0,280.0,476.0,84.0,17.0,166.0,194.0,914.0,OOR
Anthony Miller,PF,28.0,35.0,476.0,52.0,97.0,0.536,0.0,0.0,0.0,52.0,97.0,0.536,0.536,26.0,51.0,0.51,49.0,115.0,164.0,16.0,11.0,10.0,19.0,68.0,130.0,OOR
Brad Miller,C,23.0,55.0,961.0,135.0,293.0,0.461,0.0,2.0,0.0,135.0,291.0,0.464,0.461,153.0,195.0,0.785,113.0,180.0,293.0,45.0,23.0,35.0,48.0,111.0,423.0,OOR
Oliver Miller,C,29.0,51.0,1088.0,137.0,233.0,0.588,0.0,0.0,0.0,137.0,233.0,0.588,0.588,49.0,73.0,0.671,87.0,174.0,261.0,68.0,42.0,80.0,74.0,132.0,323.0,OOR
Reggie Miller,SG,34.0,81.0,2987.0,466.0,1041.0,0.448,165.0,404.0,0.408,301.0,637.0,0.473,0.527,373.0,406.0,0.919,50.0,189.0,239.0,187.0,85.0,25.0,129.0,126.0,1470.0,OOR
Chris Mills,SF,30.0,20.0,649.0,123.0,292.0,0.421,8.0,30.0,0.267,115.0,262.0,0.439,0.435,68.0,84.0,0.81,46.0,77.0,123.0,47.0,18.0,4.0,25.0,60.0,322.0,OOR
Terry Mills,PF,32.0,82.0,1842.0,214.0,488.0,0.439,95.0,242.0,0.393,119.0,246.0,0.484,0.536,25.0,34.0,0.735,50.0,340.0,390.0,85.0,38.0,24.0,46.0,242.0,548.0,OOR
Jason Miskiri,PG,24.0,1.0,3.0,0.0,1.0,0.0,0.0,1.0,0.0,0.0,0.0,0.0,0.0,0.0,0.0,0.0,0.0,0.0,0.0,1.0,0.0,0.0,0.0,2.0,0.0,OOR
Sam Mitchell,SF,36.0,66.0,1227.0,168.0,376.0,0.447,10.0,23.0,0.435,158.0,353.0,0.448,0.46,81.0,92.0,0.88,28.0,110.0,138.0,111.0,27.0,14.0,44.0,116.0,427.0,OOR
Cuttino Mobley,SG,24.0,81.0,2496.0,437.0,1016.0,0.43,104.0,292.0,0.356,333.0,724.0,0.46,0.481,299.0,353.0,0.847,59.0,229.0,288.0,208.0,87.0,32.0,186.0,171.0,1277.0,OOR
Nazr Mohammed,C,22.0,28.0,190.0,21.0,54.0,0.389,0.0,0.0,0.0,21.0,54.0,0.389,0.389,12.0,22.0,0.545,16.0,34.0,50.0,2.0,4.0,12.0,18.0,29.0,54.0,OOR
Eric Montross,C,28.0,51.0,332.0,17.0,55.0,0.309,0.0,0.0,0.0,17.0,55.0,0.309,0.309,6.0,12.0,0.5,18.0,54.0,72.0,7.0,6.0,9.0,22.0,81.0,40.0,OOR
Mikki Moore,C,24.0,29.0,488.0,87.0,140.0,0.621,0.0,0.0,0.0,87.0,140.0,0.621,0.621,54.0,68.0,0.794,44.0,68.0,112.0,17.0,9.0,31.0,23.0,104.0,228.0,OOR
Alonzo Mourning,C,29.0,79.0,2748.0,652.0,1184.0,0.551,0.0,4.0,0.0,652.0,1180.0,0.553,0.551,414.0,582.0,0.711,215.0,538.0,753.0,123.0,40.0,294.0,217.0,308.0,1718.0,Candidate
Chris Mullin,SG,36.0,47.0,582.0,80.0,187.0,0.428,45.0,110.0,0.409,35.0,77.0,0.455,0.548,37.0,41.0,0.902,14.0,62.0,76.0,37.0,28.0,9.0,28.0,60.0,242.0,OOR
Eric Murdock,PG,31.0,40.0,693.0,79.0,205.0,0.385,16.0,42.0,0.381,63.0,163.0,0.387,0.424,51.0,80.0,0.638,15.0,62.0,77.0,108.0,47.0,5.0,58.0,67.0,225.0,OOR
Gheorghe Mureșan,C,28.0,30.0,267.0,41.0,90.0,0.456,0.0,0.0,0.0,41.0,90.0,0.456,0.456,23.0,38.0,0.605,24.0,44.0,68.0,9.0,0.0,12.0,16.0,52.0,105.0,OOR
Lamond Murray,SF,26.0,74.0,2365.0,460.0,1019.0,0.451,51.0,139.0,0.367,409.0,880.0,0.465,0.476,204.0,268.0,0.761,127.0,296.0,423.0,132.0,105.0,36.0,184.0,208.0,1175.0,OOR
Tracy Murray,SF,28.0,80.0,1831.0,290.0,670.0,0.433,113.0,263.0,0.43,177.0,407.0,0.435,0.517,120.0,141.0,0.851,63.0,208.0,271.0,72.0,45.0,24.0,84.0,185.0,813.0,OOR
Dikembe Mutombo,C,33.0,82.0,2984.0,322.0,573.0,0.562,0.0,0.0,0.0,322.0,573.0,0.562,0.562,298.0,421.0,0.708,304.0,853.0,1157.0,105.0,27.0,269.0,174.0,248.0,942.0,OOR
Steve Nash,PG,25.0,56.0,1532.0,173.0,363.0,0.477,60.0,149.0,0.403,113.0,214.0,0.528,0.559,75.0,85.0,0.882,34.0,87.0,121.0,272.0,37.0,3.0,102.0,122.0,481.0,OOR
Tyrone Nesby,SG,24.0,73.0,2317.0,364.0,915.0,0.398,94.0,281.0,0.335,270.0,634.0,0.426,0.449,151.0,191.0,0.791,82.0,193.0,275.0,121.0,75.0,31.0,102.0,205.0,973.0,OOR
Rasho Nesterović,C,23.0,82.0,1723.0,206.0,433.0,0.476,0.0,2.0,0.0,206.0,431.0,0.478,0.476,59.0,103.0,0.573,135.0,244.0,379.0,93.0,21.0,85.0,71.0,262.0,471.0,OOR
Johnny Newman,SF,36.0,82.0,1763.0,278.0,623.0,0.446,72.0,190.0,0.379,206.0,433.0,0.476,0.504,192.0,229.0,0.838,39.0,115.0,154.0,65.0,53.0,11.0,89.0,207.0,820.0,OOR
Moochie Norris,PG,26.0,30.0,502.0,69.0,159.0,0.434,12.0,29.0,0.414,57.0,130.0,0.438,0.472,57.0,73.0,0.781,16.0,52.0,68.0,94.0,23.0,1.0,30.0,32.0,207.0,OOR
Dirk Nowitzki,PF,21.0,82.0,2938.0,515.0,1118.0,0.461,116.0,306.0,0.379,399.0,812.0,0.491,0.513,289.0,348.0,0.83,102.0,430.0,532.0,203.0,63.0,68.0,141.0,256.0,1435.0,OOR
Jermaine O'Neal,C,21.0,70.0,859.0,108.0,222.0,0.486,0.0,1.0,0.0,108.0,221.0,0.489,0.486,57.0,98.0,0.582,97.0,132.0,229.0,18.0,11.0,55.0,47.0,127.0,273.0,OOR
Shaquille O'Neal,C,27.0,79.0,3163.0,956.0,1665.0,0.574,0.0,1.0,0.0,956.0,1664.0,0.575,0.574,432.0,824.0,0.524,336.0,742.0,1078.0,299.0,36.0,239.0,223.0,255.0,2344.0,MVP
Charles Oakley,PF,36.0,80.0,2431.0,234.0,560.0,0.418,14.0,41.0,0.341,220.0,519.0,0.424,0.43,66.0,85.0,0.776,117.0,423.0,540.0,253.0,102.0,45.0,154.0,294.0,548.0,OOR
Lamar Odom,SF,20.0,76.0,2767.0,449.0,1024.0,0.438,59.0,164.0,0.36,390.0,860.0,0.453,0.467,302.0,420.0,0.719,159.0,436.0,595.0,317.0,91.0,95.0,258.0,291.0,1259.0,OOR
Hakeem Olajuwon,C,37.0,44.0,1049.0,193.0,421.0,0.458,0.0,2.0,0.0,193.0,419.0,0.461,0.458,69.0,112.0,0.616,65.0,209.0,274.0,61.0,41.0,70.0,73.0,88.0,455.0,OOR
Kevin Ollie,PG,27.0,40.0,290.0,22.0,49.0,0.449,0.0,0.0,0.0,22.0,49.0,0.449,0.449,28.0,37.0,0.757,4.0,27.0,31.0,46.0,10.0,0.0,10.0,27.0,72.0,OOR
Michael Olowokandi,C,24.0,80.0,2493.0,330.0,756.0,0.437,0.0,0.0,0.0,330.0,756.0,0.437,0.437,123.0,189.0,0.651,194.0,462.0,656.0,38.0,35.0,140.0,177.0,304.0,783.0,OOR
Greg Ostertag,C,26.0,81.0,1606.0,124.0,267.0,0.464,0.0,1.0,0.0,124.0,266.0,0.466,0.464,119.0,187.0,0.636,172.0,310.0,482.0,18.0,20.0,172.0,79.0,196.0,367.0,OOR
Bo Outlaw,PF,28.0,82.0,2326.0,204.0,339.0,0.602,0.0,3.0,0.0,204.0,336.0,0.607,0.602,82.0,162.0,0.506,202.0,323.0,525.0,245.0,113.0,148.0,133.0,203.0,490.0,OOR
Doug Overton,PG,30.0,48.0,432.0,61.0,154.0,0.396,10.0,28.0,0.357,51.0,126.0,0.405,0.429,20.0,21.0,0.952,14.0,19.0,33.0,53.0,10.0,0.0,20.0,46.0,152.0,OOR
Billy Owens,PF-SF,30.0,62.0,1305.0,150.0,358.0,0.419,11.0,34.0,0.324,139.0,324.0,0.429,0.434,63.0,106.0,0.594,99.0,202.0,301.0,97.0,33.0,21.0,85.0,166.0,374.0,OOR
Robert Pack,PG,30.0,29.0,665.0,96.0,230.0,0.417,4.0,11.0,0.364,92.0,219.0,0.42,0.426,63.0,78.0,0.808,7.0,35.0,42.0,168.0,31.0,3.0,76.0,44.0,259.0,OOR
Scott Padgett,PF,23.0,47.0,432.0,44.0,140.0,0.314,13.0,44.0,0.295,31.0,96.0,0.323,0.361,19.0,27.0,0.704,24.0,64.0,88.0,25.0,14.0,8.0,22.0,55.0,120.0,OOR
Milt Palacio,PG,21.0,53.0,394.0,43.0,98.0,0.439,0.0,2.0,0.0,43.0,96.0,0.448,0.439,22.0,37.0,0.595,17.0,34.0,51.0,48.0,20.0,0.0,44.0,32.0,108.0,OOR
Anthony Parker,SG,24.0,16.0,185.0,24.0,57.0,0.421,1.0,14.0,0.071,23.0,43.0,0.535,0.43,8.0,11.0,0.727,5.0,22.0,27.0,10.0,8.0,4.0,11.0,13.0,57.0,OOR
Cherokee Parks,C,27.0,56.0,808.0,72.0,145.0,0.497,0.0,1.0,0.0,72.0,144.0,0.5,0.497,24.0,37.0,0.649,55.0,128.0,183.0,35.0,29.0,45.0,28.0,115.0,168.0,OOR
Andrae Patterson,PF,24.0,5.0,20.0,3.0,4.0,0.75,0.0,0.0,0.0,3.0,4.0,0.75,0.75,0.0,0.0,0.0,1.0,1.0,2.0,1.0,1.0,0.0,1.0,4.0,6.0,OOR
Ruben Patterson,SF,24.0,81.0,2097.0,354.0,661.0,0.536,12.0,27.0,0.444,342.0,634.0,0.539,0.545,222.0,321.0,0.692,218.0,216.0,434.0,126.0,94.0,40.0,144.0,190.0,942.0,OOR
Gary Payton,PG,31.0,82.0,3425.0,747.0,1666.0,0.448,177.0,520.0,0.34,570.0,1146.0,0.497,0.502,311.0,423.0,0.735,100.0,429.0,529.0,732.0,153.0,18.0,224.0,178.0,1982.0,OOR
Anthony Peeler,SG,30.0,82.0,2073.0,316.0,725.0,0.436,85.0,255.0,0.333,231.0,470.0,0.491,0.494,87.0,109.0,0.798,58.0,174.0,232.0,195.0,62.0,10.0,85.0,171.0,804.0,OOR
Will Perdue,C,34.0,67.0,1012.0,59.0,168.0,0.351,0.0,0.0,0.0,59.0,168.0,0.351,0.351,50.0,105.0,0.476,88.0,174.0,262.0,65.0,14.0,42.0,78.0,126.0,168.0,OOR
Sam Perkins,PF,38.0,81.0,1620.0,184.0,441.0,0.417,89.0,218.0,0.408,95.0,223.0,0.426,0.518,80.0,97.0,0.825,64.0,225.0,289.0,68.0,31.0,33.0,63.0,136.0,537.0,OOR
Elliot Perry,PG,30.0,60.0,803.0,128.0,294.0,0.435,11.0,39.0,0.282,117.0,255.0,0.459,0.454,50.0,62.0,0.806,13.0,48.0,61.0,139.0,39.0,1.0,60.0,47.0,317.0,OOR
Chuck Person,SF,35.0,37.0,340.0,37.0,123.0,0.301,24.0,95.0,0.253,13.0,28.0,0.464,0.398,4.0,8.0,0.5,6.0,47.0,53.0,22.0,5.0,2.0,12.0,56.0,102.0,OOR
Wesley Person,SG,28.0,79.0,2056.0,280.0,654.0,0.428,106.0,250.0,0.424,174.0,404.0,0.431,0.509,61.0,77.0,0.792,44.0,223.0,267.0,146.0,40.0,19.0,60.0,119.0,727.0,OOR
Bobby Phills,SG,30.0,28.0,825.0,152.0,335.0,0.454,30.0,91.0,0.33,122.0,244.0,0.5,0.499,47.0,65.0,0.723,17.0,54.0,71.0,79.0,41.0,8.0,48.0,72.0,381.0,OOR
Eric Piatkowski,SF,29.0,75.0,1712.0,238.0,573.0,0.415,93.0,243.0,0.383,145.0,330.0,0.439,0.497,85.0,100.0,0.85,74.0,148.0,222.0,81.0,44.0,13.0,57.0,140.0,654.0,OOR
Paul Pierce,SF,22.0,73.0,2583.0,486.0,1099.0,0.442,96.0,280.0,0.343,390.0,819.0,0.476,0.486,359.0,450.0,0.798,83.0,313.0,396.0,221.0,152.0,62.0,178.0,237.0,1427.0,OOR
Scottie Pippen,SF,34.0,82.0,2749.0,388.0,860.0,0.451,86.0,263.0,0.327,302.0,597.0,0.506,0.501,160.0,223.0,0.717,114.0,399.0,513.0,406.0,117.0,41.0,208.0,208.0,1022.0,OOR
Scot Pollard,C,24.0,76.0,1336.0,149.0,283.0,0.527,0.0,0.0,0.0,149.0,283.0,0.527,0.527,114.0,159.0,0.717,168.0,236.0,404.0,43.0,55.0,59.0,50.0,213.0,412.0,OOR
Olden Polynice,C,35.0,82.0,1819.0,203.0,398.0,0.51,1.0,2.0,0.5,202.0,396.0,0.51,0.511,28.0,90.0,0.311,166.0,287.0,453.0,37.0,30.0,84.0,70.0,260.0,435.0,OOR
Terry Porter,PG,36.0,68.0,1613.0,207.0,463.0,0.447,90.0,207.0,0.435,117.0,256.0,0.457,0.544,137.0,170.0,0.806,24.0,167.0,191.0,221.0,50.0,9.0,100.0,79.0,641.0,OOR
James Posey,SF,23.0,81.0,2052.0,230.0,536.0,0.429,82.0,220.0,0.373,148.0,316.0,0.468,0.506,120.0,150.0,0.8,85.0,232.0,317.0,146.0,98.0,33.0,95.0,207.0,662.0,OOR
Vitaly Potapenko,C,24.0,79.0,1797.0,307.0,615.0,0.499,0.0,1.0,0.0,307.0,614.0,0.5,0.499,109.0,160.0,0.681,182.0,317.0,499.0,77.0,41.0,29.0,145.0,239.0,723.0,OOR
Brent Price,PG,31.0,41.0,424.0,41.0,119.0,0.345,25.0,68.0,0.368,16.0,51.0,0.314,0.45,34.0,39.0,0.872,8.0,29.0,37.0,69.0,17.0,1.0,47.0,63.0,141.0,OOR
Laron Profit,SG,22.0,33.0,225.0,21.0,59.0,0.356,3.0,17.0,0.176,18.0,42.0,0.429,0.381,4.0,10.0,0.4,2.0,24.0,26.0,25.0,7.0,4.0,19.0,26.0,49.0,OOR
Aleksandar Radojević,C,23.0,3.0,24.0,2.0,7.0,0.286,0.0,0.0,0.0,2.0,7.0,0.286,0.286,3.0,6.0,0.5,2.0,6.0,8.0,1.0,2.0,1.0,5.0,5.0,7.0,OOR
Theo Ratliff,PF,26.0,57.0,1795.0,247.0,491.0,0.503,0.0,0.0,0.0,247.0,491.0,0.503,0.503,182.0,236.0,0.771,140.0,295.0,435.0,36.0,32.0,171.0,108.0,185.0,676.0,OOR
Eldridge Recasner,PG,32.0,7.0,28.0,3.0,7.0,0.429,1.0,4.0,0.25,2.0,3.0,0.667,0.5,0.0,0.0,0.0,0.0,4.0,4.0,5.0,0.0,0.0,0.0,1.0,7.0,OOR
Bryant Reeves,C,26.0,69.0,1773.0,252.0,562.0,0.448,0.0,4.0,0.0,252.0,558.0,0.452,0.448,107.0,165.0,0.648,126.0,264.0,390.0,82.0,33.0,38.0,119.0,245.0,611.0,OOR
Khalid Reeves,PG,27.0,3.0,48.0,3.0,12.0,0.25,0.0,3.0,0.0,3.0,9.0,0.333,0.25,5.0,5.0,1.0,2.0,2.0,4.0,13.0,2.0,0.0,6.0,8.0,11.0,OOR
Don Reid,PF,26.0,38.0,498.0,60.0,112.0,0.536,0.0,0.0,0.0,60.0,112.0,0.536,0.536,24.0,34.0,0.706,31.0,71.0,102.0,11.0,24.0,31.0,23.0,118.0,144.0,OOR
J.R. Reid,PF,31.0,34.0,602.0,53.0,127.0,0.417,1.0,7.0,0.143,52.0,120.0,0.433,0.421,43.0,56.0,0.768,29.0,88.0,117.0,18.0,19.0,5.0,20.0,81.0,150.0,OOR
Rodrick Rhodes,SF,26.0,1.0,8.0,0.0,3.0,0.0,0.0,0.0,0.0,0.0,3.0,0.0,0.0,0.0,0.0,0.0,1.0,0.0,1.0,0.0,2.0,0.0,2.0,0.0,0.0,OOR
Glen Rice,SF,32.0,80.0,2530.0,421.0,980.0,0.43,84.0,229.0,0.367,337.0,751.0,0.449,0.472,346.0,396.0,0.874,56.0,271.0,327.0,176.0,47.0,12.0,114.0,179.0,1272.0,OOR
Mitch Richmond,SG,34.0,74.0,2397.0,447.0,1049.0,0.426,93.0,241.0,0.386,354.0,808.0,0.438,0.47,298.0,340.0,0.876,37.0,176.0,213.0,185.0,110.0,13.0,154.0,191.0,1285.0,OOR
Isaiah Rider,SG,28.0,60.0,2084.0,449.0,1072.0,0.419,56.0,180.0,0.311,393.0,892.0,0.441,0.445,204.0,260.0,0.785,63.0,195.0,258.0,219.0,41.0,6.0,168.0,132.0,1158.0,OOR
Stanley Roberts,C,29.0,5.0,51.0,5.0,16.0,0.313,0.0,1.0,0.0,5.0,15.0,0.333,0.313,0.0,3.0,0.0,6.0,9.0,15.0,3.0,1.0,1.0,2.0,15.0,10.0,OOR
Ryan Robertson,SG,23.0,1.0,25.0,2.0,6.0,0.333,0.0,2.0,0.0,2.0,4.0,0.5,0.333,1.0,1.0,1.0,0.0,0.0,0.0,0.0,0.0,0.0,0.0,0.0,5.0,OOR
Clifford Robinson,SF,33.0,80.0,2839.0,530.0,1142.0,0.464,120.0,324.0,0.37,410.0,818.0,0.501,0.517,298.0,381.0,0.782,105.0,254.0,359.0,224.0,90.0,61.0,166.0,239.0,1478.0,OOR
David Robinson,C,34.0,80.0,2557.0,528.0,1031.0,0.512,0.0,2.0,0.0,528.0,1029.0,0.513,0.512,371.0,511.0,0.726,193.0,577.0,770.0,142.0,97.0,183.0,164.0,247.0,1427.0,OOR
Eddie Robinson,SF,23.0,67.0,1112.0,212.0,386.0,0.549,0.0,4.0,0.0,212.0,382.0,0.555,0.549,47.0,64.0,0.734,54.0,130.0,184.0,32.0,48.0,25.0,39.0,67.0,471.0,OOR
Glenn Robinson,SF,27.0,81.0,2909.0,690.0,1461.0,0.472,86.0,237.0,0.363,604.0,1224.0,0.493,0.502,227.0,283.0,0.802,107.0,378.0,485.0,193.0,78.0,41.0,223.0,212.0,1693.0,OOR
Dennis Rodman,PF,38.0,12.0,389.0,12.0,31.0,0.387,0.0,1.0,0.0,12.0,30.0,0.4,0.387,10.0,14.0,0.714,48.0,123.0,171.0,14.0,2.0,1.0,19.0,41.0,34.0,OOR
Carlos Rogers,C,28.0,53.0,1101.0,170.0,324.0,0.525,1.0,14.0,0.071,169.0,310.0,0.545,0.526,81.0,137.0,0.591,98.0,177.0,275.0,42.0,14.0,34.0,63.0,77.0,422.0,OOR
Rodney Rogers,PF,28.0,82.0,2286.0,428.0,881.0,0.486,115.0,262.0,0.439,313.0,619.0,0.506,0.551,159.0,249.0,0.639,138.0,309.0,447.0,170.0,94.0,47.0,163.0,290.0,1130.0,OOR
Roy Rogers,PF,26.0,40.0,355.0,35.0,88.0,0.398,0.0,1.0,0.0,35.0,87.0,0.402,0.398,19.0,41.0,0.463,33.0,47.0,80.0,9.0,2.0,38.0,10.0,36.0,89.0,OOR
Sean Rooks,C,30.0,71.0,1001.0,122.0,283.0,0.431,0.0,0.0,0.0,122.0,283.0,0.431,0.431,65.0,89.0,0.73,82.0,166.0,248.0,68.0,29.0,52.0,70.0,169.0,309.0,OOR
Jalen Rose,SF,27.0,80.0,2978.0,563.0,1196.0,0.471,77.0,196.0,0.393,486.0,1000.0,0.486,0.503,254.0,307.0,0.827,42.0,345.0,387.0,320.0,84.0,49.0,188.0,234.0,1457.0,OOR
Malik Rose,PF,25.0,74.0,1341.0,176.0,385.0,0.457,1.0,3.0,0.333,175.0,382.0,0.458,0.458,143.0,198.0,0.722,133.0,202.0,335.0,47.0,35.0,52.0,99.0,232.0,496.0,OOR
Michael Ruffin,PF,23.0,71.0,975.0,58.0,138.0,0.42,0.0,0.0,0.0,58.0,138.0,0.42,0.42,43.0,88.0,0.489,117.0,133.0,250.0,44.0,26.0,26.0,59.0,170.0,159.0,OOR
Bryon Russell,SF,29.0,82.0,2900.0,408.0,914.0,0.446,106.0,268.0,0.396,302.0,646.0,0.467,0.504,237.0,316.0,0.75,99.0,328.0,427.0,158.0,128.0,23.0,101.0,255.0,1159.0,OOR
Arvydas Sabonis,C,35.0,66.0,1688.0,302.0,598.0,0.505,7.0,19.0,0.368,295.0,579.0,0.509,0.511,167.0,198.0,0.843,97.0,416.0,513.0,118.0,43.0,78.0,97.0,184.0,778.0,OOR
John Salley,C,35.0,45.0,303.0,25.0,69.0,0.362,0.0,0.0,0.0,25.0,69.0,0.362,0.362,21.0,28.0,0.75,20.0,45.0,65.0,26.0,8.0,14.0,18.0,67.0,71.0,OOR
Detlef Schrempf,SF,37.0,77.0,1662.0,187.0,433.0,0.432,21.0,52.0,0.404,166.0,381.0,0.436,0.456,179.0,215.0,0.833,79.0,253.0,332.0,197.0,37.0,17.0,100.0,182.0,574.0,OOR
Dennis Scott,SF,31.0,66.0,1263.0,125.0,333.0,0.375,71.0,189.0,0.376,54.0,144.0,0.375,0.482,48.0,57.0,0.842,16.0,90.0,106.0,69.0,28.0,9.0,30.0,104.0,369.0,OOR
Malik Sealy,SF,29.0,82.0,2392.0,371.0,780.0,0.476,10.0,35.0,0.286,361.0,745.0,0.485,0.482,177.0,218.0,0.812,119.0,233.0,352.0,197.0,76.0,19.0,110.0,197.0,929.0,OOR
Brian Shaw,SG,33.0,74.0,1249.0,123.0,322.0,0.382,18.0,58.0,0.31,105.0,264.0,0.398,0.41,41.0,54.0,0.759,45.0,171.0,216.0,201.0,35.0,14.0,75.0,105.0,305.0,OOR
Dickey Simpkins,PF,27.0,69.0,1651.0,111.0,274.0,0.405,0.0,1.0,0.0,111.0,273.0,0.407,0.405,65.0,120.0,0.542,124.0,248.0,372.0,100.0,22.0,22.0,128.0,217.0,287.0,OOR
Brian Skinner,PF,23.0,33.0,775.0,68.0,134.0,0.507,0.0,0.0,0.0,68.0,134.0,0.507,0.507,43.0,65.0,0.662,63.0,138.0,201.0,11.0,16.0,44.0,37.0,75.0,179.0,OOR
Joe Smith,C,24.0,78.0,1975.0,289.0,623.0,0.464,1.0,1.0,1.0,288.0,622.0,0.463,0.465,195.0,258.0,0.756,186.0,298.0,484.0,88.0,45.0,85.0,119.0,302.0,774.0,OOR
Michael Smith,SF,27.0,46.0,1145.0,108.0,192.0,0.563,0.0,1.0,0.0,108.0,191.0,0.565,0.563,73.0,101.0,0.723,121.0,210.0,331.0,56.0,27.0,23.0,45.0,127.0,289.0,OOR
Steve Smith,SG,30.0,82.0,2689.0,420.0,900.0,0.467,96.0,241.0,0.398,324.0,659.0,0.492,0.52,289.0,340.0,0.85,123.0,190.0,313.0,209.0,71.0,31.0,117.0,214.0,1225.0,OOR
Rik Smits,C,33.0,79.0,1852.0,431.0,890.0,0.484,0.0,1.0,0.0,431.0,889.0,0.485,0.484,156.0,211.0,0.739,94.0,307.0,401.0,85.0,20.0,100.0,108.0,249.0,1018.0,OOR
Eric Snow,PG,26.0,82.0,2866.0,257.0,597.0,0.43,11.0,45.0,0.244,246.0,552.0,0.446,0.44,126.0,177.0,0.712,42.0,219.0,261.0,624.0,140.0,8.0,162.0,243.0,651.0,OOR
Felton Spencer,C,32.0,26.0,149.0,15.0,33.0,0.455,0.0,0.0,0.0,15.0,33.0,0.455,0.455,20.0,30.0,0.667,15.0,24.0,39.0,3.0,6.0,8.0,9.0,32.0,50.0,OOR
Latrell Sprewell,SF,29.0,82.0,3276.0,568.0,1305.0,0.435,44.0,127.0,0.346,524.0,1178.0,0.445,0.452,344.0,397.0,0.866,49.0,300.0,349.0,332.0,109.0,22.0,226.0,184.0,1524.0,OOR
Ryan Stack,PF,24.0,25.0,198.0,17.0,51.0,0.333,0.0,1.0,0.0,17.0,50.0,0.34,0.333,18.0,27.0,0.667,15.0,30.0,45.0,5.0,4.0,11.0,17.0,47.0,52.0,OOR
Jerry Stackhouse,SG,25.0,82.0,3148.0,619.0,1447.0,0.428,83.0,288.0,0.288,536.0,1159.0,0.462,0.456,618.0,758.0,0.815,118.0,197.0,315.0,365.0,103.0,36.0,311.0,188.0,1939.0,OOR
John Starks,SG,34.0,37.0,1190.0,203.0,542.0,0.375,59.0,171.0,0.345,144.0,371.0,0.388,0.429,50.0,59.0,0.847,10.0,91.0,101.0,181.0,42.0,4.0,67.0,102.0,515.0,OOR
Vladimir Stepania,C,23.0,30.0,202.0,29.0,79.0,0.367,0.0,6.0,0.0,29.0,73.0,0.397,0.367,17.0,36.0,0.472,21.0,26.0,47.0,3.0,10.0,11.0,22.0,44.0,75.0,OOR
Joe Stephens,SF,27.0,13.0,181.0,19.0,51.0,0.373,0.0,8.0,0.0,19.0,43.0,0.442,0.373,3.0,4.0,0.75,13.0,23.0,36.0,11.0,7.0,3.0,6.0,9.0,41.0,OOR
Michael Stewart,C,24.0,42.0,389.0,20.0,53.0,0.377,0.0,0.0,0.0,20.0,53.0,0.377,0.377,18.0,32.0,0.563,33.0,61.0,94.0,6.0,5.0,19.0,17.0,81.0,58.0,OOR
Bryant Stith,SG,29.0,45.0,691.0,86.0,189.0,0.455,17.0,56.0,0.304,69.0,133.0,0.519,0.5,64.0,77.0,0.831,23.0,61.0,84.0,61.0,18.0,12.0,33.0,56.0,253.0,OOR
John Stockton,PG,37.0,82.0,2432.0,363.0,725.0,0.501,43.0,121.0,0.355,320.0,604.0,0.53,0.53,221.0,257.0,0.86,45.0,170.0,215.0,703.0,143.0,15.0,179.0,192.0,990.0,OOR
Peja Stojaković,SF,22.0,74.0,1749.0,321.0,717.0,0.448,100.0,267.0,0.375,221.0,450.0,0.491,0.517,135.0,153.0,0.882,74.0,202.0,276.0,106.0,52.0,7.0,88.0,97.0,877.0,OOR
Damon Stoudamire,PG,26.0,78.0,2372.0,386.0,894.0,0.432,80.0,212.0,0.377,306.0,682.0,0.449,0.477,122.0,145.0,0.841,61.0,182.0,243.0,405.0,77.0,1.0,149.0,173.0,974.0,OOR
Erick Strickland,SG,26.0,68.0,2025.0,316.0,730.0,0.433,73.0,186.0,0.392,243.0,544.0,0.447,0.483,162.0,195.0,0.831,69.0,254.0,323.0,211.0,105.0,13.0,102.0,190.0,867.0,OOR
Mark Strickland,SF,29.0,58.0,663.0,122.0,224.0,0.545,0.0,0.0,0.0,122.0,224.0,0.545,0.545,40.0,56.0,0.714,44.0,96.0,140.0,22.0,15.0,18.0,24.0,68.0,284.0,OOR
Rod Strickland,PG,33.0,69.0,2188.0,327.0,762.0,0.429,1.0,21.0,0.048,326.0,741.0,0.44,0.43,214.0,305.0,0.702,73.0,186.0,259.0,519.0,94.0,18.0,187.0,147.0,869.0,OOR
Derek Strong,PF,31.0,20.0,148.0,21.0,48.0,0.438,1.0,4.0,0.25,20.0,44.0,0.455,0.448,11.0,14.0,0.786,11.0,33.0,44.0,4.0,5.0,2.0,12.0,15.0,54.0,OOR
Bruno Šundov,C,19.0,14.0,61.0,12.0,31.0,0.387,0.0,0.0,0.0,12.0,31.0,0.387,0.387,2.0,2.0,1.0,5.0,7.0,12.0,2.0,2.0,2.0,4.0,16.0,26.0,OOR
Bob Sura,SG,26.0,73.0,2216.0,356.0,815.0,0.437,122.0,332.0,0.367,234.0,483.0,0.484,0.512,175.0,251.0,0.697,50.0,238.0,288.0,284.0,91.0,19.0,148.0,201.0,1009.0,OOR
Wally Szczerbiak,SF,22.0,73.0,2171.0,342.0,669.0,0.511,28.0,78.0,0.359,314.0,591.0,0.531,0.532,133.0,161.0,0.826,89.0,183.0,272.0,201.0,58.0,23.0,83.0,175.0,845.0,OOR
Žan Tabak,C,29.0,18.0,114.0,16.0,34.0,0.471,0.0,0.0,0.0,16.0,34.0,0.471,0.471,5.0,8.0,0.625,16.0,16.0,32.0,4.0,3.0,9.0,11.0,13.0,37.0,OOR
Johnny Taylor,SF,25.0,6.0,34.0,5.0,14.0,0.357,1.0,1.0,1.0,4.0,13.0,0.308,0.393,0.0,0.0,0.0,2.0,4.0,6.0,1.0,1.0,1.0,2.0,5.0,11.0,OOR
Maurice Taylor,PF,23.0,62.0,2227.0,458.0,988.0,0.464,1.0,8.0,0.125,457.0,980.0,0.466,0.464,143.0,201.0,0.711,96.0,304.0,400.0,101.0,51.0,48.0,169.0,217.0,1060.0,OOR
Jason Terry,PG,22.0,81.0,1888.0,249.0,600.0,0.415,46.0,157.0,0.293,203.0,443.0,0.458,0.453,113.0,140.0,0.807,24.0,142.0,166.0,346.0,90.0,10.0,156.0,133.0,657.0,OOR
Jamel Thomas,SF,26.0,7.0,46.0,8.0,18.0,0.444,0.0,3.0,0.0,8.0,15.0,0.533,0.444,1.0,1.0,1.0,1.0,4.0,5.0,6.0,1.0,0.0,5.0,2.0,17.0,OOR
John Thomas,C,24.0,55.0,477.0,49.0,107.0,0.458,0.0,1.0,0.0,49.0,106.0,0.462,0.458,16.0,41.0,0.39,37.0,38.0,75.0,9.0,12.0,14.0,14.0,106.0,114.0,OOR
Kenny Thomas,PF,22.0,72.0,1797.0,212.0,531.0,0.399,32.0,122.0,0.262,180.0,409.0,0.44,0.429,138.0,209.0,0.66,147.0,290.0,437.0,113.0,54.0,22.0,112.0,167.0,594.0,OOR
Kurt Thomas,PF,27.0,80.0,1971.0,270.0,535.0,0.505,1.0,3.0,0.333,269.0,532.0,0.506,0.506,100.0,128.0,0.781,144.0,361.0,505.0,82.0,51.0,42.0,105.0,278.0,641.0,OOR
Tim Thomas,SF,22.0,80.0,2093.0,347.0,753.0,0.461,63.0,182.0,0.346,284.0,571.0,0.497,0.503,188.0,243.0,0.774,100.0,232.0,332.0,113.0,59.0,31.0,129.0,227.0,945.0,OOR
Otis Thorpe,PF,37.0,51.0,777.0,125.0,243.0,0.514,0.0,3.0,0.0,125.0,240.0,0.521,0.514,29.0,48.0,0.604,56.0,110.0,166.0,33.0,26.0,9.0,59.0,136.0,279.0,OOR
Robert Traylor,PF,22.0,44.0,447.0,58.0,122.0,0.475,0.0,4.0,0.0,58.0,118.0,0.492,0.475,41.0,68.0,0.603,50.0,65.0,115.0,20.0,25.0,25.0,27.0,79.0,157.0,OOR
Gary Trent,SF,25.0,11.0,301.0,70.0,142.0,0.493,0.0,2.0,0.0,70.0,140.0,0.5,0.493,11.0,21.0,0.524,20.0,32.0,52.0,22.0,8.0,3.0,25.0,28.0,151.0,OOR
Mirsad Türkcan,PF,23.0,17.0,90.0,14.0,38.0,0.368,0.0,6.0,0.0,14.0,32.0,0.438,0.368,5.0,8.0,0.625,13.0,20.0,33.0,5.0,3.0,1.0,8.0,14.0,33.0,OOR
Wayne Turner,PG,23.0,3.0,41.0,1.0,6.0,0.167,0.0,0.0,0.0,1.0,6.0,0.167,0.167,2.0,6.0,0.333,1.0,2.0,3.0,5.0,0.0,0.0,3.0,4.0,4.0,OOR
Nick Van Exel,PG,28.0,79.0,2950.0,473.0,1213.0,0.39,133.0,401.0,0.332,340.0,812.0,0.419,0.445,196.0,240.0,0.817,34.0,277.0,311.0,714.0,68.0,11.0,221.0,148.0,1275.0,OOR
Keith Van Horn,PF,24.0,80.0,2782.0,559.0,1257.0,0.445,84.0,228.0,0.368,475.0,1029.0,0.462,0.478,333.0,393.0,0.847,200.0,476.0,676.0,158.0,64.0,60.0,245.0,258.0,1535.0,OOR
Jacque Vaughn,PG,24.0,78.0,884.0,109.0,262.0,0.416,14.0,34.0,0.412,95.0,228.0,0.417,0.443,57.0,76.0,0.75,11.0,54.0,65.0,121.0,32.0,0.0,77.0,92.0,289.0,OOR
Loy Vaught,PF,31.0,43.0,292.0,32.0,89.0,0.36,0.0,3.0,0.0,32.0,86.0,0.372,0.36,11.0,16.0,0.688,26.0,65.0,91.0,11.0,6.0,4.0,11.0,45.0,75.0,OOR
Fred Vinson,SG,29.0,8.0,40.0,5.0,17.0,0.294,2.0,7.0,0.286,3.0,10.0,0.3,0.353,1.0,2.0,0.5,0.0,1.0,1.0,0.0,3.0,0.0,4.0,2.0,13.0,OOR
Antoine Walker,PF,23.0,82.0,3003.0,648.0,1506.0,0.43,73.0,285.0,0.256,575.0,1221.0,0.471,0.455,311.0,445.0,0.699,199.0,453.0,652.0,305.0,117.0,32.0,259.0,263.0,1680.0,OOR
Samaki Walker,PF,23.0,71.0,980.0,137.0,305.0,0.449,0.0,0.0,0.0,137.0,305.0,0.449,0.449,86.0,126.0,0.683,77.0,195.0,272.0,38.0,10.0,35.0,64.0,108.0,360.0,OOR
Ben Wallace,PF,25.0,81.0,1959.0,168.0,334.0,0.503,0.0,0.0,0.0,168.0,334.0,0.503,0.503,54.0,114.0,0.474,211.0,454.0,665.0,67.0,72.0,130.0,67.0,162.0,390.0,OOR
John Wallace,SF,25.0,60.0,798.0,155.0,332.0,0.467,0.0,3.0,0.0,155.0,329.0,0.471,0.467,82.0,102.0,0.804,42.0,93.0,135.0,22.0,10.0,14.0,63.0,103.0,392.0,OOR
Rasheed Wallace,PF,25.0,81.0,2845.0,542.0,1045.0,0.519,8.0,50.0,0.16,534.0,995.0,0.537,0.522,233.0,331.0,0.704,129.0,437.0,566.0,142.0,87.0,107.0,157.0,216.0,1325.0,OOR
Rex Walters,PG,29.0,33.0,389.0,38.0,91.0,0.418,5.0,20.0,0.25,33.0,71.0,0.465,0.445,12.0,16.0,0.75,8.0,28.0,36.0,65.0,6.0,0.0,29.0,44.0,93.0,OOR
Charlie Ward,PG,29.0,72.0,1986.0,189.0,447.0,0.423,102.0,264.0,0.386,87.0,183.0,0.475,0.537,48.0,58.0,0.828,22.0,206.0,228.0,300.0,95.0,16.0,102.0,176.0,528.0,OOR
Clarence Weatherspoon,PF,29.0,78.0,1615.0,215.0,419.0,0.513,0.0,0.0,0.0,215.0,419.0,0.513,0.513,135.0,183.0,0.738,128.0,321.0,449.0,93.0,51.0,49.0,100.0,165.0,565.0,OOR
Chris Webber,PF,26.0,75.0,2880.0,748.0,1548.0,0.483,27.0,95.0,0.284,721.0,1453.0,0.496,0.492,311.0,414.0,0.751,189.0,598.0,787.0,345.0,120.0,128.0,218.0,264.0,1834.0,OOR
Bonzi Wells,SF,23.0,66.0,1162.0,236.0,480.0,0.492,20.0,53.0,0.377,216.0,427.0,0.506,0.513,88.0,129.0,0.682,78.0,104.0,182.0,97.0,69.0,12.0,97.0,153.0,580.0,OOR
Bill Wennington,C,36.0,7.0,57.0,6.0,19.0,0.316,0.0,0.0,0.0,6.0,19.0,0.316,0.316,2.0,2.0,1.0,5.0,14.0,19.0,1.0,2.0,2.0,1.0,13.0,14.0,OOR
David Wesley,PG,29.0,82.0,2760.0,407.0,955.0,0.426,88.0,248.0,0.355,319.0,707.0,0.451,0.472,214.0,275.0,0.778,39.0,186.0,225.0,463.0,109.0,11.0,159.0,186.0,1116.0,OOR
Doug West,SG,32.0,38.0,581.0,59.0,145.0,0.407,0.0,3.0,0.0,59.0,142.0,0.415,0.407,34.0,40.0,0.85,18.0,53.0,71.0,43.0,12.0,8.0,19.0,80.0,152.0,OOR
Mark West,C,39.0,22.0,127.0,5.0,12.0,0.417,0.0,0.0,0.0,5.0,12.0,0.417,0.417,5.0,8.0,0.625,6.0,25.0,31.0,2.0,2.0,4.0,6.0,23.0,15.0,OOR
Jahidi White,C,23.0,80.0,1537.0,228.0,450.0,0.507,0.0,0.0,0.0,228.0,450.0,0.507,0.507,113.0,211.0,0.536,202.0,351.0,553.0,15.0,31.0,83.0,94.0,234.0,569.0,OOR
Chris Whitney,PG,28.0,82.0,1627.0,217.0,521.0,0.417,96.0,255.0,0.376,121.0,266.0,0.455,0.509,112.0,132.0,0.848,20.0,114.0,134.0,313.0,55.0,5.0,107.0,166.0,642.0,OOR
Aaron Williams,PF,28.0,81.0,1545.0,235.0,450.0,0.522,0.0,3.0,0.0,235.0,447.0,0.526,0.522,146.0,201.0,0.726,159.0,250.0,409.0,58.0,41.0,92.0,80.0,234.0,616.0,OOR
Alvin Williams,PG,25.0,55.0,779.0,114.0,287.0,0.397,16.0,55.0,0.291,98.0,232.0,0.422,0.425,48.0,65.0,0.738,27.0,58.0,85.0,126.0,34.0,11.0,47.0,78.0,292.0,OOR
Eric Williams,SF,27.0,68.0,1378.0,165.0,386.0,0.427,25.0,72.0,0.347,140.0,314.0,0.446,0.46,134.0,169.0,0.793,55.0,101.0,156.0,93.0,44.0,16.0,66.0,165.0,489.0,OOR
Jason Williams,PG,24.0,81.0,2760.0,363.0,973.0,0.373,145.0,505.0,0.287,218.0,468.0,0.466,0.448,128.0,170.0,0.753,22.0,208.0,230.0,589.0,117.0,8.0,296.0,140.0,999.0,OOR
Jerome Williams,PF,26.0,82.0,2102.0,257.0,456.0,0.564,0.0,3.0,0.0,257.0,453.0,0.567,0.564,175.0,284.0,0.616,277.0,512.0,789.0,68.0,95.0,21.0,105.0,196.0,689.0,OOR
Lorenzo Williams,PF,30.0,8.0,76.0,7.0,9.0,0.778,0.0,0.0,0.0,7.0,9.0,0.778,0.778,0.0,0.0,0.0,12.0,13.0,25.0,1.0,3.0,6.0,3.0,13.0,14.0,OOR
Monty Williams,SF,28.0,75.0,1501.0,263.0,538.0,0.489,2.0,5.0,0.4,261.0,533.0,0.49,0.491,123.0,166.0,0.741,96.0,154.0,250.0,106.0,46.0,17.0,109.0,187.0,651.0,OOR
Scott Williams,C,31.0,68.0,1488.0,213.0,426.0,0.5,0.0,0.0,0.0,213.0,426.0,0.5,0.5,94.0,129.0,0.729,177.0,271.0,448.0,28.0,40.0,66.0,65.0,230.0,520.0,OOR
Shammond Williams,PG,24.0,43.0,517.0,84.0,225.0,0.373,24.0,81.0,0.296,60.0,144.0,0.417,0.427,33.0,51.0,0.647,12.0,40.0,52.0,78.0,18.0,0.0,40.0,39.0,225.0,OOR
Walt Williams,SF,29.0,76.0,1859.0,312.0,681.0,0.458,102.0,261.0,0.391,210.0,420.0,0.5,0.533,101.0,123.0,0.821,69.0,237.0,306.0,157.0,49.0,44.0,113.0,190.0,827.0,OOR
Corliss Williamson,SF,26.0,76.0,1707.0,311.0,622.0,0.5,0.0,0.0,0.0,311.0,622.0,0.5,0.5,163.0,212.0,0.769,122.0,168.0,290.0,82.0,38.0,19.0,110.0,192.0,785.0,OOR
Kevin Willis,PF,37.0,79.0,1679.0,236.0,569.0,0.415,1.0,3.0,0.333,235.0,566.0,0.415,0.416,131.0,164.0,0.799,201.0,281.0,482.0,49.0,36.0,48.0,98.0,256.0,604.0,OOR
Dedric Willoughby,PG,25.0,25.0,508.0,61.0,179.0,0.341,29.0,98.0,0.296,32.0,81.0,0.395,0.422,39.0,51.0,0.765,11.0,40.0,51.0,66.0,23.0,2.0,37.0,32.0,190.0,OOR
David Wingate,SG,36.0,7.0,32.0,1.0,9.0,0.111,0.0,0.0,0.0,1.0,9.0,0.111,0.111,0.0,0.0,0.0,1.0,1.0,2.0,3.0,1.0,2.0,2.0,7.0,2.0,OOR
Haywoode Workman,PG,34.0,36.0,350.0,31.0,90.0,0.344,14.0,43.0,0.326,17.0,47.0,0.362,0.422,10.0,15.0,0.667,1.0,25.0,26.0,61.0,20.0,0.0,18.0,37.0,86.0,OOR
Metta World Peace,SF,20.0,72.0,2238.0,309.0,759.0,0.407,60.0,191.0,0.314,249.0,568.0,0.438,0.447,188.0,279.0,0.674,62.0,246.0,308.0,202.0,119.0,39.0,166.0,159.0,866.0,OOR
Lorenzen Wright,C,24.0,75.0,1205.0,180.0,361.0,0.499,1.0,3.0,0.333,179.0,358.0,0.5,0.5,87.0,135.0,0.644,117.0,188.0,305.0,21.0,29.0,40.0,66.0,203.0,448.0,OOR
Tim Young,C,23.0,25.0,137.0,13.0,39.0,0.333,0.0,0.0,0.0,13.0,39.0,0.333,0.333,28.0,36.0,0.778,13.0,22.0,35.0,5.0,2.0,1.0,9.0,18.0,54.0,OOR
